"time","event","tumor_size","age","lymph_nodes","grade","er_pos","pr_pos","her2_pos","cohort"
140.5,0,22,75.65,10,3,1,0,0,"METABRIC"
84.63333333,0,10,43.19,0,3,1,1,0,"METABRIC"
163.7,1,15,48.87,1,2,1,1,0,"METABRIC"
164.9333333,0,25,47.68,3,2,1,1,0,"METABRIC"
41.36666667,1,40,76.97,8,3,1,1,0,"METABRIC"
7.8,1,31,78.77,0,3,1,1,0,"METABRIC"
164.3333333,0,10,56.45,1,2,1,1,0,"METABRIC"
99.53333333,1,29,89.08,1,2,1,0,0,"METABRIC"
36.56666667,1,16,86.41,1,3,1,0,0,"METABRIC"
36.26666667,1,28,84.22,0,2,1,0,0,"METABRIC"
132.0333333,1,22,85.49,0,2,1,1,0,"METABRIC"
163.5333333,0,21,70.91,0,1,1,1,0,"METABRIC"
164.9,0,19,45.27,3,3,0,1,0,"METABRIC"
14.13333333,1,36,83.02,24,3,1,1,1,"METABRIC"
103.8333333,0,25,51.46,1,2,1,1,1,"METABRIC"
75.33333333,0,33,44.64,3,2,1,1,0,"METABRIC"
161.0666667,0,23,70.02,0,2,1,0,0,"METABRIC"
160.3,0,36,66.91,0,3,1,1,0,"METABRIC"
62.86666667,0,29,62.62,0,2,1,1,0,"METABRIC"
140.8666667,0,23,45.43,0,3,1,1,0,"METABRIC"
153.9666667,0,17,52.14,0,3,0,0,0,"METABRIC"
108.9333333,0,18,69.13,0,2,1,1,0,"METABRIC"
157.4333333,0,16,61.49,1,2,1,1,0,"METABRIC"
103.1333333,0,12,51.01,1,1,1,1,0,"METABRIC"
28.5,1,40,50.42,4,3,0,0,0,"METABRIC"
69.5,0,24,49.61,0,2,1,1,0,"METABRIC"
86.06666667,1,13,64.85,0,2,1,1,0,"METABRIC"
153.2,0,14,43.55,1,3,1,1,0,"METABRIC"
49.76666667,1,55,80.5,1,2,1,1,0,"METABRIC"
98.7,0,30,78.19,3,3,1,1,0,"METABRIC"
8.066666667,1,39,68.68,0,3,0,0,0,"METABRIC"
148.0333333,0,34,46.89,0,2,1,1,0,"METABRIC"
140.7666667,1,40,51.38,16,2,1,1,0,"METABRIC"
85.33333333,0,70,49.87,5,1,1,1,0,"METABRIC"
158.0333333,0,18,65.59,0,3,1,1,0,"METABRIC"
42.7,1,18,43.15,0,3,1,0,0,"METABRIC"
112.4,1,45,82.53,0,3,1,1,0,"METABRIC"
127.1,0,27,54.23,0,1,1,1,0,"METABRIC"
39.16666667,1,150,83.89,14,3,1,0,0,"METABRIC"
43.16666667,0,17,36.96,3,3,0,0,1,"METABRIC"
13.4,0,30,48.59,0,2,1,1,0,"METABRIC"
66.73333333,1,25,39.84,0,3,0,0,0,"METABRIC"
122.2666667,0,60,42.55,1,2,1,1,0,"METABRIC"
2.4,0,23,60.07,1,2,1,0,0,"METABRIC"
95.86666667,1,23,82.73,1,2,1,0,0,"METABRIC"
29.06666667,1,26,72.1,1,3,1,0,1,"METABRIC"
152.2,0,30,78.73,6,2,1,0,0,"METABRIC"
138.9,0,20,58.95,1,1,1,1,0,"METABRIC"
114.2333333,1,25,76.89,0,3,1,1,0,"METABRIC"
118.2,0,50,43.46,2,2,1,1,0,"METABRIC"
1.266666667,0,9,73.98,0,1,1,1,0,"METABRIC"
127.6333333,0,35,61.95,0,2,1,1,0,"METABRIC"
132.0666667,0,13,52.11,1,2,0,0,0,"METABRIC"
137.8,0,14,57.4,0,2,1,1,0,"METABRIC"
38.56666667,1,24,63.53,4,3,0,0,1,"METABRIC"
153.5666667,0,17,56.75,0,1,1,0,1,"METABRIC"
66.63333333,1,39,69.16,0,3,1,0,0,"METABRIC"
151,0,80,58.89,1,1,1,0,0,"METABRIC"
12.93333333,1,22,73.11,3,3,1,0,0,"METABRIC"
116.6333333,0,35,74.09,1,3,1,1,0,"METABRIC"
88.2,0,13,72.3,0,2,1,1,0,"METABRIC"
150.5666667,0,18,51.33,0,2,1,1,0,"METABRIC"
109.2,0,30,47.62,1,2,1,1,0,"METABRIC"
147.9333333,0,27,74.07,1,2,1,0,0,"METABRIC"
12.4,0,16,57.99,0,2,1,1,0,"METABRIC"
54.33333333,1,22,85.39,2,3,1,0,0,"METABRIC"
152.0666667,1,26,79.73,6,3,1,1,0,"METABRIC"
147.6666667,0,20,62.4,0,2,1,1,0,"METABRIC"
122.1666667,1,22,81,2,3,1,0,0,"METABRIC"
51.76666667,1,38,79.28,9,2,1,1,0,"METABRIC"
1.766666667,0,19,53.16,0,3,0,0,1,"METABRIC"
51.7,1,39,77.13,0,3,0,0,0,"METABRIC"
111.2,0,20,70.22,0,2,1,0,0,"METABRIC"
49.23333333,1,50,67.7,6,3,1,1,0,"METABRIC"
63.03333333,0,12,63.77,0,3,0,0,1,"METABRIC"
114.7666667,0,12,62.46,0,2,1,0,0,"METABRIC"
59.8,0,9,62.72,0,1,1,0,0,"METABRIC"
114.7666667,0,30,71.5,0,3,0,0,0,"METABRIC"
55.76666667,0,14,57.56,1,2,1,1,0,"METABRIC"
98.1,1,27,84.73,1,3,0,0,0,"METABRIC"
10.83333333,0,16,37.87,0,3,0,0,0,"METABRIC"
47.63333333,1,52,53.75,22,3,1,0,1,"METABRIC"
104.4,0,24,44.98,3,3,1,1,0,"METABRIC"
43.1,1,38,76.4,2,3,1,1,0,"METABRIC"
122.7666667,0,17,60.26,0,3,1,0,0,"METABRIC"
93.36666667,1,26,83.35,1,1,1,0,0,"METABRIC"
5.433333333,0,27,64.57,0,3,1,0,0,"METABRIC"
138.1,0,20,48.11,1,2,1,1,0,"METABRIC"
3.766666667,0,44,83.99,4,3,1,1,0,"METABRIC"
78.76666667,0,24,59.18,0,3,0,0,0,"METABRIC"
72.36666667,0,20,69.51,0,1,1,0,0,"METABRIC"
113.4333333,0,36,38.78,7,3,1,1,0,"METABRIC"
45.6,1,44,85.94,2,2,1,1,0,"METABRIC"
104.4666667,1,21,74.63,0,3,1,1,0,"METABRIC"
17.93333333,1,34,56.39,7,3,0,0,0,"METABRIC"
62.33333333,0,18,51.69,0,2,1,1,0,"METABRIC"
85.96666667,0,21,68.45,1,2,1,1,0,"METABRIC"
109.0333333,0,25,68.41,0,2,1,1,0,"METABRIC"
31.3,1,45,82.65,2,2,0,0,0,"METABRIC"
9.066666667,1,48,57.79,6,3,1,0,0,"METABRIC"
15.3,1,25,81.02,0,3,0,0,0,"METABRIC"
144.6333333,0,13,62.55,0,1,1,0,0,"METABRIC"
19,0,19,51.54,7,3,1,1,0,"METABRIC"
91.6,0,21,56.45,6,2,1,1,0,"METABRIC"
146,0,28,75.18,21,3,1,0,0,"METABRIC"
70.73333333,0,24,50.48,2,3,1,1,0,"METABRIC"
144.7666667,0,18,43.37,4,3,1,1,0,"METABRIC"
144.4,0,19,57.56,1,3,1,1,0,"METABRIC"
130.8666667,1,38,69.86,0,3,0,0,0,"METABRIC"
125.7,0,20,49.5,0,3,0,0,1,"METABRIC"
128.3666667,0,30,46,1,3,1,1,0,"METABRIC"
58.76666667,1,25,86.24,1,3,1,1,0,"METABRIC"
24.3,1,10,79.38,0,1,1,0,0,"METABRIC"
144.4666667,0,26,53.56,0,2,1,0,0,"METABRIC"
141.1666667,0,35,55.02,2,3,0,0,0,"METABRIC"
173.6333333,0,28,48.13,2,2,1,1,0,"METABRIC"
82.36666667,0,3,67.17,0,2,1,0,0,"METABRIC"
44.8,1,40,42.95,13,3,0,0,0,"METABRIC"
146.9,0,27,41.41,0,3,0,0,0,"METABRIC"
122.2,0,40,75.63,0,2,1,1,0,"METABRIC"
131.0666667,0,20,43.39,2,3,1,1,0,"METABRIC"
39.83333333,1,20,37.24,6,3,0,0,0,"METABRIC"
20.2,1,20,77.72,7,3,0,0,0,"METABRIC"
81.33333333,1,20,50.45,12,3,1,0,0,"METABRIC"
176.7666667,0,25,44.01,0,3,1,1,0,"METABRIC"
212.2,0,19,59.15,0,2,1,0,1,"METABRIC"
57.63333333,0,20,58.21,1,1,1,1,0,"METABRIC"
111.8666667,0,24,52.95,0,2,1,1,0,"METABRIC"
10.83333333,1,17,63.35,1,1,1,1,0,"METABRIC"
71.5,0,19,45.5,0,2,1,1,0,"METABRIC"
207.6333333,0,14,44.73,0,2,1,1,0,"METABRIC"
72.43333333,1,17,77.77,0,2,1,1,0,"METABRIC"
142.5666667,1,20,52.55,1,2,1,1,0,"METABRIC"
205.0333333,0,27,43.63,0,3,1,1,1,"METABRIC"
193.1666667,0,35,52.19,4,3,0,0,0,"METABRIC"
85.56666667,1,46,77.85,0,1,1,1,0,"METABRIC"
73.13333333,1,29,55.09,0,3,1,0,0,"METABRIC"
199.1,0,18,51.25,0,2,1,1,0,"METABRIC"
149.7666667,0,22,53.72,1,2,1,1,0,"METABRIC"
149.7333333,0,11,67.83,0,1,1,1,0,"METABRIC"
185.6,0,15,66.75,1,2,1,1,0,"METABRIC"
71,0,21,45.76,0,3,1,1,0,"METABRIC"
188.3333333,0,11,53.45,0,3,0,0,0,"METABRIC"
152.3,0,12,69.19,0,2,1,1,0,"METABRIC"
200.7,0,17,53.1,0,1,1,1,0,"METABRIC"
91.73333333,1,25,57.61,0,2,1,0,0,"METABRIC"
86.13333333,0,11,62.7,0,3,1,1,0,"METABRIC"
90.23333333,1,26,63.93,6,1,1,1,0,"METABRIC"
182.2666667,1,26,55.44,0,3,1,0,0,"METABRIC"
43.1,1,31,83.93,1,3,1,0,0,"METABRIC"
189.1333333,0,21,46.44,1,2,0,0,0,"METABRIC"
28.5,1,19,66.54,0,3,1,1,0,"METABRIC"
22.23333333,0,26,45.39,2,3,0,0,0,"METABRIC"
337.0333333,0,14,29.98,0,3,1,1,0,"METABRIC"
122,1,28,55.36,8,3,1,0,0,"METABRIC"
186.5333333,0,25,68.66,3,2,1,0,0,"METABRIC"
186.1,0,9,61.94,0,1,1,0,0,"METABRIC"
5.833333333,1,53,34.3,3,3,0,0,0,"METABRIC"
192.2666667,1,21,69.52,0,1,1,1,0,"METABRIC"
172.9,1,21,47.64,0,2,1,1,0,"METABRIC"
194.2333333,0,18,51.81,8,3,1,1,0,"METABRIC"
3.366666667,0,28,48.07,14,2,1,1,0,"METABRIC"
192.6,0,23,62.92,0,3,1,0,0,"METABRIC"
94.73333333,1,19,77.54,1,2,1,0,0,"METABRIC"
63.8,1,30,55.22,25,2,1,0,1,"METABRIC"
71.6,1,20,75.91,0,3,0,0,0,"METABRIC"
199.5333333,0,25,49.92,0,1,1,1,0,"METABRIC"
39.2,1,26,51.19,1,3,1,1,1,"METABRIC"
49.43333333,1,55,80.34,1,3,0,0,0,"METABRIC"
64.36666667,0,13,51.62,0,1,1,0,0,"METABRIC"
72.9,0,14,46.17,0,2,0,0,0,"METABRIC"
164.5,0,9,47.13,1,1,1,1,0,"METABRIC"
122.7,1,23,82.46,2,3,1,1,0,"METABRIC"
84.2,1,29,81.53,5,3,1,0,0,"METABRIC"
60.13333333,0,11,47.71,0,3,0,0,0,"METABRIC"
111.5333333,1,14,84.85,1,3,1,1,0,"METABRIC"
63.5,1,35,60.62,6,3,1,1,0,"METABRIC"
42.96666667,1,35,82.53,2,3,1,1,0,"METABRIC"
177.3333333,0,10,41.63,6,3,1,0,1,"METABRIC"
183.2666667,0,19,51.21,0,1,1,0,0,"METABRIC"
42.33333333,1,21,89.43,1,1,1,1,0,"METABRIC"
185.1666667,0,16,67.38,1,2,1,1,0,"METABRIC"
151.1666667,1,47,77.94,0,1,1,0,0,"METABRIC"
169.6,1,33,70.49,0,2,1,1,0,"METABRIC"
184.7666667,0,23,55.52,1,3,1,1,0,"METABRIC"
4.433333333,1,50,73.48,5,3,0,0,1,"METABRIC"
186.2,0,50,56.32,3,2,1,0,0,"METABRIC"
182.9,0,30,50.82,0,3,0,0,0,"METABRIC"
151.6666667,1,39,76.68,0,3,1,1,0,"METABRIC"
40.7,1,32,92.14,10,2,1,0,0,"METABRIC"
63.73333333,0,17,50.98,0,1,1,1,0,"METABRIC"
174.6333333,0,30,46.86,2,3,1,1,0,"METABRIC"
50.53333333,1,25,86.28,2,2,1,0,0,"METABRIC"
144.9666667,1,32,47.64,6,3,1,1,0,"METABRIC"
177.5333333,0,45,79.34,0,3,1,1,0,"METABRIC"
125.6,1,34,69.62,2,3,1,1,0,"METABRIC"
170.6333333,1,22,74.76,1,3,1,1,0,"METABRIC"
26.73333333,1,24,90.43,0,2,1,1,0,"METABRIC"
164.7333333,0,16,79.97,3,3,0,0,0,"METABRIC"
173.9,1,26,67.01,3,2,1,1,0,"METABRIC"
125.3333333,1,29,54.96,0,2,1,1,0,"METABRIC"
91.13333333,1,30,70.51,3,2,1,1,0,"METABRIC"
152.9333333,0,29,59.75,2,2,1,1,0,"METABRIC"
72.66666667,0,28,37.3,1,2,1,1,0,"METABRIC"
20.43333333,1,16,32.61,5,3,0,0,1,"METABRIC"
122.7,1,22,81.88,0,1,1,1,0,"METABRIC"
146.0333333,1,30,72.26,1,3,1,0,0,"METABRIC"
46.06666667,1,80,49.05,0,3,0,0,0,"METABRIC"
55.2,1,13,61.32,0,3,0,0,0,"METABRIC"
41.83333333,1,40,86.26,6,2,1,0,0,"METABRIC"
11.6,1,17,73.01,3,3,0,0,0,"METABRIC"
213.5,0,16,58.16,0,2,1,1,0,"METABRIC"
32.86666667,0,26,57.87,2,3,1,1,0,"METABRIC"
21.6,0,22,44.21,0,2,1,1,0,"METABRIC"
132.5666667,1,50,83.58,2,1,1,1,0,"METABRIC"
15.06666667,1,24,40.5,41,3,0,0,1,"METABRIC"
47.03333333,1,18,52.79,1,2,1,1,0,"METABRIC"
89.9,1,67,73.24,7,2,1,0,0,"METABRIC"
176.6,0,50,48.67,6,2,1,0,0,"METABRIC"
87.23333333,1,15,76.84,0,2,1,0,1,"METABRIC"
64.23333333,0,22,51.74,0,2,1,1,0,"METABRIC"
142.4333333,0,9,70.98,0,2,1,0,0,"METABRIC"
61.9,1,31,74.79,10,3,1,1,0,"METABRIC"
144.3333333,0,27,65.47,7,3,1,0,0,"METABRIC"
93.5,1,47,64.01,16,3,1,0,0,"METABRIC"
131.1333333,0,22,78.41,6,3,1,0,1,"METABRIC"
62.76666667,1,18,39.86,0,3,0,0,0,"METABRIC"
27,1,24,63.31,2,3,1,1,1,"METABRIC"
1.433333333,0,25,34.68,15,3,1,0,0,"METABRIC"
143.1666667,0,23,72.69,1,3,1,1,0,"METABRIC"
134.3666667,0,12,63.25,0,2,1,1,0,"METABRIC"
97.3,1,28,57.15,2,3,0,0,1,"METABRIC"
135.6666667,0,29,48.22,1,2,1,0,0,"METABRIC"
69.33333333,1,25,83.9,1,3,1,1,0,"METABRIC"
130.2,0,21,33.65,0,3,1,0,1,"METABRIC"
136.4666667,0,22,59.05,2,2,1,0,0,"METABRIC"
85.73333333,1,19,65.02,0,3,1,0,0,"METABRIC"
61.1,1,43,74.58,13,3,1,1,0,"METABRIC"
36.43333333,1,31,66.58,11,3,1,0,0,"METABRIC"
138.1333333,0,15,66.83,8,3,1,1,0,"METABRIC"
97.56666667,0,28,46.63,3,3,1,0,1,"METABRIC"
96.96666667,0,50,46.87,19,3,1,1,1,"METABRIC"
142.4666667,0,50,61.23,15,3,0,0,1,"METABRIC"
38.13333333,1,30,56.28,2,3,1,1,0,"METABRIC"
20.83333333,1,53,68.74,16,3,1,1,0,"METABRIC"
64.23333333,0,20,56.48,0,2,1,1,0,"METABRIC"
29,1,50,80.38,2,3,0,0,1,"METABRIC"
60.66666667,0,27,56.45,0,3,0,0,0,"METABRIC"
57.23333333,0,11,58.56,0,1,1,1,0,"METABRIC"
43.2,1,42,56.41,19,3,1,0,0,"METABRIC"
137.1,1,45,68.47,11,3,0,0,0,"METABRIC"
22.46666667,1,16,55.28,0,3,0,0,0,"METABRIC"
26.26666667,1,20,48.58,0,3,0,0,0,"METABRIC"
99.73333333,0,11,73.06,0,1,1,1,0,"METABRIC"
63.5,0,15,60.71,1,3,1,1,0,"METABRIC"
96.9,1,180,69.32,17,3,1,0,0,"METABRIC"
63,0,20,57.41,0,2,1,1,0,"METABRIC"
139.1666667,0,18,54.6,1,2,1,0,0,"METABRIC"
136.1666667,0,19,54.06,1,3,1,0,0,"METABRIC"
140.0666667,0,47,56.58,5,3,1,1,0,"METABRIC"
76.63333333,0,21,72.16,0,3,0,0,0,"METABRIC"
6.266666667,1,40,54.22,1,2,1,1,0,"METABRIC"
102.0666667,0,31,58.72,1,3,1,0,0,"METABRIC"
104.3,1,21,77.92,3,2,1,1,0,"METABRIC"
76.73333333,0,16,34.92,0,3,0,0,0,"METABRIC"
93,1,24,73.53,0,3,1,1,1,"METABRIC"
33.8,1,16,66.72,7,2,1,1,0,"METABRIC"
9.833333333,1,60,44.02,22,3,0,0,0,"METABRIC"
24.4,1,22,83.17,6,2,1,1,0,"METABRIC"
131.1,0,42,50.48,2,2,1,1,0,"METABRIC"
116.1,0,21,81.89,15,2,1,0,0,"METABRIC"
55.93333333,0,20,85.21,4,3,1,0,0,"METABRIC"
74.46666667,1,40,78.86,4,3,1,1,0,"METABRIC"
85.13333333,0,57,63.61,2,2,1,0,0,"METABRIC"
45.5,1,20,69.79,2,3,1,0,1,"METABRIC"
75.5,1,13,88.29,0,3,0,0,0,"METABRIC"
90.56666667,0,15,82.17,3,2,1,1,0,"METABRIC"
135.1666667,0,25,57.41,1,3,0,0,1,"METABRIC"
112.1333333,0,15,50.32,0,2,1,1,0,"METABRIC"
100.8333333,0,26,56.73,1,3,1,0,0,"METABRIC"
103.4666667,1,17,71.58,1,2,1,0,0,"METABRIC"
45.03333333,0,26,61.67,0,2,1,1,0,"METABRIC"
55.46666667,1,33,49.87,18,2,1,1,0,"METABRIC"
132.5333333,0,23,40.07,1,2,1,1,0,"METABRIC"
72.26666667,0,24,56.96,0,3,0,0,0,"METABRIC"
112.5666667,0,35,54.38,2,1,1,1,0,"METABRIC"
50.06666667,0,16,63.2,0,1,1,0,0,"METABRIC"
62.8,0,23,54.43,0,3,1,0,0,"METABRIC"
43.13333333,1,100,61.11,6,3,0,0,0,"METABRIC"
46.83333333,1,20,90.02,0,2,1,1,0,"METABRIC"
99.33333333,0,18,56.84,0,2,1,1,0,"METABRIC"
134.5,0,50,49.28,2,2,1,1,0,"METABRIC"
35.6,1,34,85.09,2,3,1,0,0,"METABRIC"
114,1,22,81.44,0,2,1,1,0,"METABRIC"
132.7666667,0,16,60.5,0,3,0,0,1,"METABRIC"
120.5666667,1,21,60.48,0,2,1,1,0,"METABRIC"
39.3,1,13,58.98,17,3,0,0,0,"METABRIC"
28.6,1,26,87.18,2,3,1,0,1,"METABRIC"
43.86666667,0,70,33.97,4,2,1,0,0,"METABRIC"
105.6,1,13,58.35,0,3,0,0,1,"METABRIC"
129.6,1,26,60.95,4,3,1,0,0,"METABRIC"
131.2666667,0,39,67.94,3,3,1,1,0,"METABRIC"
88.23333333,0,15,61.78,0,1,0,0,0,"METABRIC"
107.4666667,0,17,76.49,0,2,1,1,0,"METABRIC"
111.1,1,80,54.29,3,3,1,1,0,"METABRIC"
130.7,0,20,54.15,0,3,1,1,0,"METABRIC"
130.4333333,0,25,54.62,0,3,1,0,0,"METABRIC"
132.3,0,23,74.02,3,2,1,1,0,"METABRIC"
132.7666667,0,22,33.83,0,3,0,0,1,"METABRIC"
94.56666667,0,13,51.86,0,3,1,0,0,"METABRIC"
36.4,1,19,54.22,0,3,0,0,0,"METABRIC"
24.86666667,1,16,39.53,1,3,0,0,1,"METABRIC"
74.46666667,1,21,49.61,2,3,1,1,0,"METABRIC"
82.63333333,0,22,38.72,3,3,1,1,1,"METABRIC"
36.76666667,1,50,60.78,7,3,1,0,0,"METABRIC"
89.96666667,0,32,57.57,0,3,1,1,0,"METABRIC"
86.9,0,15,57.36,0,2,1,1,0,"METABRIC"
112.9333333,0,25,50.64,0,1,1,1,0,"METABRIC"
90.56666667,0,10,41.46,0,3,0,0,0,"METABRIC"
101.9666667,0,30,81.9,10,2,1,1,0,"METABRIC"
125.8,0,30,43.4,0,2,1,1,0,"METABRIC"
81.13333333,1,28,85.21,0,3,1,1,0,"METABRIC"
36.63333333,1,40,77.22,21,3,0,0,0,"METABRIC"
71.8,1,19,63.19,7,3,0,0,0,"METABRIC"
130.9,0,26,60,4,1,1,1,0,"METABRIC"
73.7,0,29,57.27,0,2,1,1,0,"METABRIC"
67.46666667,0,22,36.56,0,3,0,0,0,"METABRIC"
71.5,0,21,48.93,0,3,1,1,0,"METABRIC"
82.1,0,30,56.41,5,3,0,0,0,"METABRIC"
101.2333333,0,23,60.77,0,2,1,1,0,"METABRIC"
130.4666667,0,21,68.16,0,3,1,1,0,"METABRIC"
60.7,0,12,56.38,1,1,1,1,0,"METABRIC"
45.8,1,21,60.74,1,3,0,1,0,"METABRIC"
23.8,0,18,58.71,0,3,1,1,0,"METABRIC"
114.3333333,0,11,42.68,0,2,1,0,0,"METABRIC"
115.3,0,11,41.48,0,3,1,1,0,"METABRIC"
128.4,0,60,71.84,1,3,1,1,0,"METABRIC"
61.7,0,31,59.84,0,2,1,1,0,"METABRIC"
121.5333333,0,24,56.74,0,1,1,1,0,"METABRIC"
117.0333333,0,32,73.39,1,2,1,1,0,"METABRIC"
13.4,0,20,42.89,1,2,1,1,0,"METABRIC"
114.4666667,0,15,62.81,0,3,0,0,0,"METABRIC"
61.9,0,17,47.92,0,2,1,1,0,"METABRIC"
110.9666667,0,65,61.99,23,3,1,0,0,"METABRIC"
212.2,0,30,52.2,3,2,1,1,0,"METABRIC"
80.83333333,0,10,40.65,0,3,1,0,0,"METABRIC"
65.86666667,0,25,48.47,0,3,0,0,0,"METABRIC"
139.6333333,1,15,72.18,0,3,1,1,0,"METABRIC"
109.8333333,1,19,73.22,2,2,1,1,0,"METABRIC"
193.9666667,0,26,53.64,1,3,1,0,0,"METABRIC"
48.53333333,1,25,67.46,7,2,1,1,0,"METABRIC"
163.8666667,0,16,60.12,0,3,1,1,0,"METABRIC"
143.1333333,1,35,59.07,3,3,1,1,0,"METABRIC"
124.1,0,17,51.56,2,3,1,1,0,"METABRIC"
199.1333333,0,12,46.66,0,2,1,1,0,"METABRIC"
147.3666667,1,20,67.88,0,3,1,0,0,"METABRIC"
113.5666667,0,14,59.8,1,1,1,0,0,"METABRIC"
24.1,1,37,61.89,26,3,1,1,0,"METABRIC"
194.5333333,0,12,66.11,0,1,0,0,0,"METABRIC"
174.2666667,0,19,38.86,0,3,1,0,0,"METABRIC"
48.6,1,23,39.3,5,3,1,1,0,"METABRIC"
79.33333333,1,52,74.46,1,3,1,1,0,"METABRIC"
41.16666667,1,26,83.92,6,3,1,0,0,"METABRIC"
132.3333333,1,15,60.12,1,2,1,0,0,"METABRIC"
51.96666667,1,32,76.32,0,2,1,1,0,"METABRIC"
68.06666667,1,29,61.53,8,3,1,0,1,"METABRIC"
85.73333333,1,20,86.99,14,2,1,0,1,"METABRIC"
97.83333333,1,28,69.88,0,3,0,0,0,"METABRIC"
161.7666667,0,25,47.71,0,3,1,1,0,"METABRIC"
181.4666667,0,17,61.28,1,2,1,1,0,"METABRIC"
59.5,1,23,74.96,14,3,1,1,0,"METABRIC"
272.2,0,20,68.99,0,3,1,1,0,"METABRIC"
149.8666667,0,20,61.79,0,1,1,1,0,"METABRIC"
163.2,1,65,76.22,0,2,1,1,0,"METABRIC"
119.8,0,21,71.21,1,3,1,1,0,"METABRIC"
128.5666667,0,55,48.1,4,2,1,1,0,"METABRIC"
31,1,21,68.47,5,3,1,1,0,"METABRIC"
65.4,0,10,51.42,0,2,1,0,0,"METABRIC"
110.1,0,42,59.64,6,2,1,1,0,"METABRIC"
92.76666667,1,29,70.53,1,2,1,0,0,"METABRIC"
79.36666667,1,40,33.8,2,3,1,1,0,"METABRIC"
7.866666667,1,26,96.29,14,3,0,0,0,"METABRIC"
15.53333333,1,30,84.76,0,3,0,0,0,"METABRIC"
62.63333333,0,22,75.67,0,2,1,1,0,"METABRIC"
118.2,0,20,41.31,0,3,1,1,0,"METABRIC"
115.7,1,28,76.72,1,3,1,0,0,"METABRIC"
77.23333333,1,65,77.99,1,2,1,0,0,"METABRIC"
91.26666667,0,24,50.41,1,2,1,1,0,"METABRIC"
119.7333333,0,22,76.35,0,2,0,0,0,"METABRIC"
125.8,0,35,59.96,25,2,1,0,1,"METABRIC"
72.46666667,1,30,60.27,15,3,1,1,0,"METABRIC"
119.4666667,1,17,84,0,3,1,0,0,"METABRIC"
34.66666667,1,90,62.34,13,2,0,0,1,"METABRIC"
44.23333333,0,45,77.96,1,3,1,0,0,"METABRIC"
107.1,1,16,77.48,0,2,1,1,0,"METABRIC"
113.2,1,17,64.55,2,2,1,1,0,"METABRIC"
89.36666667,1,24,77.48,9,2,1,1,0,"METABRIC"
123.2666667,0,24,46.85,1,2,1,0,0,"METABRIC"
111,0,27,70.5,9,3,1,0,0,"METABRIC"
29.66666667,1,25,32.99,8,3,1,0,0,"METABRIC"
121.9666667,0,21,79.52,1,2,1,1,0,"METABRIC"
114.6,0,18,58.08,0,2,1,1,0,"METABRIC"
27.46666667,1,18,83.19,0,2,1,0,0,"METABRIC"
87.83333333,0,30,53.1,2,3,1,1,0,"METABRIC"
63.96666667,1,25,76.81,5,3,0,0,0,"METABRIC"
98.7,1,14,51.15,2,2,1,0,0,"METABRIC"
76.7,0,18,71.3,2,2,1,0,0,"METABRIC"
104.5333333,0,24,75.65,0,3,1,1,0,"METABRIC"
48.8,0,60,60.2,0,2,0,0,0,"METABRIC"
119.3333333,0,19,48.99,1,3,1,1,0,"METABRIC"
34.76666667,0,3,38.75,3,2,0,0,1,"METABRIC"
29.03333333,1,38,75.98,3,3,1,0,0,"METABRIC"
92.96666667,1,40,72.14,0,1,0,0,0,"METABRIC"
101.9,0,17,63.86,0,2,1,1,0,"METABRIC"
94.23333333,0,25,38.9,1,3,1,0,0,"METABRIC"
112.8,0,14,62.97,1,3,1,0,0,"METABRIC"
33.56666667,0,30,70.04,1,2,1,1,0,"METABRIC"
111.0666667,0,12,66.52,0,2,1,1,0,"METABRIC"
64.03333333,0,16,64.28,1,2,1,0,0,"METABRIC"
35.53333333,1,20,61.11,0,3,1,0,0,"METABRIC"
0.766666667,0,20,54.1,0,3,0,0,0,"METABRIC"
105.9666667,0,10,63.98,0,2,1,0,0,"METABRIC"
86.8,0,20,38.35,0,3,1,1,1,"METABRIC"
47.43333333,1,25,84.41,1,2,1,1,0,"METABRIC"
56.5,0,20,51.92,0,2,1,0,0,"METABRIC"
17.76666667,0,5,55.99,0,2,0,0,0,"METABRIC"
32.63333333,1,12,26.36,0,3,1,1,0,"METABRIC"
80.66666667,0,31,75.71,0,3,1,1,0,"METABRIC"
103.7666667,1,32,66.95,1,2,1,0,0,"METABRIC"
75.4,0,18,50.39,0,3,0,0,0,"METABRIC"
61.33333333,0,13,66.09,0,2,1,1,0,"METABRIC"
102.5666667,0,14,56.34,1,2,1,0,0,"METABRIC"
84.2,1,20,79.12,0,1,1,1,0,"METABRIC"
19.73333333,1,60,73.46,12,3,0,0,1,"METABRIC"
93.3,0,30,71.06,5,2,1,1,0,"METABRIC"
15.16666667,1,33,67.06,6,2,1,0,0,"METABRIC"
61.43333333,0,8,60.62,4,1,1,1,0,"METABRIC"
25.53333333,0,21,79.48,2,2,1,0,0,"METABRIC"
96.63333333,1,21,85.12,1,3,1,1,1,"METABRIC"
24.8,1,28,69.95,2,3,0,0,0,"METABRIC"
69.4,0,24,82.5,0,1,1,1,0,"METABRIC"
19.03333333,1,100,35.9,0,3,0,0,1,"METABRIC"
30.43333333,0,100,58.65,0,2,1,0,0,"METABRIC"
97.26666667,0,25,60.89,2,3,0,0,0,"METABRIC"
23.33333333,1,45,82.87,0,2,0,0,0,"METABRIC"
18.93333333,1,160,52.43,22,3,0,0,0,"METABRIC"
20,1,8,78.78,0,2,1,1,0,"METABRIC"
69.8,1,14,50.94,0,3,1,1,1,"METABRIC"
55.36666667,0,16,57.76,0,3,0,0,1,"METABRIC"
11.06666667,1,84,78.27,10,3,0,0,0,"METABRIC"
24.33333333,1,25,61.31,9,3,1,1,0,"METABRIC"
112.4,1,29,58.83,0,3,0,0,0,"METABRIC"
152.0666667,1,14,82.34,1,2,1,1,0,"METABRIC"
16.6,1,39,59.22,0,3,0,0,0,"METABRIC"
14.43333333,1,35,79.41,4,3,1,1,0,"METABRIC"
1.233333333,0,30,73.64,0,1,1,1,0,"METABRIC"
42.36666667,1,47,73.39,0,3,1,1,0,"METABRIC"
93.66666667,1,23,56.47,15,3,1,0,0,"METABRIC"
149.4,0,37,83.68,2,1,1,0,0,"METABRIC"
175.6333333,0,28,57.41,3,3,0,0,0,"METABRIC"
43.1,1,19,79.61,1,3,1,1,1,"METABRIC"
30.96666667,1,46,41.32,1,2,1,1,0,"METABRIC"
175.8,0,25,50.62,3,2,1,1,0,"METABRIC"
136.1666667,0,33,68.19,3,3,0,0,0,"METABRIC"
144.7,1,22,83.01,1,2,1,1,0,"METABRIC"
63.86666667,1,28,70.6,0,3,0,0,0,"METABRIC"
59.7,1,20,57.96,0,2,0,0,1,"METABRIC"
268.4333333,1,15,60.29,0,3,0,0,1,"METABRIC"
47.9,1,15,54.11,0,1,1,0,0,"METABRIC"
220.9,1,20,62.59,1,2,0,0,0,"METABRIC"
285.4333333,0,10,52.98,0,1,1,1,0,"METABRIC"
280.7,0,25,58.99,1,1,1,1,0,"METABRIC"
163.4,0,20,59.63,0,3,1,1,0,"METABRIC"
64.93333333,1,15,43.72,10,1,1,1,0,"METABRIC"
219.1666667,1,18,65.07,0,2,1,1,0,"METABRIC"
89.1,1,18,63.3,0,3,1,0,0,"METABRIC"
89.1,1,16,66.22,0,2,1,1,0,"METABRIC"
128.5333333,0,14,53.53,2,1,1,1,0,"METABRIC"
193.7,0,16,62.54,0,3,1,1,1,"METABRIC"
279.1,0,15,61.22,1,3,1,0,0,"METABRIC"
19.1,1,15,36.52,3,3,0,0,1,"METABRIC"
274.0333333,0,10,70.69,0,3,1,1,0,"METABRIC"
45.16666667,1,35,30.67,3,3,1,1,0,"METABRIC"
52.96666667,1,3,34.2,0,2,0,0,0,"METABRIC"
44.76666667,1,27,69.45,6,3,1,0,0,"METABRIC"
73.7,1,24,62.56,0,2,1,0,0,"METABRIC"
177.2666667,0,17,68.76,1,3,1,0,0,"METABRIC"
163.7333333,0,15,61.78,0,2,1,0,0,"METABRIC"
133.2333333,1,15,66.36,0,2,1,1,0,"METABRIC"
201.4666667,0,15,48.07,0,2,1,1,0,"METABRIC"
234.4333333,1,11,54.59,1,1,1,1,0,"METABRIC"
278.2666667,0,20,47.94,1,2,0,0,0,"METABRIC"
251.6333333,0,9,44.82,0,1,1,1,0,"METABRIC"
108.0666667,1,8,60.59,0,3,0,0,0,"METABRIC"
236.9333333,0,15,44.88,3,1,1,1,0,"METABRIC"
51.4,1,40,28.62,11,3,1,1,0,"METABRIC"
133.7333333,0,35,61.99,4,3,1,0,0,"METABRIC"
274.5,0,12,49.94,1,3,1,0,0,"METABRIC"
24.9,1,15,48.25,3,3,0,0,1,"METABRIC"
275.6333333,0,30,45.57,0,2,1,1,0,"METABRIC"
168.9666667,1,30,46.85,1,2,1,1,0,"METABRIC"
234.3333333,1,19,68.23,0,1,1,1,0,"METABRIC"
97.76666667,1,13,60.13,0,1,1,1,0,"METABRIC"
145.4333333,1,30,47.48,0,1,1,0,0,"METABRIC"
81.93333333,1,35,51.36,0,2,1,1,0,"METABRIC"
274.4,0,37,30.95,1,3,0,0,0,"METABRIC"
203.5333333,1,35,66.11,0,2,0,0,0,"METABRIC"
35,1,45,38.16,4,3,0,0,1,"METABRIC"
118.0333333,1,15,63.1,2,2,1,1,0,"METABRIC"
275.6,0,26,70.32,0,2,1,1,0,"METABRIC"
270.1333333,1,15,57.48,1,2,1,0,0,"METABRIC"
227.8666667,1,17,65.79,0,3,1,1,0,"METABRIC"
271.3333333,0,21,53.11,1,3,1,1,0,"METABRIC"
160,0,15,59.9,0,2,1,1,0,"METABRIC"
274.3666667,0,45,60.32,5,2,1,1,0,"METABRIC"
44.83333333,1,16,56.79,0,3,0,0,0,"METABRIC"
150.7333333,1,17,54.4,0,3,1,1,0,"METABRIC"
131.6666667,1,35,66.06,7,2,1,1,0,"METABRIC"
181.2333333,1,17,62.76,1,2,1,1,0,"METABRIC"
275.2333333,0,20,36.8,0,2,1,1,0,"METABRIC"
40.43333333,1,30,64.32,1,2,1,1,0,"METABRIC"
68.26666667,1,28,62.36,3,3,1,0,1,"METABRIC"
116.9333333,0,25,47.03,0,2,1,1,0,"METABRIC"
271.9333333,0,17,40.79,0,2,1,1,0,"METABRIC"
110.7666667,1,35,50.38,1,2,1,1,0,"METABRIC"
267.2333333,0,25,67.62,0,2,1,1,0,"METABRIC"
272.1,0,12,42.07,0,2,1,0,0,"METABRIC"
87.7,1,20,57.94,1,3,1,1,0,"METABRIC"
252.9666667,0,15,50.07,0,1,1,1,0,"METABRIC"
271.2666667,0,13,70.35,1,2,1,1,0,"METABRIC"
85.86666667,1,18,63.01,0,2,1,0,0,"METABRIC"
231.0333333,1,13,65.25,0,2,1,1,0,"METABRIC"
257.5666667,0,22,64.25,0,1,1,1,0,"METABRIC"
270.5666667,0,19,61.95,0,1,1,1,0,"METABRIC"
254.6333333,0,18,40.06,0,3,1,1,0,"METABRIC"
269.9,0,11,35.97,0,3,1,1,1,"METABRIC"
235.6666667,0,11,36.5,1,3,0,0,0,"METABRIC"
259.7666667,0,23,42.9,2,3,0,0,0,"METABRIC"
153.8333333,1,9,56.85,1,2,0,0,0,"METABRIC"
55.03333333,1,20,59.84,0,3,1,1,0,"METABRIC"
270.3,0,27,67.12,0,2,1,1,0,"METABRIC"
269,0,14,60.48,0,2,1,0,0,"METABRIC"
19.73333333,1,27,58.48,1,3,0,0,0,"METABRIC"
231.5333333,1,13,61.08,0,2,1,0,0,"METABRIC"
146.7333333,0,19,60.76,0,3,1,0,0,"METABRIC"
264.7666667,0,14,55.8,0,2,1,0,0,"METABRIC"
149.7,1,5,58.85,0,2,1,0,0,"METABRIC"
39.53333333,1,35,65.04,18,3,0,0,1,"METABRIC"
227.7333333,1,15,60.11,1,2,1,1,0,"METABRIC"
43.2,1,26,60.65,0,3,0,0,0,"METABRIC"
9.433333333,1,31,31.48,11,3,0,0,0,"METABRIC"
159,1,16,58.69,0,3,1,1,0,"METABRIC"
269.6333333,0,23,36.25,0,2,1,0,0,"METABRIC"
270.4333333,0,22,61.53,0,2,1,0,0,"METABRIC"
250.6666667,0,22,45.3,1,3,0,0,0,"METABRIC"
141.5666667,1,26,63.94,0,3,1,1,0,"METABRIC"
258.3333333,0,20,59.58,1,1,1,0,0,"METABRIC"
269.3333333,0,20,47.1,2,1,1,1,0,"METABRIC"
196.5666667,1,15,66.84,0,3,0,0,1,"METABRIC"
237.3666667,1,13,68.18,0,2,1,0,0,"METABRIC"
20.66666667,1,25,59.29,9,2,1,1,0,"METABRIC"
218.3,1,25,49.83,0,2,1,1,0,"METABRIC"
125.6,1,25,34.83,1,3,0,0,0,"METABRIC"
267.4,0,20,59.6,5,3,0,0,0,"METABRIC"
266.9333333,0,16,48.93,0,1,1,1,0,"METABRIC"
31.93333333,1,30,33.9,2,3,0,0,0,"METABRIC"
240.0333333,1,20,59.13,0,1,1,1,0,"METABRIC"
14.4,1,25,45.74,8,3,0,0,0,"METABRIC"
14.1,1,37,37.01,5,3,0,0,1,"METABRIC"
263.7,1,13,58.14,0,1,1,1,0,"METABRIC"
262.8666667,1,20,53.31,1,2,0,0,0,"METABRIC"
228.1,1,17,46.9,0,2,1,1,0,"METABRIC"
108.4333333,0,18,63.1,0,3,1,1,0,"METABRIC"
161.9333333,1,15,44.08,0,1,1,1,0,"METABRIC"
101.2666667,1,17,70.19,1,3,1,1,1,"METABRIC"
27.2,1,27,66.97,0,3,1,1,0,"METABRIC"
112,0,15,36.47,0,2,1,1,0,"METABRIC"
263.3666667,0,15,39.07,0,2,1,1,0,"METABRIC"
189.1,1,12,52.67,0,1,1,1,0,"METABRIC"
30.13333333,1,18,43.08,0,2,1,1,0,"METABRIC"
5.5,1,30,69.79,3,2,1,1,0,"METABRIC"
262.1333333,0,30,31.02,2,3,0,0,0,"METABRIC"
222.2,1,25,69.67,0,3,1,0,0,"METABRIC"
227.8333333,1,10,53.99,4,2,0,0,0,"METABRIC"
9.6,1,30,69.48,7,3,1,0,0,"METABRIC"
265,0,18,50.3,2,3,1,1,0,"METABRIC"
172.9,1,13,66.86,0,2,1,1,0,"METABRIC"
252.8666667,1,25,46.49,2,2,1,1,0,"METABRIC"
264.2333333,0,15,69.6,2,2,1,1,0,"METABRIC"
110.6,1,15,40.02,0,1,1,1,0,"METABRIC"
180.8333333,1,15,56.26,1,2,1,1,1,"METABRIC"
261.2,0,20,64.04,0,3,1,0,1,"METABRIC"
260,0,15,48.47,0,1,1,1,0,"METABRIC"
187.0333333,0,20,63.65,0,3,0,0,0,"METABRIC"
254.5,0,18,46.7,1,3,1,1,1,"METABRIC"
191.2333333,0,16,58.1,0,3,1,1,0,"METABRIC"
262,0,12,61.42,0,3,1,0,0,"METABRIC"
263.2333333,0,12,50.45,1,3,0,0,0,"METABRIC"
140.5666667,1,30,62.32,1,2,1,0,0,"METABRIC"
253.0666667,0,23,45.75,0,2,1,1,0,"METABRIC"
15.7,1,20,60.09,6,2,1,0,0,"METABRIC"
114.9,1,12,48.48,0,2,1,1,0,"METABRIC"
149.6,0,12,51.94,0,1,1,1,0,"METABRIC"
238.3666667,0,23,50.37,1,1,1,0,0,"METABRIC"
262.6333333,0,15,39.7,1,3,0,0,0,"METABRIC"
258.8666667,0,10,56.83,0,3,1,1,0,"METABRIC"
217.5666667,1,22,63.08,1,3,1,1,0,"METABRIC"
256,0,13,37.89,1,3,0,0,1,"METABRIC"
261.2,0,22,49.92,0,3,1,0,0,"METABRIC"
42.56666667,1,17,60.93,0,3,1,0,1,"METABRIC"
35.63333333,1,21,46.76,2,3,1,0,1,"METABRIC"
250.1333333,0,15,50.01,0,1,1,1,0,"METABRIC"
70.4,1,19,69.07,0,2,1,1,0,"METABRIC"
260.7333333,0,22,54.64,0,2,1,0,0,"METABRIC"
98.83333333,0,13,53.19,0,2,1,1,0,"METABRIC"
73.83333333,1,35,67.2,0,3,0,0,0,"METABRIC"
259.9666667,0,16,57.17,0,2,1,1,0,"METABRIC"
255.1,1,30,59.53,0,3,1,0,0,"METABRIC"
32.03333333,1,43,55.3,1,3,0,0,0,"METABRIC"
254.2666667,0,40,47.74,2,3,0,0,0,"METABRIC"
44.6,1,36,65.69,1,3,1,0,0,"METABRIC"
146.3666667,0,17,62.87,0,3,0,0,0,"METABRIC"
28.56666667,1,20,43.51,6,3,0,0,0,"METABRIC"
165.1666667,1,20,46.7,0,1,1,1,0,"METABRIC"
259.5333333,0,18,60.29,2,3,0,0,0,"METABRIC"
149.6,0,15,50.54,0,2,1,1,0,"METABRIC"
81.1,1,30,68.5,2,3,1,1,0,"METABRIC"
210.9666667,1,25,43.68,0,2,1,1,0,"METABRIC"
256.5,0,19,65.58,0,2,1,1,0,"METABRIC"
152.3333333,1,38,56.73,2,3,1,1,0,"METABRIC"
258.3333333,0,20,60.34,2,2,1,1,0,"METABRIC"
28.73333333,1,15,58.55,0,3,1,0,1,"METABRIC"
75.36666667,1,20,28.96,0,2,1,0,1,"METABRIC"
252.3333333,0,27,48.34,2,1,1,1,0,"METABRIC"
100.7333333,0,16,61.07,2,2,1,0,0,"METABRIC"
131.3333333,1,12,63.06,0,1,1,1,0,"METABRIC"
257.7666667,0,17,62.39,0,3,1,0,0,"METABRIC"
167.4333333,0,22,50.26,4,3,0,0,0,"METABRIC"
227.9333333,0,16,42.17,1,3,0,0,0,"METABRIC"
221.2333333,0,28,59.78,1,3,1,0,0,"METABRIC"
136.9333333,0,16,66.76,1,2,1,1,0,"METABRIC"
219.6666667,1,13,54.95,0,2,1,1,0,"METABRIC"
178.1666667,1,14,43.6,0,3,1,1,0,"METABRIC"
145.5,0,13,58.31,0,3,0,0,0,"METABRIC"
248.7666667,0,17,44.94,1,3,0,0,0,"METABRIC"
23.93333333,1,17,63.03,0,1,1,1,0,"METABRIC"
252,0,17,58.31,0,2,1,1,0,"METABRIC"
236.1333333,0,17,50.66,0,3,1,1,1,"METABRIC"
99.7,0,20,41.4,0,1,1,1,0,"METABRIC"
55.83333333,1,26,56.81,3,3,1,1,0,"METABRIC"
123.9,0,18,50.21,0,1,1,1,0,"METABRIC"
51.2,1,17,52.91,1,3,1,1,0,"METABRIC"
65.46666667,1,20,59.43,0,3,0,0,0,"METABRIC"
22.66666667,1,20,63.53,6,3,1,1,1,"METABRIC"
41.53333333,1,28,45,0,3,1,1,0,"METABRIC"
32.93333333,1,30,29.92,3,3,0,0,0,"METABRIC"
217.7666667,0,18,60.04,0,3,0,0,0,"METABRIC"
158.5333333,1,25,60.42,0,3,1,1,0,"METABRIC"
236.0666667,0,25,42.72,1,3,0,0,0,"METABRIC"
242.5666667,0,15,48.75,0,2,1,1,0,"METABRIC"
247,0,19,64.99,0,2,1,0,0,"METABRIC"
248.7666667,0,32,49.5,0,2,1,1,0,"METABRIC"
243.9,0,20,63.96,1,3,1,1,0,"METABRIC"
191.1333333,1,35,69.65,1,2,1,0,0,"METABRIC"
37.96666667,1,20,56.03,0,3,0,0,1,"METABRIC"
148.7666667,1,30,62.96,0,2,1,1,0,"METABRIC"
241.2666667,0,23,33.76,0,2,1,1,0,"METABRIC"
227.8,1,30,62.62,0,2,1,1,0,"METABRIC"
241.8666667,0,17,39.4,0,2,1,1,0,"METABRIC"
109,0,27,48.53,4,3,0,0,1,"METABRIC"
38.03333333,1,25,47.75,0,3,1,1,0,"METABRIC"
26.76666667,1,28,48.48,0,3,1,1,1,"METABRIC"
68.2,1,16,57.31,0,3,1,0,1,"METABRIC"
10.86666667,1,20,56.42,0,3,1,0,0,"METABRIC"
241.6,0,27,51.18,1,2,1,1,0,"METABRIC"
179.4333333,0,23,65.62,0,3,1,0,0,"METABRIC"
241.2666667,0,16,66.15,0,2,1,0,0,"METABRIC"
87.53333333,1,18,65.5,0,2,1,1,0,"METABRIC"
113.8333333,1,20,60.99,0,3,1,1,1,"METABRIC"
236.6333333,0,20,53.36,3,3,1,1,0,"METABRIC"
136.2333333,0,40,61.26,0,3,1,0,1,"METABRIC"
23.2,1,28,38.49,8,3,0,0,0,"METABRIC"
55.63333333,1,35,40.06,3,3,0,0,1,"METABRIC"
228.6,1,20,59.3,1,3,1,1,0,"METABRIC"
240.7,0,20,63.34,0,3,1,0,0,"METABRIC"
243.7666667,0,15,52.45,0,3,0,0,0,"METABRIC"
226.7333333,0,25,59.29,3,3,0,0,0,"METABRIC"
50.03333333,1,28,41.17,3,3,1,1,0,"METABRIC"
138.3333333,0,17,50.92,1,2,1,1,0,"METABRIC"
228.8,0,26,55.28,7,3,1,0,0,"METABRIC"
103.4666667,0,20,59.16,0,2,1,1,0,"METABRIC"
243.5,0,26,49.08,1,2,1,0,0,"METABRIC"
219.7666667,1,25,68.86,1,3,1,1,0,"METABRIC"
25.43333333,1,30,37.05,1,3,0,0,1,"METABRIC"
50.76666667,1,130,38.2,6,3,1,1,0,"METABRIC"
108.7666667,0,21,70.52,0,3,1,1,0,"METABRIC"
188.7333333,0,17,43.67,1,2,1,1,0,"METABRIC"
240.4666667,0,17,51.52,0,2,1,1,0,"METABRIC"
119.8666667,1,30,64.04,0,3,1,0,0,"METABRIC"
32.83333333,1,35,51.36,1,3,0,0,0,"METABRIC"
241.4,0,20,57.66,0,2,1,1,0,"METABRIC"
234.2333333,0,16,40.92,2,2,1,1,0,"METABRIC"
234.1333333,1,15,55.3,0,3,1,1,0,"METABRIC"
38.8,1,35,21.93,6,2,0,0,1,"METABRIC"
62.53333333,1,55,56.4,2,3,0,0,1,"METABRIC"
159.0666667,1,17,68.59,0,3,0,0,0,"METABRIC"
231.6666667,0,22,60.3,1,3,1,1,0,"METABRIC"
237.1333333,0,27,43.58,0,3,1,0,0,"METABRIC"
27.46666667,1,50,41.1,0,3,1,0,1,"METABRIC"
102.4,1,20,45.74,0,2,1,1,0,"METABRIC"
118.1333333,1,20,62.09,1,3,1,1,0,"METABRIC"
15.5,1,31,53.5,5,3,0,0,1,"METABRIC"
239.3,0,30,66.91,0,3,0,0,0,"METABRIC"
229.3333333,0,27,50.79,3,3,0,0,0,"METABRIC"
240.8333333,0,16,39.28,1,3,1,1,0,"METABRIC"
59.6,1,20,67.6,1,1,1,1,0,"METABRIC"
236.7,0,27,65.56,5,3,1,0,0,"METABRIC"
86.06666667,1,22,60.3,3,3,1,0,0,"METABRIC"
113.6666667,0,25,71.03,0,3,0,0,1,"METABRIC"
112.9666667,1,26,70.94,1,2,1,1,0,"METABRIC"
86.23333333,1,15,48.12,6,2,1,0,0,"METABRIC"
232.7333333,1,21,49.84,0,3,1,1,0,"METABRIC"
234.5333333,1,20,66.85,1,2,1,1,0,"METABRIC"
38.03333333,1,80,51.76,2,3,0,0,1,"METABRIC"
236.0333333,0,25,55.95,0,3,0,0,0,"METABRIC"
24.86666667,1,37,53.04,0,3,1,0,0,"METABRIC"
214.7,0,12,60.15,1,2,1,1,0,"METABRIC"
110.6333333,0,40,68.61,0,3,0,0,1,"METABRIC"
235.4,0,34,63.95,3,3,1,1,0,"METABRIC"
230.4666667,0,5.5,37.16,1,3,0,0,0,"METABRIC"
38.8,1,18,55.71,0,3,0,0,0,"METABRIC"
228.7666667,1,25,70.77,1,3,1,0,0,"METABRIC"
222.1,0,20,41.52,0,1,1,1,0,"METABRIC"
228,0,15,51.01,0,3,1,1,0,"METABRIC"
75.33333333,1,15,49.98,0,3,0,0,0,"METABRIC"
92.73333333,1,25,57.01,0,3,1,0,0,"METABRIC"
224.5666667,0,18,48.16,0,2,1,1,0,"METABRIC"
126.4666667,1,22,49.45,0,3,1,1,0,"METABRIC"
134.4666667,1,23,60.45,0,3,1,1,0,"METABRIC"
287.2333333,0,16,53.89,0,2,1,0,0,"METABRIC"
226.0666667,0,24,54.6,1,3,1,0,0,"METABRIC"
72.3,0,20,65.89,0,2,1,1,1,"METABRIC"
225.5,0,23,43.56,0,3,1,1,1,"METABRIC"
99.23333333,0,12,63.82,0,1,1,1,0,"METABRIC"
199.9666667,0,15,49.37,0,1,1,0,0,"METABRIC"
225.5,0,12,54.29,0,3,0,0,1,"METABRIC"
172.8,1,26,62.03,1,2,1,1,0,"METABRIC"
186.4333333,0,15,35.5,0,2,1,1,0,"METABRIC"
100.8666667,1,13,57.91,0,3,0,0,1,"METABRIC"
28.06666667,1,20,76.96,0,2,1,0,0,"METABRIC"
49.66666667,1,40,74.51,0,2,1,0,0,"METABRIC"
106.5666667,1,20,70.31,0,2,1,1,0,"METABRIC"
256.8666667,1,15,61.16,0,3,1,1,0,"METABRIC"
188.3666667,0,18,66.37,0,2,1,1,0,"METABRIC"
44.73333333,1,35,64.91,3,3,1,1,0,"METABRIC"
11.7,1,25,73.15,0,3,1,1,0,"METABRIC"
193.1666667,0,22,72.36,0,3,1,0,0,"METABRIC"
11.3,1,30,76.13,0,2,0,0,0,"METABRIC"
139.3,1,40,76.17,3,3,1,0,0,"METABRIC"
105.6666667,1,20,71.32,10,2,1,1,0,"METABRIC"
124.1,0,25,56.14,0,3,0,0,0,"METABRIC"
15.2,1,22,82.17,5,2,1,1,0,"METABRIC"
298.0333333,1,13,59.24,0,2,1,1,0,"METABRIC"
172,1,25,50.23,0,2,1,1,0,"METABRIC"
351,1,22,63.17,0,3,1,1,0,"METABRIC"
281.3666667,1,30,74.45,0,3,1,1,0,"METABRIC"
67.8,1,20,65.46,1,2,1,0,0,"METABRIC"
217.1,1,10,56.19,0,2,1,1,0,"METABRIC"
258.1666667,1,40,54.35,6,3,0,0,1,"METABRIC"
114.5,1,23,71.17,0,3,1,0,0,"METABRIC"
147.8333333,1,15,58.32,0,3,1,1,0,"METABRIC"
15.63333333,1,20,43.06,13,3,0,0,0,"METABRIC"
63.03333333,1,35,57.85,16,2,1,1,0,"METABRIC"
49.56666667,1,30,54.22,0,3,1,1,0,"METABRIC"
184.7,1,43,64.21,0,3,1,0,0,"METABRIC"
160.3333333,1,10,74.31,2,2,1,1,0,"METABRIC"
330.3666667,0,20,45.5,0,2,1,1,0,"METABRIC"
84.5,1,30,67.02,0,2,1,0,0,"METABRIC"
55.23333333,1,40,58.8,0,1,1,1,0,"METABRIC"
65.5,1,35,72.39,1,2,1,1,0,"METABRIC"
115.6,1,50,75.87,0,2,1,0,0,"METABRIC"
36.36666667,1,30,54.01,5,2,1,0,0,"METABRIC"
253.5333333,1,40,68.25,0,3,1,1,0,"METABRIC"
335.7333333,1,20,67.46,0,2,1,0,0,"METABRIC"
203.7,1,18,73.91,1,3,1,0,0,"METABRIC"
100.1666667,1,55,80.81,1,2,1,0,0,"METABRIC"
178.4,0,30,68.7,0,3,0,0,0,"METABRIC"
163.2,1,20,72.17,1,2,1,1,0,"METABRIC"
33.9,1,45,28.04,0,3,1,0,0,"METABRIC"
98.7,1,18,37.85,4,2,1,1,1,"METABRIC"
59.93333333,1,20,74.32,3,2,1,1,0,"METABRIC"
132.2,1,35,55.07,1,2,1,1,1,"METABRIC"
244.2,1,30,68.32,0,3,1,1,0,"METABRIC"
260.0333333,1,23,60,1,3,1,0,0,"METABRIC"
34.1,0,10,49.61,0,3,1,1,0,"METABRIC"
174.8333333,0,40,55.62,2,2,1,1,0,"METABRIC"
96.83333333,1,20,65.49,0,1,1,0,1,"METABRIC"
335.6,1,25,58.8,0,3,1,1,0,"METABRIC"
219.1666667,1,30,54.16,0,2,1,0,0,"METABRIC"
189.0333333,0,30,70.58,1,3,1,0,0,"METABRIC"
89.03333333,1,15,66.91,0,3,0,0,0,"METABRIC"
234.7,1,21,69.19,0,1,1,1,0,"METABRIC"
265.5666667,1,50,76.51,0,1,1,1,0,"METABRIC"
300.7,1,40,58.02,5,3,1,1,0,"METABRIC"
177.9,0,50,51.93,0,2,1,1,1,"METABRIC"
17.13333333,1,20,72.44,1,3,1,1,0,"METABRIC"
196.4666667,1,30,63.39,1,2,1,0,0,"METABRIC"
87.23333333,1,50,61.22,24,3,1,1,0,"METABRIC"
199.2666667,1,30,64.12,1,2,1,1,0,"METABRIC"
168.2666667,1,29,70.75,2,3,1,1,0,"METABRIC"
235.5666667,1,20,63.34,2,3,1,0,0,"METABRIC"
307.9333333,0,20,34.36,0,3,0,0,0,"METABRIC"
207.9666667,1,25,64.5,0,1,1,0,0,"METABRIC"
173.6,1,20,74.98,0,2,1,1,0,"METABRIC"
33.7,1,40,35.14,18,3,0,0,1,"METABRIC"
198.6,1,25,68.09,0,3,1,0,0,"METABRIC"
226.2,1,40,61.57,4,3,1,0,1,"METABRIC"
31.06666667,1,15,35.64,3,3,0,0,1,"METABRIC"
68.13333333,1,20,70.27,0,3,0,0,0,"METABRIC"
128.5333333,1,30,59.23,1,3,1,1,0,"METABRIC"
15.36666667,1,35,55.01,2,2,0,0,0,"METABRIC"
114.0333333,1,20,77.12,2,3,1,0,0,"METABRIC"
11.86666667,1,8,59.16,0,3,0,0,1,"METABRIC"
267.2666667,0,20,50.08,0,3,1,1,0,"METABRIC"
119.4666667,1,25,74.6,3,2,1,1,0,"METABRIC"
42.56666667,1,30,77.51,0,3,1,1,0,"METABRIC"
291.1666667,0,16,40.04,0,2,1,1,0,"METABRIC"
61.46666667,1,20,59.75,3,1,1,1,0,"METABRIC"
164.3333333,1,30,68.49,4,2,1,1,0,"METABRIC"
139.6,1,30,45.21,0,3,1,1,0,"METABRIC"
83.36666667,1,10,44.4,0,3,0,0,0,"METABRIC"
206.5666667,1,20,71.66,0,3,0,0,0,"METABRIC"
241.6,1,25,44.89,3,3,0,0,0,"METABRIC"
16.7,1,32,68.16,0,3,0,0,0,"METABRIC"
307.6333333,0,20,56.11,0,2,1,1,0,"METABRIC"
264.7666667,1,10,69.01,0,2,1,1,0,"METABRIC"
170.9,1,45,70.84,1,3,1,1,0,"METABRIC"
148.1,1,25,74.84,1,3,1,0,0,"METABRIC"
296.8666667,0,15,47.29,0,2,1,1,0,"METABRIC"
52.3,1,55,66.23,0,3,1,1,0,"METABRIC"
126.4666667,1,15,61.21,0,1,1,0,0,"METABRIC"
322.8333333,0,1,50.42,1,3,0,0,1,"METABRIC"
279.8,0,30,51.25,0,1,1,1,0,"METABRIC"
210.4333333,1,18,74.67,7,3,1,1,0,"METABRIC"
197.3333333,1,45,72.74,1,2,1,1,0,"METABRIC"
41.16666667,1,25,71.93,0,3,1,1,0,"METABRIC"
140.2333333,0,15,48.44,0,2,1,1,0,"METABRIC"
119.3666667,1,25,67.92,6,2,1,1,0,"METABRIC"
191.1666667,0,40,63.83,3,3,1,1,0,"METABRIC"
56.26666667,1,30,39.14,2,3,0,0,1,"METABRIC"
122.8,1,20,58.38,2,3,1,1,0,"METABRIC"
239.2333333,0,15,42.79,0,2,1,1,0,"METABRIC"
121.7333333,0,15,55.42,0,2,1,0,0,"METABRIC"
90.13333333,1,20,71.47,0,2,1,1,0,"METABRIC"
267.4,0,12,40.05,0,2,1,1,0,"METABRIC"
271.8666667,0,53,39.51,6,3,0,0,0,"METABRIC"
282.8333333,1,50,40.83,2,3,0,0,0,"METABRIC"
292.0333333,1,10,61.88,4,2,1,0,0,"METABRIC"
143,1,15,64.61,0,3,1,0,1,"METABRIC"
186.6333333,1,20,55.65,9,3,1,1,0,"METABRIC"
318.2,0,25,67.03,2,3,1,1,0,"METABRIC"
109.6,1,15,66.37,2,3,1,1,0,"METABRIC"
119,1,30,71.17,0,3,1,1,0,"METABRIC"
200.6,0,25,61.59,0,3,0,0,0,"METABRIC"
148.5666667,1,15,64.93,2,3,1,1,0,"METABRIC"
285.7,1,35,66.27,1,3,1,1,0,"METABRIC"
41.46666667,1,15,78.21,0,3,0,0,1,"METABRIC"
90,1,23,59.13,1,2,1,0,1,"METABRIC"
168.5333333,1,20,75.19,0,3,1,1,0,"METABRIC"
16.83333333,1,25,61.67,0,2,1,0,0,"METABRIC"
30.3,1,35,69.96,0,2,1,0,0,"METABRIC"
48.13333333,1,31,44.5,0,3,1,1,0,"METABRIC"
64.3,1,20,80.82,0,3,1,1,0,"METABRIC"
99,1,16,64.01,1,3,1,1,0,"METABRIC"
39.86666667,1,28,37.53,14,3,0,0,0,"METABRIC"
234.2333333,0,25,81.11,0,2,1,1,0,"METABRIC"
239.3333333,0,40,61.97,0,3,0,0,1,"METABRIC"
260.2,0,18,54.27,0,3,1,1,0,"METABRIC"
111.5666667,1,15,57.98,9,3,1,0,0,"METABRIC"
295.3333333,1,20,65.58,0,3,0,0,0,"METABRIC"
119.4666667,1,20,68.82,0,3,1,0,0,"METABRIC"
67.8,1,20,61,0,2,1,1,0,"METABRIC"
34.7,1,30,72.48,0,3,1,1,0,"METABRIC"
220.9333333,1,25,58.78,0,3,1,1,0,"METABRIC"
87,1,20,63.27,2,2,1,0,0,"METABRIC"
81.06666667,1,40,75.26,3,2,1,1,0,"METABRIC"
263.0333333,0,18,59.23,0,3,1,1,0,"METABRIC"
292.6666667,1,15,64.11,0,3,0,0,0,"METABRIC"
139.5333333,1,20,65.5,0,3,1,1,0,"METABRIC"
43.3,1,50,73.6,8,3,1,0,0,"METABRIC"
48.43333333,1,35,53.03,3,3,1,0,0,"METABRIC"
74.1,1,20,81.98,1,3,1,0,0,"METABRIC"
85.3,1,45,71.17,9,2,1,1,1,"METABRIC"
282.5666667,1,10,49.76,0,3,1,0,0,"METABRIC"
107.2666667,1,25,58.49,0,1,1,1,0,"METABRIC"
198.3,0,20,76.06,0,3,1,0,0,"METABRIC"
21.3,1,50,61.12,2,2,1,0,0,"METABRIC"
255.2666667,0,45,49.98,0,3,0,0,0,"METABRIC"
170.6666667,1,20,59.18,1,3,1,1,0,"METABRIC"
127.5333333,0,25,47.62,0,3,1,1,0,"METABRIC"
300.8666667,0,35,52.13,0,3,1,0,0,"METABRIC"
64,1,49,67.79,0,3,1,0,0,"METABRIC"
213.1,1,27,63.58,0,2,1,1,0,"METABRIC"
55.66666667,1,15,75.48,0,3,1,1,0,"METABRIC"
221.2,0,27,59.85,0,3,0,0,0,"METABRIC"
227.9,1,18,63.03,0,3,1,0,0,"METABRIC"
146.7666667,0,20,49.02,0,2,1,1,0,"METABRIC"
57.66666667,0,19,77.12,0,3,1,1,0,"METABRIC"
31.46666667,1,99,56.07,11,3,0,0,1,"METABRIC"
249.5333333,1,50,46.59,0,3,1,0,0,"METABRIC"
83.66666667,1,1,64.68,11,3,0,0,0,"METABRIC"
35.23333333,1,45,67.8,1,3,0,0,0,"METABRIC"
76.13333333,1,28,52.98,0,3,1,1,0,"METABRIC"
42.9,1,25,43.51,0,3,0,0,0,"METABRIC"
198.3333333,1,99,44.27,0,1,1,1,0,"METABRIC"
81.56666667,1,22,67.27,4,2,1,1,0,"METABRIC"
23.73333333,1,60,66.39,5,1,1,0,0,"METABRIC"
211.9666667,0,15,64.76,0,3,1,0,0,"METABRIC"
146.0666667,0,20,60.44,0,3,0,0,1,"METABRIC"
98.76666667,1,26,65.83,1,3,1,1,1,"METABRIC"
28,1,25,75.41,1,3,1,0,1,"METABRIC"
131.3,1,68,51.29,0,3,1,1,0,"METABRIC"
44.86666667,1,60,49.43,1,3,0,0,1,"METABRIC"
149.8666667,0,45,26.72,3,3,0,0,0,"METABRIC"
19.73333333,1,18,56.27,4,3,0,0,0,"METABRIC"
297.8,0,40,54.18,0,2,1,1,0,"METABRIC"
122.2,0,46,52.29,1,3,1,0,0,"METABRIC"
176.0666667,0,20,42.27,0,2,1,1,0,"METABRIC"
161.6666667,1,15,56.08,0,2,1,1,0,"METABRIC"
56.5,1,20,53.02,1,2,1,0,0,"METABRIC"
230.1666667,0,15,52.61,0,2,1,0,0,"METABRIC"
153,1,16,64.21,2,3,1,1,0,"METABRIC"
42.66666667,1,37,50.08,1,3,0,0,1,"METABRIC"
244.4333333,0,45,38.1,3,3,1,1,0,"METABRIC"
51.46666667,1,22,70.57,0,3,1,1,0,"METABRIC"
37.73333333,1,25,73.21,1,2,1,1,0,"METABRIC"
125.2666667,1,60,63.7,1,2,1,0,0,"METABRIC"
27.4,1,10,38.93,3,3,0,0,0,"METABRIC"
211.9333333,0,10,45.77,0,3,0,0,0,"METABRIC"
252.1,0,15,67.82,0,2,1,1,0,"METABRIC"
102.1,0,30,44.07,1,3,0,0,1,"METABRIC"
245.5,0,50,57.95,0,3,1,1,0,"METABRIC"
47.13333333,1,40,74.86,1,3,1,1,0,"METABRIC"
21.7,1,35,65.86,0,3,0,0,0,"METABRIC"
152.0666667,1,13,70.22,0,3,0,0,1,"METABRIC"
297.2333333,0,30,47.86,0,2,1,1,0,"METABRIC"
206.1333333,1,25,78.62,0,2,1,1,0,"METABRIC"
101.5666667,0,13,53.39,2,2,1,1,0,"METABRIC"
145.7333333,1,20,63.35,0,3,1,0,0,"METABRIC"
121.6666667,1,28,75.46,0,2,1,1,0,"METABRIC"
81.06666667,1,30,68.85,0,2,1,1,0,"METABRIC"
70.46666667,1,28,43.73,0,2,1,0,0,"METABRIC"
173.8333333,1,20,83.49,0,1,1,0,0,"METABRIC"
40.63333333,1,20,49.92,2,3,0,0,0,"METABRIC"
83.36666667,1,50,72.49,0,3,0,0,0,"METABRIC"
128.2666667,0,25,53.18,0,2,1,0,1,"METABRIC"
99.36666667,1,20,81.06,0,2,1,0,0,"METABRIC"
257.1666667,0,25,44.51,0,2,1,1,0,"METABRIC"
110.9333333,1,25,61.3,0,3,1,1,0,"METABRIC"
130.3666667,1,35,65.83,7,3,1,1,0,"METABRIC"
43.9,1,40,71.67,0,2,1,0,0,"METABRIC"
129.8,1,35,45.39,0,3,1,1,0,"METABRIC"
201.7666667,1,10,49.77,1,2,1,1,0,"METABRIC"
286.0666667,0,14,43.77,0,3,1,0,0,"METABRIC"
73.46666667,1,50,39.92,0,2,1,1,0,"METABRIC"
76.23333333,1,57,75.74,1,2,1,0,0,"METABRIC"
91.63333333,1,10,76.88,0,2,1,1,0,"METABRIC"
214.4333333,1,10,65.93,0,2,1,1,0,"METABRIC"
45.7,1,22,78.54,0,2,1,0,0,"METABRIC"
42.5,1,80,78.87,2,3,1,0,0,"METABRIC"
141.7333333,1,11,45.44,0,1,1,1,0,"METABRIC"
36.16666667,1,25,49.61,2,3,1,0,0,"METABRIC"
23.43333333,1,16,55.66,0,3,1,1,0,"METABRIC"
200.7666667,1,99,74.39,0,2,1,0,0,"METABRIC"
101.6333333,1,25,63.07,0,2,1,1,1,"METABRIC"
45.33333333,1,30,81.52,0,3,1,0,0,"METABRIC"
90.26666667,1,25,73.95,1,2,1,1,0,"METABRIC"
41.46666667,1,30,74.8,2,3,1,1,0,"METABRIC"
129.3333333,1,15,74.56,0,3,1,0,1,"METABRIC"
157.8,1,17,74.29,0,2,0,0,0,"METABRIC"
234.6,0,10,44.95,0,2,1,1,0,"METABRIC"
187.3,0,23,64.32,0,3,1,1,0,"METABRIC"
229.9,0,35,50.7,0,3,0,0,0,"METABRIC"
224.3,0,20,43.86,0,1,1,1,0,"METABRIC"
221.9,0,25,47.03,0,2,1,1,0,"METABRIC"
29.3,1,30,67.12,2,2,1,1,0,"METABRIC"
229.0666667,0,25,57.33,0,1,1,1,0,"METABRIC"
39.8,1,40,74.53,0,2,0,0,1,"METABRIC"
157.1,0,20,58.69,1,2,1,1,0,"METABRIC"
117.6666667,1,30,64.47,14,2,1,1,0,"METABRIC"
150.6,1,28,42.45,0,2,1,0,0,"METABRIC"
22.46666667,1,25,79.35,0,2,1,0,1,"METABRIC"
79.96666667,1,18,49.34,0,3,0,0,1,"METABRIC"
210.9666667,0,27,69.68,0,3,0,0,0,"METABRIC"
274.2,0,35,37.05,0,3,0,0,0,"METABRIC"
266.1,1,7,76.71,0,1,1,1,0,"METABRIC"
268.9,0,20,57.93,0,2,1,1,0,"METABRIC"
48.16666667,1,45,43.42,1,3,0,0,1,"METABRIC"
35.4,1,33,52.09,3,3,1,0,0,"METABRIC"
230.5,0,16,63.95,0,3,0,0,0,"METABRIC"
176.7,0,20,33.04,3,3,0,0,0,"METABRIC"
232.4,0,35,47.71,0,3,1,1,0,"METABRIC"
64.86666667,1,30,41.53,0,3,0,0,1,"METABRIC"
197.4333333,0,1,40.04,0,1,1,1,0,"METABRIC"
117.9,1,10,63.63,0,2,1,1,0,"METABRIC"
275.7333333,0,20,40.25,0,2,1,1,0,"METABRIC"
224.6,0,18,47.61,0,2,1,0,0,"METABRIC"
233.8666667,1,26,73.03,2,1,1,1,0,"METABRIC"
47.9,1,40,69.87,3,3,1,1,1,"METABRIC"
31.43333333,1,15,43.51,2,3,0,0,0,"METABRIC"
50,1,28,78.19,3,2,1,1,0,"METABRIC"
102.7666667,1,25,76.54,1,2,1,1,0,"METABRIC"
220.0333333,0,22,75.2,1,3,0,0,0,"METABRIC"
40,1,26,59.49,6,3,0,0,1,"METABRIC"
58.43333333,0,30,62.43,2,3,1,0,1,"METABRIC"
30.36666667,1,30,58.39,0,3,0,0,0,"METABRIC"
272.9,0,30,50.78,0,2,1,0,0,"METABRIC"
70.23333333,0,28,74.85,4,2,1,1,0,"METABRIC"
194.2,0,23,36.35,3,3,0,0,1,"METABRIC"
77.23333333,1,20,41.09,0,3,1,1,0,"METABRIC"
70.6,1,25,33.92,1,2,0,0,0,"METABRIC"
58.63333333,1,20,57.32,0,2,1,1,0,"METABRIC"
124.1333333,1,27,60.31,0,3,0,0,0,"METABRIC"
237.2666667,1,18,77.77,0,2,1,1,0,"METABRIC"
20.13333333,1,19,65.53,1,3,0,0,0,"METABRIC"
216.9666667,0,22,69.75,0,3,1,0,0,"METABRIC"
150.6,1,30,69.99,12,3,1,1,0,"METABRIC"
184.4,0,21,67.15,0,3,0,0,1,"METABRIC"
69.3,1,60,69.31,4,3,1,0,0,"METABRIC"
197.6666667,1,20,70.38,0,2,1,0,0,"METABRIC"
117.5666667,1,13,76.93,0,1,1,1,0,"METABRIC"
219.4666667,0,25,56.94,0,2,1,1,0,"METABRIC"
197.8333333,1,14,72.44,2,2,1,1,0,"METABRIC"
263.6,1,30,69.93,0,2,1,1,0,"METABRIC"
49.3,1,50,55.83,6,1,1,1,0,"METABRIC"
130.7,1,15,61.16,1,2,1,1,0,"METABRIC"
78.7,0,25,56.03,5,2,1,1,0,"METABRIC"
198.1,1,25,76.81,0,2,1,1,0,"METABRIC"
88.8,1,30,77.45,0,2,1,1,0,"METABRIC"
176.1,1,18,65.16,0,3,0,0,0,"METABRIC"
224.1,1,20,73.65,3,1,1,1,0,"METABRIC"
216.7333333,1,22,72.54,5,3,1,1,0,"METABRIC"
180.7666667,1,30,69.67,4,3,1,1,0,"METABRIC"
19.16666667,1,17,62.99,5,3,0,0,0,"METABRIC"
79.8,1,50,41,0,2,1,0,0,"METABRIC"
221.7666667,1,20,76.37,0,2,1,0,0,"METABRIC"
126.8666667,0,40,77.13,1,3,1,0,0,"METABRIC"
165.3666667,0,33,66.47,0,2,0,0,0,"METABRIC"
75.23333333,1,50,33.55,4,3,0,0,0,"METABRIC"
174.1333333,1,22,77.54,0,2,1,1,0,"METABRIC"
99.76666667,1,18,69.65,1,1,1,1,0,"METABRIC"
65.56666667,1,32,75.27,6,3,1,0,0,"METABRIC"
187.9333333,0,30,44.84,0,2,1,1,0,"METABRIC"
81.8,1,21,71.61,1,2,1,0,0,"METABRIC"
216.7333333,0,37,42.84,2,3,1,0,0,"METABRIC"
223.3,0,60,65.76,2,3,0,0,0,"METABRIC"
80.5,1,23,67.68,0,2,1,1,0,"METABRIC"
251.2,1,20,68.56,1,2,1,1,0,"METABRIC"
213.3666667,0,20,69.93,1,3,1,1,0,"METABRIC"
252.3,1,22,44.36,0,3,1,1,0,"METABRIC"
144.9333333,0,14,65.86,6,3,1,0,0,"METABRIC"
108.6,1,30,72.12,3,2,1,1,0,"METABRIC"
37.8,1,12,49.88,0,3,0,1,0,"METABRIC"
84.83333333,1,17,62.68,4,3,1,1,0,"METABRIC"
189.8666667,0,25,46.95,0,3,1,1,0,"METABRIC"
52.73333333,1,43,63.92,0,1,1,0,0,"METABRIC"
213.2,1,55,56.47,0,3,1,1,0,"METABRIC"
62.13333333,1,55,67.7,1,3,1,0,1,"METABRIC"
79.16666667,1,40,72.73,0,3,1,0,0,"METABRIC"
173.9333333,0,20,45.4,0,3,0,0,0,"METABRIC"
128.3666667,1,40,70.42,6,3,1,1,0,"METABRIC"
139.4333333,0,17,55.56,0,2,1,0,0,"METABRIC"
168.3,1,25,70.11,0,3,1,1,0,"METABRIC"
86.36666667,1,16,44.12,0,2,1,1,0,"METABRIC"
255.3,0,17,61.76,0,2,1,1,0,"METABRIC"
184.3333333,0,15,55.04,0,2,1,1,0,"METABRIC"
34.56666667,1,35,76.66,2,3,0,0,0,"METABRIC"
150.6,1,21,68.21,0,2,1,1,0,"METABRIC"
187.7,0,1,52.57,0,3,0,0,1,"METABRIC"
56.33333333,1,15,39.25,0,3,0,0,0,"METABRIC"
178.7333333,1,15,61.04,16,3,0,0,0,"METABRIC"
257.6333333,0,17,53.69,0,2,1,1,0,"METABRIC"
150.1,1,25,75.01,1,2,1,0,0,"METABRIC"
39.43333333,0,25,71.05,2,2,1,1,0,"METABRIC"
168.2666667,0,20,75.55,1,3,1,0,1,"METABRIC"
215.1666667,0,20,41.54,1,3,0,0,1,"METABRIC"
91.5,0,20,63.4,0,2,1,1,0,"METABRIC"
184.8,0,16,68.66,0,3,0,0,0,"METABRIC"
94.7,0,25,53.58,1,2,1,1,0,"METABRIC"
182.5,0,15,71.19,0,2,1,1,0,"METABRIC"
213.9,0,30,47.38,2,3,0,0,0,"METABRIC"
50.23333333,1,30,52.23,1,3,0,0,0,"METABRIC"
221.6,1,25,70.59,0,3,1,0,0,"METABRIC"
87.1,1,24,56.33,1,2,1,0,1,"METABRIC"
199.9333333,0,15,66.38,0,2,1,1,0,"METABRIC"
58,1,16,43.63,0,2,1,1,0,"METABRIC"
198.1,1,20,49,0,2,1,0,0,"METABRIC"
199.3666667,1,30,72.38,0,2,1,0,0,"METABRIC"
174.5666667,1,20,76.37,1,3,1,1,0,"METABRIC"
142.4333333,1,30,69.95,0,2,1,0,0,"METABRIC"
61.6,0,22,56.33,0,2,1,1,0,"METABRIC"
19.9,1,20,32.74,17,3,0,0,0,"METABRIC"
34.33333333,1,50,67.86,14,2,1,1,0,"METABRIC"
30.36666667,1,20,69.93,20,3,0,0,0,"METABRIC"
204.4333333,1,11,63.24,0,2,1,1,0,"METABRIC"
82.63333333,1,41,61.06,0,3,1,1,0,"METABRIC"
175.6333333,0,17,43.8,0,2,1,0,0,"METABRIC"
15.36666667,1,40,57.87,0,3,0,0,1,"METABRIC"
77.4,0,30,40.57,1,3,0,0,0,"METABRIC"
71.76666667,1,18,74.71,7,2,1,1,0,"METABRIC"
209.2666667,0,30,51.09,0,2,1,1,0,"METABRIC"
211.7333333,0,12,72.14,0,2,1,1,0,"METABRIC"
59.76666667,0,20,75.33,0,2,1,0,0,"METABRIC"
27.8,1,30,47.24,1,3,0,0,1,"METABRIC"
114.9,1,18,72.02,0,3,1,1,0,"METABRIC"
90.3,1,20,69.72,1,2,1,0,0,"METABRIC"
124.2,1,26,83.96,0,2,1,1,0,"METABRIC"
27.3,1,10,63.48,1,3,0,0,0,"METABRIC"
191.4666667,1,30,74.98,0,3,1,1,0,"METABRIC"
255,1,15,58.61,0,3,1,1,0,"METABRIC"
196.5333333,0,10,46.58,0,2,1,1,0,"METABRIC"
37.36666667,1,35,38.59,0,3,0,0,0,"METABRIC"
37,1,15,44.59,2,3,0,0,0,"METABRIC"
89.96666667,1,29,69.16,4,3,1,0,0,"METABRIC"
127.9333333,1,20,78.8,0,2,1,1,0,"METABRIC"
213.0333333,0,17,57.14,0,2,1,1,0,"METABRIC"
159.2333333,1,25,61.55,0,3,0,0,0,"METABRIC"
20.26666667,0,25,54.61,0,3,1,0,1,"METABRIC"
245.2333333,1,20,76.72,0,3,0,0,0,"METABRIC"
110.8333333,1,1,69.29,0,2,1,1,0,"METABRIC"
115.9333333,1,17,76.19,1,2,1,1,0,"METABRIC"
170.8333333,0,1,31.87,0,3,0,0,1,"METABRIC"
18.23333333,1,12,70.68,4,3,1,1,0,"METABRIC"
87.73333333,1,25,68.52,0,2,1,1,0,"METABRIC"
175.3333333,0,12,44.41,0,2,1,1,0,"METABRIC"
164.3333333,0,15,53.38,0,2,0,0,0,"METABRIC"
212.2,1,18,69.04,0,3,1,0,0,"METABRIC"
80.5,0,13,48.76,0,3,1,1,1,"METABRIC"
80.73333333,1,30,69.23,11,3,1,1,1,"METABRIC"
51.96666667,1,25,62.84,0,3,1,1,0,"METABRIC"
185,1,11,46.79,0,2,1,1,0,"METABRIC"
184.2666667,0,40,49.57,7,3,0,0,1,"METABRIC"
22.13333333,1,50,69.05,0,3,0,0,0,"METABRIC"
112.6333333,1,15,53.96,0,2,1,0,0,"METABRIC"
184.3333333,0,20,65.26,0,3,1,0,0,"METABRIC"
246.6,1,15,68.6,0,3,1,0,0,"METABRIC"
134.2666667,1,30,78.04,0,3,1,1,0,"METABRIC"
118.5333333,1,15,74.34,0,2,1,1,0,"METABRIC"
89.33333333,1,20,79.76,0,2,1,1,0,"METABRIC"
77.46666667,1,35,61.88,0,3,1,1,0,"METABRIC"
19.4,1,25,65.44,1,3,1,0,0,"METABRIC"
111.9666667,1,50,69.24,9,3,1,1,0,"METABRIC"
242.5666667,0,15,53.07,0,3,0,0,1,"METABRIC"
142.1666667,1,20,54.75,0,3,1,1,0,"METABRIC"
54.26666667,1,30,88.8,1,1,1,1,0,"METABRIC"
196.8666667,1,15,72.16,0,3,1,1,1,"METABRIC"
94.03333333,1,15,52.98,0,2,1,0,0,"METABRIC"
223.8333333,1,25,62.11,3,2,1,0,0,"METABRIC"
204.4,0,15,65.35,0,3,0,0,1,"METABRIC"
52.3,1,15,70.23,0,3,1,0,0,"METABRIC"
96.96666667,1,20,73.17,0,2,1,1,0,"METABRIC"
185.3,0,35,50.24,3,3,1,0,0,"METABRIC"
205.7333333,0,15,67.45,0,2,1,0,0,"METABRIC"
151.9,0,27,52.43,0,3,0,0,0,"METABRIC"
175.1,1,60,79.17,0,3,0,0,0,"METABRIC"
247.8333333,1,30,68.42,0,3,1,1,0,"METABRIC"
179.1,1,35,80.17,0,3,1,0,1,"METABRIC"
43.4,1,25,74.98,12,3,0,0,0,"METABRIC"
107.3666667,1,20,66.57,0,2,1,1,0,"METABRIC"
118.7,1,28,74.11,6,3,1,0,0,"METABRIC"
254.9666667,0,10,42.11,0,3,1,0,0,"METABRIC"
131.3,1,20,63.53,0,1,1,1,0,"METABRIC"
111.8333333,1,15,76.2,0,3,0,0,0,"METABRIC"
144.6666667,1,22,42.05,2,2,0,0,0,"METABRIC"
99.4,1,20,90.23,1,3,1,1,0,"METABRIC"
43.26666667,1,30,68.01,0,3,0,0,0,"METABRIC"
200.6,0,15,75.53,0,3,1,0,0,"METABRIC"
187.0333333,1,15,74.46,1,2,1,1,0,"METABRIC"
180.7333333,1,30,72.56,0,3,1,1,0,"METABRIC"
33.96666667,1,25,39.99,1,3,0,0,1,"METABRIC"
176.5,0,15,48.17,0,2,1,1,0,"METABRIC"
211.2,1,14,74.53,0,2,0,0,0,"METABRIC"
209.0333333,1,30,79.59,0,2,1,1,0,"METABRIC"
204.2,1,6,59.04,0,2,0,0,0,"METABRIC"
166.6666667,0,65,63.02,3,3,0,0,0,"METABRIC"
44.13333333,1,20,46.03,2,3,1,0,1,"METABRIC"
192.1333333,0,15,69.5,0,2,1,1,0,"METABRIC"
103.8333333,1,12,56.92,0,2,1,1,0,"METABRIC"
38.43333333,1,55,62.79,2,1,1,0,0,"METABRIC"
216.8666667,1,40,69.2,0,3,1,1,0,"METABRIC"
102.0666667,1,30,69.59,0,2,1,1,0,"METABRIC"
108.0666667,1,23,70.31,3,2,1,1,0,"METABRIC"
101.0666667,1,30,72.77,0,3,0,0,0,"METABRIC"
46.16666667,1,35,41.28,1,3,0,0,1,"METABRIC"
202.1,1,15,72.23,0,3,1,1,0,"METABRIC"
116.4666667,1,15,66.12,0,2,1,1,0,"METABRIC"
199.3,0,18,46.4,0,3,1,1,0,"METABRIC"
83.63333333,1,30,76.83,0,3,1,0,1,"METABRIC"
71.06666667,1,15,52.77,0,2,1,1,0,"METABRIC"
186.1333333,0,30,47.98,0,2,1,1,0,"METABRIC"
187.8333333,1,35,67.1,1,3,1,1,0,"METABRIC"
167.5,0,40,58.25,0,2,1,0,0,"METABRIC"
201.9333333,1,20,40.71,0,3,1,0,0,"METABRIC"
60.86666667,1,20,60.33,0,3,1,1,0,"METABRIC"
221.0666667,1,18,35.78,0,2,1,1,0,"METABRIC"
68.76666667,1,40,66.55,0,3,1,0,0,"METABRIC"
77.86666667,1,2,45.85,0,3,1,1,0,"METABRIC"
79.3,0,15,55.72,0,3,0,0,0,"METABRIC"
65.33333333,1,40,68.18,5,3,1,1,0,"METABRIC"
124,1,20,69.46,0,2,1,1,0,"METABRIC"
128.4,1,35,70.1,2,2,1,0,0,"METABRIC"
36.93333333,1,22,69.42,0,2,1,1,0,"METABRIC"
153.5333333,0,15,67.25,0,2,1,1,0,"METABRIC"
48.43333333,1,5,82.06,0,2,1,0,1,"METABRIC"
208.9666667,1,30,70.86,0,2,1,1,0,"METABRIC"
195.9333333,0,99,31.71,14,3,0,1,0,"METABRIC"
75.7,1,25,60.51,0,2,0,0,0,"METABRIC"
13.8,1,40,78.93,6,3,0,0,1,"METABRIC"
84.9,1,23,49.63,5,3,0,0,0,"METABRIC"
16.7,1,40,53.35,2,3,0,0,0,"METABRIC"
190.1666667,0,15,55.53,0,1,1,1,0,"METABRIC"
149.4333333,1,30,61.88,1,2,1,1,0,"METABRIC"
159.7333333,0,15,58.26,0,3,1,0,0,"METABRIC"
104.7666667,1,25,67.62,0,3,1,1,0,"METABRIC"
153.3,1,30,71.4,0,2,1,0,0,"METABRIC"
57.66666667,1,27,73.01,0,2,1,1,0,"METABRIC"
37.9,1,60,50.6,6,3,0,0,1,"METABRIC"
43.03333333,1,80,52.13,16,3,0,0,1,"METABRIC"
53.63333333,1,15,69.7,1,2,1,1,0,"METABRIC"
14.16666667,1,18,60.96,0,3,1,0,0,"METABRIC"
102.3,1,23,66.58,1,2,1,0,0,"METABRIC"
226.0666667,0,15,31.26,0,3,0,0,0,"METABRIC"
190.1,1,10,64.01,0,2,1,1,0,"METABRIC"
96.2,1,48,79.26,0,1,1,0,0,"METABRIC"
163.5333333,0,25,66.94,0,2,0,0,1,"METABRIC"
14.2,1,50,74.57,1,2,1,0,0,"METABRIC"
45.73333333,1,65,64.64,13,3,1,0,0,"METABRIC"
114.5333333,1,25,70.49,0,2,1,1,0,"METABRIC"
124.1333333,1,23,54.69,0,2,1,0,1,"METABRIC"
98.83333333,1,18,68.93,1,2,1,1,1,"METABRIC"
85.4,1,20,78.44,0,3,1,1,0,"METABRIC"
25.23333333,1,27,41.81,0,3,0,0,0,"METABRIC"
51.66666667,1,20,61.24,2,2,1,0,0,"METABRIC"
195.8666667,0,15,71.78,2,3,1,0,0,"METABRIC"
250.8333333,0,20,56.37,0,2,1,1,0,"METABRIC"
216.0333333,1,15,76.87,4,1,1,1,0,"METABRIC"
194.3,0,80,52.09,3,3,0,0,0,"METABRIC"
211.9,1,25,56.89,1,3,1,1,0,"METABRIC"
169.6666667,0,15,41.27,1,3,0,0,0,"METABRIC"
53.63333333,1,25,66.7,1,3,1,0,0,"METABRIC"
202.1,0,2,47.35,0,3,0,0,1,"METABRIC"
28.83333333,1,57,72.88,3,2,1,0,0,"METABRIC"
161.1333333,1,70,66.39,0,2,1,0,0,"METABRIC"
15.36666667,1,40,76.01,1,2,1,1,0,"METABRIC"
125.7666667,1,15,56.89,0,3,1,1,0,"METABRIC"
23.03333333,1,25,79.29,2,2,1,1,0,"METABRIC"
243.1666667,0,40,75.56,1,3,1,0,0,"METABRIC"
100.1333333,1,15,77.15,1,3,1,1,0,"METABRIC"
39.3,1,25,66.18,0,2,1,1,0,"METABRIC"
119.3,1,22,62.55,0,3,1,1,0,"METABRIC"
2.533333333,0,25,67.13,1,3,1,0,0,"METABRIC"
102,1,45,35.14,7,3,1,1,0,"METABRIC"
12.26666667,1,45,57.99,3,3,1,0,0,"METABRIC"
201.8333333,1,50,44,2,3,0,0,1,"METABRIC"
116.2333333,1,30,69.27,4,2,1,1,0,"METABRIC"
113.6666667,1,75,83.9,3,2,1,1,0,"METABRIC"
71.16666667,1,13,61.05,0,2,1,1,0,"METABRIC"
192.2,0,20,65.86,0,2,1,1,0,"METABRIC"
146.9333333,1,15,69.8,0,2,1,1,0,"METABRIC"
124.7666667,1,31,64.76,0,2,1,1,0,"METABRIC"
30.93333333,1,13,37.27,12,3,0,0,0,"METABRIC"
237.2666667,0,14,57.34,0,3,0,0,0,"METABRIC"
154,1,22,82.72,0,2,1,1,0,"METABRIC"
165.1666667,0,14,71.51,0,3,1,1,0,"METABRIC"
165.6666667,0,14,61.84,0,3,1,0,0,"METABRIC"
172.8666667,1,50,61.16,0,3,1,1,0,"METABRIC"
213,0,20,71.01,4,2,1,1,0,"METABRIC"
70.16666667,0,12,75.42,0,2,1,1,0,"METABRIC"
107.7666667,1,16,81.76,0,2,1,1,0,"METABRIC"
95.73333333,1,25,85.94,10,2,1,1,0,"METABRIC"
74.73333333,1,35,81.57,3,2,1,1,0,"METABRIC"
117.6,0,25,64.43,2,3,1,0,0,"METABRIC"
205.6,0,1,36.03,0,3,1,1,0,"METABRIC"
101.4,0,16,65.48,0,2,0,0,0,"METABRIC"
198.1333333,0,22,51.62,5,3,0,0,1,"METABRIC"
202.7666667,0,30,66.45,0,3,1,1,0,"METABRIC"
26,1,18,43.61,1,3,0,0,1,"METABRIC"
220.2333333,0,14,51.87,0,2,1,1,0,"METABRIC"
140.6,1,25,61.14,1,3,1,0,1,"METABRIC"
107.0666667,0,60,45.8,4,3,0,0,1,"METABRIC"
207.1666667,0,25,64.15,1,3,1,1,1,"METABRIC"
193.9,0,20,71.49,0,3,1,0,1,"METABRIC"
194.5666667,0,20,68,0,3,0,0,0,"METABRIC"
46.06666667,1,32,47.14,0,1,1,1,0,"METABRIC"
83.53333333,1,13,66.42,0,2,1,1,0,"METABRIC"
49.46666667,1,40,67.59,3,2,1,1,0,"METABRIC"
34.63333333,1,25,53.69,11,3,0,1,1,"METABRIC"
155.7333333,1,25,83.68,0,2,0,0,0,"METABRIC"
150.4666667,0,15,55.36,0,2,1,1,0,"METABRIC"
30.7,1,20,86.04,0,2,1,0,0,"METABRIC"
15.86666667,1,15,49.91,0,2,1,1,0,"METABRIC"
98.5,1,22,61,1,2,1,1,0,"METABRIC"
176.3666667,1,30,69.37,0,2,1,1,0,"METABRIC"
45.16666667,1,55,71.07,1,3,1,1,0,"METABRIC"
196.6333333,0,18,49.05,1,3,0,0,0,"METABRIC"
9.7,1,35,90.08,0,3,0,0,1,"METABRIC"
205.8,0,35,44.93,2,3,0,1,0,"METABRIC"
240.4333333,0,15,49.58,0,1,1,1,0,"METABRIC"
162.8333333,1,25,51.25,1,3,0,0,0,"METABRIC"
190.2,0,12,38.92,0,3,0,0,0,"METABRIC"
189.9,0,15,43.44,0,2,1,1,0,"METABRIC"
16.16666667,1,18,66.2,3,2,1,1,0,"METABRIC"
57.3,1,30,36.99,3,3,0,1,0,"METABRIC"
50.66666667,1,30,55.57,4,3,1,0,0,"METABRIC"
61.8,1,10,73.24,2,2,1,0,0,"METABRIC"
164.5666667,1,16,52.57,0,2,1,1,0,"METABRIC"
183.4333333,0,25,54.96,1,3,0,0,1,"METABRIC"
90.8,1,20,64.07,1,3,1,0,1,"METABRIC"
18.8,1,25,69.83,0,3,0,0,0,"METABRIC"
99.36666667,0,25,48.1,1,3,0,0,1,"METABRIC"
185.7666667,0,13,67.54,0,3,1,0,0,"METABRIC"
19.56666667,1,25,74.78,0,2,1,1,0,"METABRIC"
125.9,1,35,72.61,5,3,1,1,0,"METABRIC"
226.7,0,35,46.26,1,3,0,0,1,"METABRIC"
2.533333333,1,23,73.55,3,2,1,1,0,"METABRIC"
110.4666667,0,35,59.02,0,2,1,1,0,"METABRIC"
34.3,1,20,72.23,21,3,1,0,0,"METABRIC"
46.36666667,1,30,57.62,1,3,1,0,0,"METABRIC"
17.66666667,1,16,40.75,2,3,1,0,0,"METABRIC"
42.43333333,1,25,44.5,6,2,0,0,1,"METABRIC"
238.5,0,20,47.3,0,2,1,1,0,"METABRIC"
31.8,1,30,80.08,2,3,1,0,0,"METABRIC"
123.3,1,25,75.65,0,3,1,1,0,"METABRIC"
216.9666667,0,15,53.6,0,2,1,1,0,"METABRIC"
51.2,1,40,65.31,0,2,1,1,0,"METABRIC"
65.83333333,1,65,72.25,0,3,1,1,0,"METABRIC"
23.36666667,1,51,74.28,6,3,1,0,0,"METABRIC"
57.23333333,1,51,69.84,0,3,1,0,0,"METABRIC"
228.8,0,20,42.64,0,2,1,1,0,"METABRIC"
237.5,0,20,69.56,0,2,1,1,0,"METABRIC"
225.1666667,0,15,64.1,0,3,1,0,0,"METABRIC"
123.7333333,0,20,65.5,0,1,1,1,0,"METABRIC"
189.7333333,0,28,51.62,0,2,1,1,0,"METABRIC"
164.6,1,15,74.26,0,2,1,1,0,"METABRIC"
103.1,1,35,75.73,0,3,1,1,0,"METABRIC"
158.9666667,0,20,54.18,0,3,0,1,0,"METABRIC"
36.63333333,1,29,86.55,4,2,1,1,0,"METABRIC"
182.9,0,20,63.45,1,2,1,1,0,"METABRIC"
30.86666667,1,20,72.39,1,3,1,1,0,"METABRIC"
169.2333333,1,45,72.61,1,2,1,1,0,"METABRIC"
16.3,1,25,38.49,4,3,1,0,0,"METABRIC"
124.8,0,45,69.27,0,3,1,0,0,"METABRIC"
2,0,28,63.2,0,3,1,0,0,"METABRIC"
151.0666667,0,20,45.42,0,3,0,0,0,"METABRIC"
180.5666667,0,11,53.48,8,2,0,0,1,"METABRIC"
14.8,1,35,40.21,2,3,0,0,0,"METABRIC"
185.9333333,0,25,50.61,2,3,1,1,0,"METABRIC"
183.9666667,0,15,66.56,0,2,0,0,0,"METABRIC"
79.86666667,1,30,69.66,2,2,1,0,0,"METABRIC"
158.0333333,0,20,71.64,1,3,1,1,0,"METABRIC"
79.1,1,25,80.09,10,2,1,0,0,"METABRIC"
120.1333333,1,22,49.87,4,3,0,0,1,"METABRIC"
48.43333333,1,20,76.53,4,3,1,0,1,"METABRIC"
200.1333333,0,20,60.13,0,2,1,1,0,"METABRIC"
34.43333333,1,40,79.11,0,3,1,1,0,"METABRIC"
98.56666667,0,30,43.08,1,3,0,0,0,"METABRIC"
25.33333333,0,50,62.43,0,3,0,0,0,"METABRIC"
88.93333333,1,20,54.83,2,2,0,0,1,"METABRIC"
171.3,1,26,84.3,0,2,1,1,0,"METABRIC"
182.2333333,0,27,67.24,0,3,0,0,0,"METABRIC"
154.5,1,30,70.52,0,2,1,1,0,"METABRIC"
229.8333333,0,26,57.75,0,1,1,1,0,"METABRIC"
225.4,0,20,53.56,0,3,1,0,0,"METABRIC"
25.03333333,0,75,35.13,1,3,0,1,1,"METABRIC"
18.83333333,1,48,42.12,1,3,1,1,0,"METABRIC"
186.6,0,15,44.05,0,2,0,0,0,"METABRIC"
102.9666667,1,15,73.93,0,2,1,1,0,"METABRIC"
117.6666667,1,15,76.3,0,2,1,0,0,"METABRIC"
194.1,1,30,64.27,2,3,0,1,0,"METABRIC"
234.4,0,32,38.44,14,3,0,0,0,"METABRIC"
178.5666667,1,20,74.95,0,2,1,1,0,"METABRIC"
153.8666667,1,25,78.84,1,2,1,1,0,"METABRIC"
178.6333333,0,15,47.88,0,3,0,0,0,"METABRIC"
117.6666667,1,20,52.63,0,2,1,1,0,"METABRIC"
194,0,20,67.79,0,3,1,1,0,"METABRIC"
55.4,1,60,68.64,8,3,0,0,0,"METABRIC"
90.6,1,30,68.82,4,3,1,1,0,"METABRIC"
71.63333333,1,25,75.28,0,2,1,1,0,"METABRIC"
222.3333333,0,10,46.43,0,2,1,1,0,"METABRIC"
111.3666667,0,16,50.75,0,2,1,1,0,"METABRIC"
91.1,1,20,69.55,0,3,1,0,0,"METABRIC"
81.13333333,1,18,66.55,2,3,1,0,0,"METABRIC"
185.1333333,0,20,70.86,0,2,1,1,0,"METABRIC"
17.83333333,0,26,64.93,0,3,1,1,0,"METABRIC"
155.3666667,1,15,46.28,0,2,1,1,0,"METABRIC"
26.33333333,1,20,66.01,0,2,1,1,0,"METABRIC"
92.5,1,35,40.53,1,3,0,0,1,"METABRIC"
167.9333333,1,30,54.27,20,2,1,1,0,"METABRIC"
32.73333333,1,30,75.38,1,2,1,1,0,"METABRIC"
224.8666667,0,20,62.88,3,2,1,1,0,"METABRIC"
214.8,1,16,61.73,3,2,1,0,0,"METABRIC"
224.4333333,0,40,39.7,8,3,0,0,0,"METABRIC"
171.6333333,1,20,70.79,2,2,1,0,0,"METABRIC"
145.6333333,0,25,66.88,2,2,1,1,0,"METABRIC"
123.7,0,25,40.37,0,2,1,1,0,"METABRIC"
212.3666667,1,50,80.21,1,2,1,1,0,"METABRIC"
116.4333333,1,17,62.87,0,3,1,1,0,"METABRIC"
180.6333333,0,20,41.53,4,3,0,0,0,"METABRIC"
128.2,1,32,81.63,1,2,1,1,0,"METABRIC"
42.06666667,1,31,79.42,2,2,1,1,0,"METABRIC"
182.9333333,0,23,62.89,0,3,1,1,0,"METABRIC"
137.8,1,20,44.99,0,2,1,1,0,"METABRIC"
136,0,25,55.43,1,3,0,0,0,"METABRIC"
82.96666667,0,20,73.75,5,2,1,0,0,"METABRIC"
103.8,1,30,71.36,0,2,1,1,0,"METABRIC"
38.16666667,1,35,78.55,4,2,1,0,0,"METABRIC"
35.03333333,1,30,62.7,7,3,0,0,0,"METABRIC"
62.9,1,30,55.53,0,3,0,0,0,"METABRIC"
21.06666667,1,15,57.2,0,2,1,0,0,"METABRIC"
195.7,1,20,65.14,0,2,1,1,0,"METABRIC"
172.3,0,1,58,0,2,1,1,0,"METABRIC"
181.8666667,0,22,78.64,0,3,1,1,0,"METABRIC"
156.8,1,34,68.13,1,2,1,1,0,"METABRIC"
22.23333333,1,20,71.31,0,2,1,1,0,"METABRIC"
167.1,1,30,58.4,0,3,1,0,0,"METABRIC"
30.8,1,35,65.43,11,3,1,0,0,"METABRIC"
21,1,26,51.98,1,3,0,0,0,"METABRIC"
104.6666667,1,15,68.75,0,3,1,0,0,"METABRIC"
194.6,0,25,60.72,0,3,1,0,0,"METABRIC"
173.0333333,1,55,82.94,1,2,1,1,0,"METABRIC"
191.8,0,25,67.57,0,3,0,0,0,"METABRIC"
126.4,1,16,74.76,0,2,1,1,0,"METABRIC"
135.3,1,15,68.7,0,2,1,0,0,"METABRIC"
63.56666667,1,16,86.61,0,1,1,1,0,"METABRIC"
70.53333333,1,25,70.65,0,2,1,0,0,"METABRIC"
69.1,1,25,80.33,0,3,1,1,0,"METABRIC"
218.2333333,0,15,70.28,0,3,1,0,0,"METABRIC"
144.4333333,1,33,67.46,0,2,1,1,0,"METABRIC"
191.9333333,1,57,44.48,0,1,1,1,0,"METABRIC"
143.5333333,1,23,87.32,0,2,1,1,0,"METABRIC"
70.9,1,30,72.19,0,1,1,1,0,"METABRIC"
143.1666667,1,25,65.03,0,2,1,1,0,"METABRIC"
13.53333333,1,70,67,0,2,1,0,0,"METABRIC"
52.06666667,1,50,90,2,2,1,1,0,"METABRIC"
232.9666667,0,34,60.28,0,2,1,0,0,"METABRIC"
252.2666667,1,20,65.63,2,2,1,1,0,"METABRIC"
49.73333333,1,25,87.75,0,2,1,0,0,"METABRIC"
278.3666667,1,10,63.35,6,3,1,1,0,"METABRIC"
145.3666667,1,20,66.76,0,1,1,1,0,"METABRIC"
287.9333333,0,20,44.65,0,3,0,0,1,"METABRIC"
73.13333333,1,35,65.96,1,3,1,1,0,"METABRIC"
263.4333333,0,30,70.12,0,2,1,1,0,"METABRIC"
219.1,1,30,70.64,0,2,1,0,0,"METABRIC"
37.86666667,1,15,72.94,12,2,1,1,0,"METABRIC"
168.2,1,25,58.84,0,2,1,1,1,"METABRIC"
264.2333333,0,40,62.29,0,2,1,1,1,"METABRIC"
192.2,0,20,51.07,0,2,1,1,0,"METABRIC"
186.8333333,1,36,65.39,1,2,1,0,0,"METABRIC"
255.3666667,0,15,36.47,0,3,0,0,0,"METABRIC"
250.8,0,26,69.39,2,1,1,0,0,"METABRIC"
200.4333333,0,25,33.08,2,3,0,0,0,"METABRIC"
22.66666667,1,18,41.79,2,2,0,0,0,"METABRIC"
278.4666667,0,48,50.88,1,2,1,1,0,"METABRIC"
38.03333333,1,30,53.79,0,3,1,1,0,"METABRIC"
282.3666667,0,22,31.6,0,3,0,0,0,"METABRIC"
15.6,1,120,58.9,16,3,0,0,1,"METABRIC"
188.5333333,1,48,76.69,1,1,1,1,0,"METABRIC"
258.1333333,1,20,75.55,5,2,1,1,0,"METABRIC"
57.4,1,34,72.81,7,2,1,1,0,"METABRIC"
182.3333333,1,25,84.04,0,2,1,1,0,"METABRIC"
170.2666667,1,16,70.92,0,2,1,1,0,"METABRIC"
54.1,1,30,79.04,5,3,1,1,0,"METABRIC"
102.5,1,70,46.47,8,2,1,0,1,"METABRIC"
164.0333333,1,21,73.03,0,2,1,1,0,"METABRIC"
23.9,0,26,58.38,4,2,0,0,1,"METABRIC"
2.3,1,21,80.59,0,2,1,0,0,"METABRIC"
159.7,1,8,68.59,1,2,1,0,0,"METABRIC"
10.63333333,1,80,28.29,1,3,0,0,0,"METABRIC"
10.06666667,1,30,53.45,2,2,0,0,1,"METABRIC"
77.5,1,35,82.51,0,2,1,1,0,"METABRIC"
192.2,1,13,78.93,0,1,1,1,1,"METABRIC"
193.9666667,0,18,38.01,0,2,1,1,0,"METABRIC"
124.5666667,1,20,39.41,2,2,1,0,1,"METABRIC"
66.83333333,0,28,70.76,10,2,1,1,1,"METABRIC"
193.1333333,0,30,66.13,0,2,1,1,1,"METABRIC"
264.6,0,15,41.11,0,2,1,1,0,"METABRIC"
260.2,0,35,54.74,3,2,1,1,0,"METABRIC"
115.6333333,1,15,76.99,15,3,1,1,0,"METABRIC"
153.9,1,15,63.27,0,2,1,1,0,"METABRIC"
257.6666667,0,61,57.27,0,2,0,0,1,"METABRIC"
61.8,1,39,74.6,0,2,1,0,0,"METABRIC"
78.6,1,15,69.38,1,2,1,1,0,"METABRIC"
25.63333333,1,37,85.85,4,3,1,0,0,"METABRIC"
255.6,0,46,60.6,0,3,0,0,0,"METABRIC"
254.9333333,0,20,64.55,0,2,0,0,0,"METABRIC"
34.33333333,1,45,60.41,3,2,1,0,0,"METABRIC"
89.6,1,6,51.04,3,3,1,1,0,"METABRIC"
238.0666667,1,15,76.01,0,1,1,1,0,"METABRIC"
74.93333333,1,26,70.9,0,1,1,1,0,"METABRIC"
77.66666667,1,21,59.47,0,2,1,0,0,"METABRIC"
228.9,0,17,60.62,0,2,0,0,0,"METABRIC"
195.3,0,25,71.74,0,2,1,1,0,"METABRIC"
58.93333333,1,25,49.5,0,3,0,1,1,"METABRIC"
15.86666667,1,35,86.29,14,3,1,0,1,"METABRIC"
88.66666667,1,35,71.62,6,2,1,1,0,"METABRIC"
205.9,0,13,77.45,5,2,1,1,0,"METABRIC"
122.8,1,15,75.02,6,2,1,0,0,"METABRIC"
225.7,1,20,64.95,0,2,1,1,0,"METABRIC"
84.73333333,1,25,39.17,0,3,0,0,1,"METABRIC"
220.3,0,40,70.91,0,2,1,1,0,"METABRIC"
33.13333333,1,32,38.58,8,3,0,0,0,"METABRIC"
58.46666667,1,33,59.08,0,1,1,1,0,"METABRIC"
54.93333333,1,15,83.09,1,1,1,1,0,"METABRIC"
208.8,0,21,56.47,0,3,0,0,1,"METABRIC"
79.13333333,1,18,66.24,0,2,1,1,0,"METABRIC"
185.7,1,50,35.02,9,3,1,1,0,"METABRIC"
197.7333333,1,16,75.44,0,1,1,1,0,"METABRIC"
37.76666667,1,79,70.35,0,3,1,1,0,"METABRIC"
23.76666667,0,28,41.92,11,3,0,0,0,"METABRIC"
240.2,0,42,56.25,0,2,1,1,0,"METABRIC"
24.63333333,1,28,79.24,3,2,1,0,0,"METABRIC"
42.63333333,1,35,78.45,2,2,1,1,0,"METABRIC"
52.46666667,1,25,44.51,9,2,0,1,0,"METABRIC"
202.2333333,0,23,66.01,0,2,1,0,0,"METABRIC"
30.06666667,1,30,65.52,1,3,1,0,0,"METABRIC"
222.7,1,10,79.2,0,2,1,1,0,"METABRIC"
56.76666667,1,23,41.08,0,3,1,1,0,"METABRIC"
118.3,1,15,80.76,0,2,1,0,0,"METABRIC"
221.2,0,20,56.93,2,2,1,0,0,"METABRIC"
42.3,1,23,82.1,0,2,1,1,0,"METABRIC"
224.2333333,0,15,61.81,0,2,1,1,0,"METABRIC"
174.5,1,20,74.43,1,2,1,1,0,"METABRIC"
147.7666667,1,22,49.67,0,3,1,0,0,"METABRIC"
221.9333333,0,20,58.83,2,3,0,0,0,"METABRIC"
35.46666667,1,10,66.94,31,3,0,1,1,"METABRIC"
117.8666667,0,16,68.43,0,2,1,1,0,"METABRIC"
35.36666667,1,37,73.37,0,2,1,1,0,"METABRIC"
200.1,0,20,37.33,3,3,0,1,0,"METABRIC"
0.1,1,15,75.33,0,1,1,1,0,"METABRIC"
72.56666667,1,20,77.96,0,3,1,1,0,"METABRIC"
85,1,30,71.22,4,2,1,1,0,"METABRIC"
201.1666667,0,20,70.65,0,1,1,1,0,"METABRIC"
105.2,1,20,75.62,0,3,0,0,0,"METABRIC"
172.9666667,1,29,84.87,0,2,1,1,0,"METABRIC"
200.3333333,0,20,52.84,6,2,1,1,0,"METABRIC"
165.4333333,0,55,41.29,8,3,0,0,0,"METABRIC"
177.6333333,0,20,47.01,0,3,0,0,0,"METABRIC"
52.9,1,30,58.39,2,3,0,0,1,"METABRIC"
182.8333333,0,55,51.22,1,3,0,0,0,"METABRIC"
14.7,1,30,48.59,1,3,0,0,0,"METABRIC"
194.3666667,0,11,62.9,0,1,1,1,0,"METABRIC"
60.9,1,71,78.69,0,2,1,1,0,"METABRIC"
127.8333333,1,14,67.33,0,1,1,1,0,"METABRIC"
91,0,16,49.38,0,3,1,1,0,"METABRIC"
75.86666667,0,24,79.42,8,2,1,0,0,"METABRIC"
157.7333333,0,25,64.4,0,2,1,0,0,"METABRIC"
189.4333333,0,16,43.08,1,2,1,1,0,"METABRIC"
27.86666667,1,44,53.68,1,3,0,0,0,"METABRIC"
3.5,1,5,75.1,7,2,1,1,0,"METABRIC"
92.4,1,25,73.07,1,3,1,1,0,"METABRIC"
88.33333333,1,30,67.81,0,2,1,1,0,"METABRIC"
49.53333333,1,20,85.17,0,2,1,1,0,"METABRIC"
35.2,1,35,58.08,1,3,1,1,0,"METABRIC"
100.3,1,23,74.33,0,3,1,1,0,"METABRIC"
170.8666667,0,30,52.55,0,2,1,0,0,"METABRIC"
63.83333333,1,15,62.92,1,2,1,1,0,"METABRIC"
125.8666667,1,27,67.78,5,3,1,0,0,"METABRIC"
89.53333333,1,30,52.85,3,3,0,0,0,"METABRIC"
64.6,1,29,78.22,0,3,1,1,0,"METABRIC"
151.9333333,1,23,81.75,9,2,1,1,0,"METABRIC"
162.7666667,0,39,85.02,0,3,1,0,0,"METABRIC"
134.8333333,0,14,68.57,0,2,1,0,1,"METABRIC"
29.23333333,1,53,86.9,3,3,1,1,0,"METABRIC"
109.2333333,1,35,81.37,0,3,0,0,0,"METABRIC"
154.7,0,62,57.9,6,2,1,1,0,"METABRIC"
80.36666667,1,25,80.93,9,2,1,0,0,"METABRIC"
18.26666667,1,60,76.56,10,1,1,0,0,"METABRIC"
126.6666667,0,30,75.89,0,1,1,1,0,"METABRIC"
81.5,1,23,68.48,0,3,1,1,0,"METABRIC"
140.3333333,0,20,36.81,2,2,0,0,1,"METABRIC"
128.1,0,21,60.12,0,3,1,1,1,"METABRIC"
17.2,1,25,63.22,18,3,0,0,0,"METABRIC"
110.8666667,1,55,58.25,14,3,0,0,1,"METABRIC"
152.9333333,1,60,82,0,2,1,0,0,"METABRIC"
281.5,0,22,63.2,0,2,1,1,0,"METABRIC"
37.86666667,1,25,57.77,0,2,0,0,1,"METABRIC"
85.03333333,1,22,73.42,0,2,1,0,0,"METABRIC"
16.7,1,25,60.77,7,3,0,0,1,"METABRIC"
97.4,0,11,69.28,1,2,1,1,0,"METABRIC"
102.7,0,10,72.71,0,2,1,0,1,"METABRIC"
57.93333333,0,16,74.52,0,2,1,1,0,"METABRIC"
91.23333333,1,27,50.44,2,2,1,1,0,"METABRIC"
50.46666667,0,30,74.2,4,2,1,0,0,"METABRIC"
45.33333333,0,26,70.84,2,1,1,0,0,"METABRIC"
109.9333333,0,19,58.8,1,1,1,1,0,"METABRIC"
58.6,0,17,54.44,1,3,0,0,0,"METABRIC"
50.9,1,24,69.94,0,3,0,0,0,"METABRIC"
54.76666667,1,27,68.28,2,3,0,0,0,"METABRIC"
74.03333333,0,23,70.25,0,1,1,1,0,"METABRIC"
70.06666667,1,40,68.9,0,3,1,1,0,"METABRIC"
19.83333333,1,20,60.96,0,3,0,0,0,"METABRIC"
46.43333333,0,18,30.53,0,1,1,1,0,"METABRIC"
68.7,0,19,67.57,1,3,1,1,0,"METABRIC"
78.16666667,0,25,63.79,0,3,1,1,0,"METABRIC"
135.3333333,0,27,36.63,1,3,0,0,0,"METABRIC"
86.53333333,1,40,72.12,3,2,1,0,0,"METABRIC"
80.73333333,1,21,68.44,0,2,1,1,0,"METABRIC"
71.63333333,1,27,44.47,2,3,0,0,1,"METABRIC"
85.5,0,34,70.61,0,2,1,1,0,"METABRIC"
27.96666667,1,40,66.66,2,3,0,0,0,"METABRIC"
70.26666667,0,18,54.92,0,3,1,0,0,"METABRIC"
80.23333333,0,13,65.22,0,3,0,0,0,"METABRIC"
111.7,1,26,35.27,1,2,1,1,0,"METABRIC"
36.96666667,1,15,60.56,12,3,0,0,1,"METABRIC"
89.8,0,28,65.94,2,2,1,0,0,"METABRIC"
76.86666667,0,23,43.45,0,1,1,1,0,"METABRIC"
31.33333333,1,50,74.21,1,2,0,0,0,"METABRIC"
85.36666667,0,40,60.58,1,3,0,0,0,"METABRIC"
71.46666667,0,23,79.36,0,1,1,1,0,"METABRIC"
75.1,0,43,78.73,0,2,1,1,0,"METABRIC"
32.06666667,1,50,45.3,13,3,0,0,1,"METABRIC"
120.4333333,0,18,54.48,2,3,0,0,0,"METABRIC"
86.4,0,15,68.74,0,1,1,1,0,"METABRIC"
81.03333333,0,22,57.62,1,3,0,0,0,"METABRIC"
49.2,1,62,78.19,1,2,0,0,0,"METABRIC"
71.83333333,0,22,81.32,1,2,1,0,0,"METABRIC"
88.5,0,26,61.72,1,1,1,1,0,"METABRIC"
91.53333333,0,18,72.65,0,3,1,1,0,"METABRIC"
86.83333333,0,15,67.24,0,2,1,1,0,"METABRIC"
94.93333333,1,20,61.39,0,2,0,0,0,"METABRIC"
146.4,1,23,76.02,0,2,1,0,1,"METABRIC"
88.46666667,0,14,36.27,0,2,1,0,0,"METABRIC"
102.0333333,0,18,48.75,0,3,0,0,0,"METABRIC"
65.13333333,1,22.5,64.99,1,2,1,1,1,"METABRIC"
85.93333333,1,20,63.44,0,2,1,0,0,"METABRIC"
106.1333333,0,17.9,45.45,0,3,0,0,0,"METABRIC"
122.1333333,0,14.5,45.64,0,3,1,1,0,"METABRIC"
30.43333333,1,12.8,73.74,2,3,0,1,0,"METABRIC"
9.133333333,1,26,54.87,0,3,0,0,0,"METABRIC"
117,0,21,71.82,7,2,1,1,0,"METABRIC"
43.83333333,1,22,72.81,2,2,0,0,0,"METABRIC"
119.3333333,0,24,50.55,23,3,0,0,1,"METABRIC"
112.6666667,1,50,69.25,6,1,1,0,0,"METABRIC"
96.76666667,1,20,61.6,0,2,1,0,0,"METABRIC"
95.86666667,0,16,63.77,1,1,1,1,0,"METABRIC"
86.6,0,20,76.77,0,3,1,1,0,"METABRIC"
107.8666667,0,19,45.35,0,2,1,1,0,"METABRIC"
89.76666667,0,18.5,64.24,1,3,0,0,0,"METABRIC"
105,0,15.5,69.64,0,2,0,0,1,"METABRIC"
98.46666667,0,26,58.95,0,3,1,0,1,"METABRIC"
114.6,0,21.5,67.6,0,3,0,0,1,"METABRIC"
108.0666667,0,2,68.76,2,3,1,1,0,"METABRIC"
102.0666667,0,18,27.56,0,3,1,1,0,"METABRIC"
52.33333333,1,65,71.24,14,2,1,1,0,"METABRIC"
137.9333333,1,20,54.69,13,3,0,0,1,"METABRIC"
108.1666667,0,18,51.36,0,1,1,0,0,"METABRIC"
111.6333333,0,16,64.4,0,2,1,0,0,"METABRIC"
142.6666667,1,22,56.13,0,2,1,1,0,"METABRIC"
101.2666667,0,17,37.89,5,2,1,1,0,"METABRIC"
4.166666667,1,50,74.8,0,3,0,0,0,"METABRIC"
91.06666667,0,30,70.3,1,2,1,0,0,"METABRIC"
91.23333333,0,17,64.01,0,1,1,1,0,"METABRIC"
140.2333333,0,28,69.12,0,3,0,0,0,"METABRIC"
98.26666667,0,20,57.07,1,3,0,0,1,"METABRIC"
105.4666667,0,26,50.42,0,2,1,1,0,"METABRIC"
116.5333333,0,60,74.07,0,3,0,0,1,"METABRIC"
110.1,0,30,60.5,3,2,1,1,0,"METABRIC"
123.5333333,0,18,70.52,2,2,1,1,0,"METABRIC"
5.066666667,1,14,66.61,3,3,0,0,0,"METABRIC"
123.5333333,0,25,72.05,2,3,1,0,1,"METABRIC"
118.9,0,18,47.7,1,3,0,0,0,"METABRIC"
109.7666667,0,17,48.52,3,3,0,0,0,"METABRIC"
110.2666667,0,18,55.71,4,1,1,1,0,"METABRIC"
122.4,0,20,55.67,0,1,1,1,0,"METABRIC"
125.8333333,1,16.9,76.25,2,1,1,1,0,"METABRIC"
113.3666667,0,24.4,60.75,0,3,1,1,0,"METABRIC"
115.6333333,0,25,74.64,0,1,1,0,0,"METABRIC"
124,0,12.5,48.27,1,2,1,1,0,"METABRIC"
163.1666667,1,38,80.31,2,2,1,1,0,"METABRIC"
156.3333333,1,28,70.56,2,3,1,1,0,"METABRIC"
124.2666667,0,15.5,49.16,0,2,1,1,0,"METABRIC"
104.1,1,20,73.16,1,1,1,1,0,"METABRIC"
122.8333333,1,19,59.93,2,3,1,0,0,"METABRIC"
37.5,1,29,80.13,18,1,1,1,0,"METABRIC"
56.93333333,1,30,67.85,3,3,1,0,0,"METABRIC"
117.5333333,0,19,67.27,16,3,1,1,0,"METABRIC"
30.16666667,1,50,52.12,5,3,1,1,0,"METABRIC"
64.7,1,40,40.74,0,3,1,1,0,"METABRIC"
136.7,1,10,66.04,0,1,1,1,0,"METABRIC"
123.2666667,0,16,55.57,0,3,0,0,0,"METABRIC"
141.7333333,1,70,80.56,0,3,1,0,1,"METABRIC"
33.36666667,1,40,77.17,1,2,1,0,0,"METABRIC"
140.5666667,0,20,70.15,0,2,1,1,0,"METABRIC"
128.3666667,0,23,54.53,2,3,0,0,0,"METABRIC"
88.83333333,1,38,49.02,4,3,0,0,0,"METABRIC"
29.9,1,30,83.39,1,3,1,0,0,"METABRIC"
137.6666667,0,36,56.97,0,1,1,1,0,"METABRIC"
139.6,0,20,71.16,1,2,1,1,0,"METABRIC"
60.26666667,1,21,71.05,0,2,1,1,1,"METABRIC"
102.9666667,1,31,72.28,3,3,1,0,0,"METABRIC"
134.7333333,0,21,58.04,1,3,1,0,0,"METABRIC"
131.6,0,19,69.06,0,2,1,1,0,"METABRIC"
23.83333333,1,18,71.41,2,3,1,0,0,"METABRIC"
26.73333333,1,26,56.93,16,3,0,0,1,"METABRIC"
123,1,22,68.16,0,3,1,1,0,"METABRIC"
90.8,1,60,58.27,5,3,1,0,0,"METABRIC"
138.5666667,0,11.8,78.16,0,2,1,1,0,"METABRIC"
175.9,1,13,55.52,0,2,1,1,0,"METABRIC"
186.3666667,0,34,61.38,0,3,0,0,1,"METABRIC"
102.6333333,1,22.5,59.34,0,3,1,1,0,"METABRIC"
138.3333333,0,25,44.42,2,3,0,0,0,"METABRIC"
168.6,1,30,76.98,0,3,1,1,0,"METABRIC"
44.63333333,1,50,66.52,14,3,1,0,0,"METABRIC"
128.9666667,0,37,70.88,0,3,1,0,0,"METABRIC"
144.4333333,0,21,59.06,0,3,0,0,0,"METABRIC"
195.8,1,18,62.13,0,3,1,0,0,"METABRIC"
142.8,0,25,74.11,0,2,1,0,0,"METABRIC"
108.4666667,1,32.6,77.54,0,3,0,0,0,"METABRIC"
149.7666667,0,17.2,41.14,1,3,0,0,0,"METABRIC"
219.6333333,0,19,56.86,2,2,1,1,0,"METABRIC"
46.43333333,1,29,50.73,16,3,0,0,0,"METABRIC"
21.93333333,1,34,60.45,0,3,0,0,0,"METABRIC"
148.0666667,0,23,51.34,0,3,1,1,0,"METABRIC"
121.5333333,0,46,47.67,5,2,1,1,0,"METABRIC"
140.2,0,13.8,59.84,0,1,1,1,0,"METABRIC"
52.63333333,1,30,43.81,15,2,1,1,0,"METABRIC"
211.4,0,15.7,49.13,2,1,1,1,0,"METABRIC"
147.1666667,0,182,28.78,1,3,0,0,0,"METABRIC"
141.0333333,0,85,43.26,0,2,1,1,0,"METABRIC"
150.5,0,25,60.33,0,3,1,1,0,"METABRIC"
155.4,0,20,58.56,0,2,1,0,0,"METABRIC"
160.4,1,31,71.82,3,3,1,1,0,"METABRIC"
149.3,0,18.3,62.7,3,2,1,1,0,"METABRIC"
63.53333333,1,21.6,67.4,0,2,1,0,0,"METABRIC"
140.7666667,0,20,60.63,0,3,1,0,0,"METABRIC"
194.4,1,28.5,50.51,1,2,1,1,0,"METABRIC"
157.5333333,0,21,63.09,1,3,1,0,0,"METABRIC"
49.46666667,1,27,58.26,0,3,1,0,0,"METABRIC"
125.0333333,1,16.2,70.76,8,2,1,1,0,"METABRIC"
4.866666667,0,33,48.92,6,2,1,1,0,"METABRIC"
146.8333333,1,2.3,49.35,0,2,0,0,1,"METABRIC"
143.6,1,21,58.75,1,2,1,0,0,"METABRIC"
87.46666667,1,15.2,76.65,0,3,1,1,0,"METABRIC"
46.66666667,1,21.5,63.71,0,2,1,0,0,"METABRIC"
80.43333333,1,25,72.99,0,2,1,1,0,"METABRIC"
107.1,1,75,67.99,4,3,1,1,0,"METABRIC"
187.8666667,1,20,70.58,1,2,1,1,0,"METABRIC"
16.73333333,1,40,67.89,0,3,1,1,0,"METABRIC"
76,1,20,81.14,1,2,1,0,0,"METABRIC"
97.6,1,23,71.69,0,3,1,1,0,"METABRIC"
163.4333333,0,16,62.07,0,2,0,1,0,"METABRIC"
166.0333333,0,25,38.17,2,3,0,0,0,"METABRIC"
45.93333333,1,31.1,48.83,9,3,0,0,0,"METABRIC"
52.5,1,14.3,62.26,0,3,1,1,0,"METABRIC"
208.9666667,1,15.5,60.15,2,2,1,0,0,"METABRIC"
207.4666667,1,20,79.23,0,2,1,1,0,"METABRIC"
165.4333333,0,12.6,57.87,2,1,1,1,0,"METABRIC"
165.2,0,12.5,60.07,1,1,1,1,0,"METABRIC"
183.2,1,25.1,70.97,0,2,1,1,0,"METABRIC"
55,1,38,49.61,3,3,0,0,0,"METABRIC"
53.36666667,1,17.6,67.88,3,3,1,0,0,"METABRIC"
63.2,1,17,72.66,0,2,1,0,0,"METABRIC"
239.1666667,0,35,58.92,6,2,1,1,0,"METABRIC"
111.6,1,29,73.52,1,3,1,1,0,"METABRIC"
182.6,0,15,51.45,0,2,1,1,0,"METABRIC"
177.6,0,2.12,58.37,0,2,1,1,0,"METABRIC"
222.0333333,1,21.3,74.76,0,2,1,1,0,"METABRIC"
222.2,0,8,63.43,0,3,1,0,0,"METABRIC"
170.8,0,20,62.45,2,2,1,1,0,"METABRIC"
201.4666667,1,22.32,51.46,5,2,1,1,0,"METABRIC"
23.93333333,1,18,77.37,8,2,1,1,0,"METABRIC"
23.26666667,1,27,71.11,0,3,1,0,0,"METABRIC"
171.1,0,23,47.85,1,2,1,1,0,"METABRIC"
148.8,1,17,78.89,0,1,1,0,0,"METABRIC"
184.1666667,0,12,54.81,1,1,1,1,0,"METABRIC"
51,1,17.7,48.45,0,3,0,0,1,"METABRIC"
21.56666667,1,15.47,54.66,5,3,0,0,1,"METABRIC"
35.7,1,35,74.8,5,3,0,0,0,"METABRIC"
59.96666667,1,25,69.72,0,2,1,0,0,"METABRIC"
192.2,0,23,62.46,2,2,1,1,0,"METABRIC"
34.7,1,40,50.92,17,2,0,0,1,"METABRIC"
15.06666667,1,30,45.11,6,3,0,0,0,"METABRIC"
31.16666667,0,24.15,52.41,7,3,1,0,1,"METABRIC"
104.0333333,1,40,83.8,1,3,1,0,0,"METABRIC"
164.9666667,1,30,63.89,2,2,1,1,0,"METABRIC"
42.96666667,1,35,60.57,11,3,1,0,0,"METABRIC"
68.16666667,1,40,59.82,1,1,1,1,0,"METABRIC"
195.3666667,1,20.5,28.37,3,3,0,0,0,"METABRIC"
227.4666667,0,50,34.64,1,3,1,1,0,"METABRIC"
21.16666667,1,25,36.6,2,3,0,0,0,"METABRIC"
175.1666667,0,16,50.84,1,3,0,0,0,"METABRIC"
208.2,0,20,47.47,1,3,0,0,1,"METABRIC"
44.4,1,20,30.02,3,3,0,1,1,"METABRIC"
185.3333333,0,20,61.27,4,1,1,1,0,"METABRIC"
187.0333333,0,30,56.78,3,2,1,1,0,"METABRIC"
241.3,1,15,67.89,1,2,1,1,0,"METABRIC"
21.3,1,50,86.14,3,2,1,1,0,"METABRIC"
195.5333333,0,40,63.5,6,2,1,1,0,"METABRIC"
49.53333333,1,16,51.22,3,3,0,0,1,"METABRIC"
28.86666667,1,30,54.42,33,2,1,0,0,"METABRIC"
203,1,15,61.23,1,3,1,0,0,"METABRIC"
109,1,20,53.14,3,2,1,1,0,"METABRIC"
158.6333333,1,25,66.48,3,3,1,0,0,"METABRIC"
96.96666667,1,30,63.09,10,3,1,1,1,"METABRIC"
27.06666667,1,30,55.7,8,2,1,0,0,"METABRIC"
126.6666667,1,65,51.87,5,2,1,1,0,"METABRIC"
6.833333333,1,50,53.87,22,3,0,0,1,"METABRIC"
78.46666667,1,15,52.9,1,2,1,1,0,"METABRIC"
199.2333333,0,45,56.9,1,3,1,1,0,"METABRIC"
82.73333333,1,15,59.2,1,2,1,1,0,"METABRIC"
196.8666667,0,25,43.1,1,3,1,1,0,"METABRIC"
44.73333333,1,20,42.88,1,3,1,0,1,"METABRIC"
175.9666667,1,25,62.9,45,3,1,1,0,"METABRIC"
86.23333333,1,25,61.16,12,2,1,1,0,"METABRIC"
201.9,1,20,60.02,1,3,1,0,0,"METABRIC"
59.592641261498,0,21,70,3,2,1,1,0,"GBSG2"
66.2943495400788,0,12,56,7,2,1,1,0,"GBSG2"
23.3902759526938,0,35,58,9,2,1,1,0,"GBSG2"
59.3626806833114,0,17,59,4,2,1,1,0,"GBSG2"
25.3613666228647,0,35,73,1,2,1,1,0,"GBSG2"
14.7174770039422,0,57,32,24,3,1,0,0,"GBSG2"
71.353482260184,1,8,59,2,2,0,1,0,"GBSG2"
70.9921156373193,1,16,65,1,2,1,1,0,"GBSG2"
15.473061760841,0,39,80,30,2,1,0,0,"GBSG2"
66.1629434954008,1,18,66,7,2,0,0,0,"GBSG2"
18.9553219448095,0,40,68,9,2,1,1,0,"GBSG2"
6.04467805519054,0,21,71,9,2,0,0,0,"GBSG2"
60.4467805519054,1,58,59,1,2,1,1,0,"GBSG2"
60.5124835742444,1,27,50,1,3,1,1,0,"GBSG2"
59.8226018396846,1,22,70,3,2,1,1,0,"GBSG2"
45.0394218134034,0,30,54,1,2,0,1,0,"GBSG2"
23.2260183968463,0,35,39,4,1,1,1,0,"GBSG2"
57.2601839684625,1,23,66,1,2,1,1,0,"GBSG2"
58.5085413929041,1,25,69,1,1,1,1,0,"GBSG2"
28.4165571616294,0,65,55,4,1,1,1,0,"GBSG2"
55.3219448094612,0,22,56,1,2,1,1,0,"GBSG2"
55.880420499343,1,21,57,2,2,1,1,0,"GBSG2"
55.880420499343,1,25,65,1,3,0,0,0,"GBSG2"
55.6176084099869,1,15,70,3,2,1,1,0,"GBSG2"
12.4507227332457,0,70,65,26,3,1,0,0,"GBSG2"
36.3009198423127,0,23,44,2,2,1,1,0,"GBSG2"
18.0026281208936,0,23,59,3,3,0,0,0,"GBSG2"
42.5755584756899,0,35,43,4,2,0,1,0,"GBSG2"
48.718791064389,1,58,53,1,2,0,0,0,"GBSG2"
51.5768725361367,1,25,32,2,2,0,1,0,"GBSG2"
48.2588699080158,1,45,45,2,3,0,0,0,"GBSG2"
48.3574244415243,1,44,36,2,3,0,0,0,"GBSG2"
44.0867279894875,1,35,57,1,3,1,1,0,"GBSG2"
44.3166885676741,1,25,55,2,1,1,1,0,"GBSG2"
38.173455978975,0,15,34,5,2,1,1,0,"GBSG2"
44.0867279894875,1,35,58,2,2,1,1,0,"GBSG2"
26.1826544021025,0,22,62,12,2,0,0,0,"GBSG2"
40.473061760841,1,25,64,9,1,1,1,0,"GBSG2"
40.407358738502,1,23,53,3,2,0,1,0,"GBSG2"
39.5860709592641,1,13,53,8,2,1,1,0,"GBSG2"
35.80814717477,1,52,65,7,3,1,1,0,"GBSG2"
35.9724047306176,1,38,45,38,2,0,1,0,"GBSG2"
14.7503285151117,0,42,58,1,3,0,0,0,"GBSG2"
31.9316688567674,1,23,68,1,2,0,1,0,"GBSG2"
27.1024967148489,1,25,67,1,2,1,1,0,"GBSG2"
80.0919842312746,1,25,59,2,1,1,1,0,"GBSG2"
73.3574244415243,1,20,65,1,2,0,0,0,"GBSG2"
9.39553219448095,0,30,34,12,3,0,0,0,"GBSG2"
61.1366622864652,1,18,65,5,2,1,1,0,"GBSG2"
35.4796320630749,0,30,61,9,2,1,1,0,"GBSG2"
49.9671484888305,0,25,61,1,2,1,1,0,"GBSG2"
55.6176084099869,1,25,46,1,2,0,0,0,"GBSG2"
50.1971090670171,0,25,63,1,2,1,1,0,"GBSG2"
5.55190538764783,0,19,45,7,2,0,1,0,"GBSG2"
8.93561103810775,0,35,46,7,2,1,1,0,"GBSG2"
24.0144546649146,0,40,63,3,2,0,0,0,"GBSG2"
67.6412614980289,1,21,53,9,2,0,1,0,"GBSG2"
60.8738501971091,1,40,43,4,1,1,1,0,"GBSG2"
60.9067017082786,1,23,31,4,2,0,1,0,"GBSG2"
54.0407358738502,1,15,71,9,2,0,1,0,"GBSG2"
17.8712220762155,0,28,59,18,2,0,0,0,"GBSG2"
54.73061760841,1,15,62,4,2,1,1,0,"GBSG2"
11.5965834428384,0,30,54,2,2,1,1,0,"GBSG2"
58.8370565045992,1,25,46,13,2,1,1,0,"GBSG2"
55.3547963206307,1,25,53,2,2,0,0,0,"GBSG2"
6.27463863337714,0,10,45,1,2,0,1,0,"GBSG2"
12.1550591327201,0,30,48,4,2,0,1,0,"GBSG2"
5.68331143232589,0,20,32,5,2,1,1,0,"GBSG2"
7.95006570302234,0,12,30,11,2,0,0,0,"GBSG2"
13.7976346911958,0,16,53,1,3,0,0,0,"GBSG2"
14.388961892247,0,12,42,6,2,1,1,0,"GBSG2"
53.3508541392904,1,35,48,1,2,1,1,0,"GBSG2"
34.0341655716163,0,30,54,6,2,1,1,0,"GBSG2"
11.7936925098555,0,25,56,11,2,1,0,0,"GBSG2"
5.61760840998686,0,25,51,16,2,1,1,0,"GBSG2"
31.5045992115637,0,18,68,14,2,0,0,0,"GBSG2"
44.3823915900131,1,21,46,3,2,1,1,0,"GBSG2"
15.9658344283837,0,15,41,4,2,1,1,0,"GBSG2"
17.2470433639947,0,16,48,10,3,0,0,0,"GBSG2"
25.0328515111695,0,23,55,3,2,1,1,0,"GBSG2"
5.74901445466491,0,36,52,6,2,1,0,0,"GBSG2"
39.257555847569,1,8,36,1,3,0,0,0,"GBSG2"
11.1038107752957,0,25,44,6,3,0,0,0,"GBSG2"
36.957950065703,1,20,47,6,3,1,1,0,"GBSG2"
30.0919842312746,1,40,47,6,3,1,1,0,"GBSG2"
31.9316688567674,1,23,59,1,2,1,1,0,"GBSG2"
28.4822601839685,1,10,65,3,2,1,1,0,"GBSG2"
8.18002628120894,0,25,42,7,2,0,0,0,"GBSG2"
9.23127463863338,0,32,63,16,2,1,0,0,"GBSG2"
24.9014454664915,1,22,40,2,2,1,1,0,"GBSG2"
12.3850197109067,0,50,62,11,2,0,0,0,"GBSG2"
64.9145860709593,1,40,55,2,1,1,1,0,"GBSG2"
83.4099868593955,1,45,47,2,2,1,1,0,"GBSG2"
81.0446780551905,1,23,63,3,2,1,1,0,"GBSG2"
28.7779237844941,0,20,69,2,2,1,1,0,"GBSG2"
70.0394218134034,1,21,43,1,2,1,1,0,"GBSG2"
13.9947437582129,0,24,59,14,2,1,0,0,"GBSG2"
18.1997371879106,0,50,75,1,2,1,1,0,"GBSG2"
40.9329829172142,0,40,41,4,2,1,1,0,"GBSG2"
63.2720105124836,1,36,47,2,3,1,1,0,"GBSG2"
39.6517739816031,0,80,43,20,2,1,0,0,"GBSG2"
60.8409986859396,1,30,42,4,3,1,1,0,"GBSG2"
38.5676741130092,0,35,46,5,1,0,1,0,"GBSG2"
41.0643889618922,1,58,65,11,2,1,1,0,"GBSG2"
17.4113009198423,0,30,59,3,2,0,0,0,"GBSG2"
49.3429697766097,1,70,48,7,2,0,0,0,"GBSG2"
44.8094612352168,1,27,44,3,2,1,1,0,"GBSG2"
38.4362680683311,0,25,53,13,2,1,1,0,"GBSG2"
56.8002628120894,1,25,53,2,2,1,1,0,"GBSG2"
53.9421813403417,1,23,60,3,2,1,1,0,"GBSG2"
40.0131406044678,0,24,64,2,2,1,1,0,"GBSG2"
44.6123521681997,1,8,56,1,2,0,1,0,"GBSG2"
11.826544021025,0,30,66,16,2,1,0,0,"GBSG2"
18.0683311432326,0,30,50,1,2,1,1,0,"GBSG2"
28.1537450722733,1,22,63,9,2,1,1,0,"GBSG2"
25.2299605781866,1,60,61,51,2,1,1,0,"GBSG2"
28.1865965834428,1,26,46,3,1,1,1,0,"GBSG2"
25.2956636005256,1,23,63,3,2,0,0,0,"GBSG2"
22.3061760840999,0,55,49,7,2,0,0,0,"GBSG2"
38.2391590013141,0,35,33,1,3,0,1,0,"GBSG2"
11.4980289093298,0,52,50,1,2,0,0,0,"GBSG2"
18.988173455979,0,29,45,1,2,0,0,0,"GBSG2"
47.9632063074901,0,20,51,1,2,0,0,0,"GBSG2"
47.1090670170828,1,30,39,1,3,0,0,0,"GBSG2"
57.9172141918528,0,40,56,3,2,0,0,0,"GBSG2"
29.2049934296978,0,15,60,2,2,1,1,0,"GBSG2"
11.7279894875164,0,35,47,17,3,0,1,0,"GBSG2"
17.969776609724,0,50,58,7,2,1,1,0,"GBSG2"
56.5703022339028,1,21,56,3,2,1,1,0,"GBSG2"
77.9237844940867,1,21,54,1,2,1,0,0,"GBSG2"
66.688567674113,0,40,56,3,2,1,0,0,"GBSG2"
32.9172141918528,0,26,57,1,2,1,1,0,"GBSG2"
42.0499342969777,0,10,53,1,2,1,1,0,"GBSG2"
11.1038107752957,0,60,31,7,2,1,1,0,"GBSG2"
17.5098554533509,0,80,41,1,2,0,0,0,"GBSG2"
5.51905387647832,1,33,66,3,2,0,0,0,"GBSG2"
38.4034165571616,1,25,37,1,2,1,1,0,"GBSG2"
55.0262812089356,0,15,66,1,2,1,1,0,"GBSG2"
61.1695137976347,1,45,48,1,3,0,0,0,"GBSG2"
20.6636005256242,1,21,44,3,2,1,1,0,"GBSG2"
38.3377135348226,1,50,51,9,2,0,0,0,"GBSG2"
16.2614980289093,0,20,57,3,2,1,1,0,"GBSG2"
31.7674113009198,1,17,65,1,1,1,1,0,"GBSG2"
56.5045992115637,1,30,40,2,2,1,1,0,"GBSG2"
19.6452036793692,0,19,62,1,2,1,1,0,"GBSG2"
12.8777923784494,0,30,64,12,3,0,0,0,"GBSG2"
49.3429697766097,1,12,46,3,2,1,1,0,"GBSG2"
7.52299605781866,1,25,62,1,2,1,1,0,"GBSG2"
10.1839684625493,1,30,44,7,2,1,1,0,"GBSG2"
42.5755584756899,1,27,69,3,1,1,1,0,"GBSG2"
16.0315374507227,1,15,48,6,2,1,0,0,"GBSG2"
30.946123521682,1,12,47,2,2,1,0,0,"GBSG2"
18.7253613666229,1,26,64,5,2,1,1,0,"GBSG2"
38.6662286465177,1,52,58,5,3,0,0,0,"GBSG2"
36.5637319316689,1,30,65,5,2,1,1,0,"GBSG2"
9.46123521681997,0,40,40,5,2,1,1,0,"GBSG2"
23.7516425755585,1,21,62,2,2,0,0,0,"GBSG2"
13.2391590013141,0,20,55,16,3,0,0,0,"GBSG2"
40.2431011826544,0,25,62,5,3,0,0,0,"GBSG2"
11.1038107752957,0,12,29,4,2,1,1,0,"GBSG2"
43.9224704336399,0,18,38,5,3,1,1,0,"GBSG2"
46.6491458607096,0,20,52,1,1,1,1,0,"GBSG2"
67.2798948751643,1,55,47,18,2,1,1,0,"GBSG2"
19.7109067017083,0,75,53,19,3,1,1,0,"GBSG2"
57.9829172141919,1,15,37,1,1,1,1,0,"GBSG2"
16.1300919842313,0,60,63,15,2,1,1,0,"GBSG2"
10.0197109067017,0,45,63,7,3,1,1,0,"GBSG2"
51.9710906701708,1,22,59,2,2,1,1,0,"GBSG2"
58.1800262812089,1,30,48,15,2,1,1,0,"GBSG2"
31.5374507227332,0,15,33,33,3,0,1,0,"GBSG2"
18.7582128777924,0,57,38,9,3,1,1,0,"GBSG2"
22.1747700394218,1,28,32,12,2,1,1,0,"GBSG2"
9.36268068331143,0,28,31,2,2,1,1,0,"GBSG2"
48.3574244415243,1,48,53,7,2,1,1,0,"GBSG2"
42.0170827858081,0,30,47,1,2,1,1,0,"GBSG2"
4.86202365308804,1,24,40,3,1,1,1,0,"GBSG2"
61.2023653088042,1,19,64,1,2,0,1,0,"GBSG2"
63.5019710906702,1,56,49,3,1,1,1,0,"GBSG2"
11.7608409986859,0,52,53,9,2,1,0,0,"GBSG2"
24.1130091984231,1,18,70,1,2,1,1,0,"GBSG2"
77.9237844940867,0,22,61,2,2,1,0,0,"GBSG2"
84.1984231274639,1,30,43,1,2,0,1,0,"GBSG2"
77.9237844940867,1,20,74,1,2,1,1,0,"GBSG2"
65.3416557161629,0,18,58,2,1,1,1,0,"GBSG2"
66.1957950065703,0,20,49,6,2,1,1,0,"GBSG2"
64.257555847569,1,35,61,2,3,0,1,0,"GBSG2"
31.0446780551905,0,40,66,16,3,1,1,0,"GBSG2"
70.7293035479632,1,20,66,3,3,1,1,0,"GBSG2"
27.5295663600526,0,23,59,2,2,1,1,0,"GBSG2"
3.71222076215506,0,70,51,6,3,0,1,0,"GBSG2"
60.2168199737188,1,18,71,2,2,0,1,0,"GBSG2"
56.5703022339028,1,50,46,10,3,0,1,0,"GBSG2"
7.91721419185282,0,40,52,6,3,0,1,0,"GBSG2"
44.4152431011827,0,16,60,1,2,1,1,0,"GBSG2"
55.9132720105125,1,50,60,7,2,1,1,0,"GBSG2"
40.1445466491459,1,27,67,4,2,1,1,0,"GBSG2"
35.7752956636005,1,30,54,3,3,0,0,0,"GBSG2"
40.8344283837056,1,12,55,1,2,1,1,0,"GBSG2"
19.0210249671485,0,20,38,9,2,1,1,0,"GBSG2"
34.2641261498029,0,25,52,13,2,1,1,0,"GBSG2"
73.3902759526938,1,30,43,3,2,1,1,0,"GBSG2"
75.4599211563732,1,22,50,1,1,1,1,0,"GBSG2"
66.1629434954008,1,25,61,2,1,1,1,0,"GBSG2"
17.0170827858081,0,20,62,2,2,0,0,0,"GBSG2"
30.880420499343,1,30,46,1,3,1,1,0,"GBSG2"
25.1642575558476,1,25,50,1,3,1,1,0,"GBSG2"
8.24572930354796,0,20,52,10,3,0,0,0,"GBSG2"
64.3561103810775,1,20,45,2,2,1,1,0,"GBSG2"
62.3193166885677,1,10,52,3,2,1,1,0,"GBSG2"
5.25624178712221,0,120,51,12,2,0,0,0,"GBSG2"
31.8659658344284,1,28,66,2,2,1,1,0,"GBSG2"
29.3035479632063,1,35,50,1,1,1,1,0,"GBSG2"
24.7371879106439,1,32,60,3,1,1,1,0,"GBSG2"
11.4323258869908,0,20,61,5,2,1,1,0,"GBSG2"
9.03416557161629,0,45,64,5,3,0,0,0,"GBSG2"
43.6596583442838,0,17,64,1,1,0,1,0,"GBSG2"
39.19185282523,0,35,51,1,3,0,0,0,"GBSG2"
22.9303547963206,0,30,63,7,2,0,0,0,"GBSG2"
14.323258869908,0,12,62,7,2,0,0,0,"GBSG2"
18.1340341655716,0,18,65,1,3,0,0,0,"GBSG2"
18.5282522996058,0,20,67,1,2,0,0,0,"GBSG2"
73.5545335085414,1,30,62,1,2,1,0,0,"GBSG2"
73.4888304862024,1,25,48,1,2,1,1,0,"GBSG2"
17.3784494086728,0,25,67,1,2,1,0,0,"GBSG2"
59.7897503285151,1,11,46,2,2,0,0,0,"GBSG2"
57.6872536136662,1,20,56,1,1,1,0,0,"GBSG2"
16.9185282522996,0,34,72,36,3,1,0,0,"GBSG2"
8.93561103810775,0,70,50,19,2,1,0,0,"GBSG2"
29.2706964520368,0,21,58,2,3,0,0,0,"GBSG2"
44.5466491458607,1,21,63,1,2,1,0,0,"GBSG2"
44.4152431011827,1,15,45,6,2,1,0,0,"GBSG2"
35.3810775295664,1,21,46,1,3,1,0,0,"GBSG2"
22.1747700394218,0,18,58,3,2,1,1,0,"GBSG2"
28.0880420499343,1,39,60,9,3,0,0,0,"GBSG2"
24.3101182654402,1,30,53,1,3,0,0,0,"GBSG2"
83.8042049934297,1,21,63,1,2,1,1,0,"GBSG2"
24.7700394218134,0,35,60,12,2,1,1,0,"GBSG2"
26.9053876478318,0,25,33,8,2,1,1,0,"GBSG2"
42.0499342969777,0,19,63,5,2,1,1,0,"GBSG2"
78.4494086727989,1,16,70,2,2,1,1,0,"GBSG2"
75.4270696452037,1,30,60,2,2,1,1,0,"GBSG2"
61.892247043364,1,25,54,1,2,1,0,0,"GBSG2"
34.7897503285151,0,25,64,3,3,1,1,0,"GBSG2"
28.2194480946123,1,55,57,6,3,1,1,0,"GBSG2"
36.4323258869908,1,21,50,1,1,0,1,0,"GBSG2"
39.1590013140604,0,20,53,1,2,0,0,0,"GBSG2"
59.3298291721419,0,20,77,4,3,1,1,0,"GBSG2"
16.4257555847569,0,60,47,15,2,1,0,0,"GBSG2"
52.2010512483574,0,20,41,4,2,1,0,0,"GBSG2"
48.0617608409987,0,30,47,5,2,1,1,0,"GBSG2"
59.9868593955322,1,25,63,2,2,1,0,0,"GBSG2"
40.4402102496715,1,22,48,4,2,1,1,0,"GBSG2"
36.6951379763469,1,15,40,1,2,1,1,0,"GBSG2"
27.4638633377135,0,30,57,8,2,1,1,0,"GBSG2"
40.1445466491459,1,40,47,2,2,1,1,0,"GBSG2"
21.7805519053876,1,22,46,4,2,1,1,0,"GBSG2"
23.718791064389,0,35,58,7,3,0,0,0,"GBSG2"
10.5781865965834,1,25,51,1,2,1,1,0,"GBSG2"
37.7792378449409,0,23,62,2,2,1,0,0,"GBSG2"
14.6517739816032,0,60,50,4,3,0,0,0,"GBSG2"
60.9395532194481,1,30,65,5,2,1,0,0,"GBSG2"
7.81865965834428,0,30,59,8,2,0,0,0,"GBSG2"
60.3810775295664,1,18,49,2,2,0,0,0,"GBSG2"
59.9868593955322,1,25,52,13,2,0,0,0,"GBSG2"
35.9067017082786,0,30,45,1,2,0,0,0,"GBSG2"
67.3784494086728,1,14,49,1,2,0,0,0,"GBSG2"
12.1550591327201,0,45,58,4,3,0,0,0,"GBSG2"
28.2851511169514,0,22,25,2,2,1,1,0,"GBSG2"
52.1353482260184,0,30,50,6,3,0,0,0,"GBSG2"
18.1340341655716,0,27,43,1,2,0,1,0,"GBSG2"
77.299605781866,1,12,46,1,2,1,0,0,"GBSG2"
81.1760840998686,1,24,64,5,3,1,1,0,"GBSG2"
29.3363994743758,0,43,63,5,2,1,1,0,"GBSG2"
68.7582128777924,0,35,40,2,2,1,1,0,"GBSG2"
85.80814717477,1,22,57,4,2,0,1,0,"GBSG2"
31.4060446780552,0,56,58,11,1,1,1,0,"GBSG2"
53.7779237844941,1,25,62,4,3,1,1,0,"GBSG2"
80.6833114323259,1,42,50,2,1,1,1,0,"GBSG2"
73.1603153745072,1,30,49,4,2,1,1,0,"GBSG2"
52.5952693823916,0,24,64,2,2,1,1,0,"GBSG2"
60.4796320630749,1,15,66,2,2,1,1,0,"GBSG2"
71.5177398160315,1,30,37,4,2,1,1,0,"GBSG2"
67.4113009198423,1,18,60,2,3,0,1,0,"GBSG2"
31.9645203679369,1,23,63,12,3,0,0,0,"GBSG2"
70.8278580814717,1,12,51,2,1,1,1,0,"GBSG2"
49.2444152431012,1,28,49,4,1,1,1,0,"GBSG2"
66.688567674113,1,7,57,1,2,0,0,0,"GBSG2"
18.8239159001314,0,14,68,6,2,1,1,0,"GBSG2"
54.73061760841,1,25,47,1,2,1,1,0,"GBSG2"
65.0131406044678,1,13,51,5,2,1,1,0,"GBSG2"
58.6727989487516,1,19,49,5,1,1,1,0,"GBSG2"
60.676741130092,1,28,63,4,2,1,1,0,"GBSG2"
65.9986859395532,1,15,64,1,2,1,1,0,"GBSG2"
63.2720105124836,1,24,65,1,2,1,1,0,"GBSG2"
48.9487516425756,1,13,63,1,2,1,1,0,"GBSG2"
7.65440210249671,0,23,33,10,3,0,0,0,"GBSG2"
40.7358738501971,1,35,44,6,2,0,1,0,"GBSG2"
57.5229960578187,1,13,47,3,2,1,1,0,"GBSG2"
61.6951379763469,1,19,46,11,1,1,1,0,"GBSG2"
38.4691195795007,1,26,52,1,2,0,1,0,"GBSG2"
57.5229960578187,1,55,62,8,3,0,0,0,"GBSG2"
57.6872536136662,1,24,61,2,2,1,1,0,"GBSG2"
23.4559789750328,0,27,60,6,2,1,1,0,"GBSG2"
49.4415243101183,1,44,67,10,2,1,1,0,"GBSG2"
25.4927726675427,0,78,47,14,2,1,1,0,"GBSG2"
47.4047306176084,1,38,70,2,3,1,1,0,"GBSG2"
43.2654402102497,1,11,50,1,1,1,0,0,"GBSG2"
28.580814717477,1,20,62,1,2,0,1,0,"GBSG2"
28.2194480946123,0,30,58,13,3,1,0,0,"GBSG2"
7.32588699080158,0,20,59,1,2,0,0,0,"GBSG2"
39.8160315374507,1,18,45,1,1,1,1,0,"GBSG2"
36.7608409986859,1,30,45,3,2,1,1,0,"GBSG2"
24.3101182654402,1,34,41,10,2,0,1,0,"GBSG2"
34.8883048620237,1,29,54,10,2,1,1,0,"GBSG2"
0.26281208935611,1,29,50,2,1,1,1,0,"GBSG2"
30.7490144546649,1,20,52,1,2,0,0,0,"GBSG2"
24.3101182654402,1,45,59,6,2,1,1,0,"GBSG2"
20.7621550591327,0,24,60,7,3,0,0,0,"GBSG2"
57.8186596583443,1,30,51,2,3,1,1,0,"GBSG2"
33.2785808147175,1,40,56,1,3,0,0,0,"GBSG2"
25.5913272010512,1,20,48,7,3,0,0,0,"GBSG2"
12.3193166885677,0,45,49,6,3,1,0,0,"GBSG2"
43.4625492772668,1,42,47,7,2,1,1,0,"GBSG2"
40.5059132720105,1,50,37,2,3,1,1,0,"GBSG2"
32.3915900131406,1,35,54,2,2,1,1,0,"GBSG2"
21.353482260184,1,35,49,7,2,0,0,0,"GBSG2"
20.6307490144547,1,28,54,4,3,0,0,0,"GBSG2"
61.3009198423127,1,29,44,1,2,1,1,0,"GBSG2"
16.1300919842313,0,18,38,4,2,0,1,0,"GBSG2"
63.0091984231275,0,34,51,3,2,1,1,0,"GBSG2"
2.36530880420499,0,8,59,5,2,1,0,0,"GBSG2"
37.4507227332457,0,49,52,6,3,0,0,0,"GBSG2"
26.2483574244415,0,32,64,4,2,1,1,0,"GBSG2"
36.3009198423127,0,37,55,1,2,1,1,0,"GBSG2"
18.0026281208936,0,22,61,2,2,1,1,0,"GBSG2"
7.45729303547963,0,28,44,17,3,0,0,0,"GBSG2"
60.3810775295664,1,24,38,3,2,0,1,0,"GBSG2"
60.2168199737188,1,11,43,1,1,1,1,0,"GBSG2"
18.0683311432326,0,36,65,2,3,0,0,0,"GBSG2"
13.9947437582129,0,48,59,1,3,1,0,0,"GBSG2"
60.2496714848883,1,31,38,10,1,1,1,0,"GBSG2"
52.6938239159001,1,25,47,3,2,1,1,0,"GBSG2"
25.3613666228647,1,35,59,5,2,1,0,0,"GBSG2"
37.6478318002628,0,30,47,9,1,1,1,0,"GBSG2"
12.1879106438896,0,25,36,2,2,1,1,0,"GBSG2"
29.0078843626807,0,24,47,20,2,0,1,0,"GBSG2"
56.9973718791064,1,23,38,3,3,0,1,0,"GBSG2"
18.1997371879106,0,23,50,8,2,1,1,0,"GBSG2"
25.9526938239159,0,5,44,10,2,0,1,0,"GBSG2"
44.0210249671485,1,22,54,2,2,1,1,0,"GBSG2"
16.0972404730618,0,30,52,12,2,1,1,0,"GBSG2"
51.149802890933,1,3,34,1,3,1,1,0,"GBSG2"
19.5137976346912,0,33,64,3,3,1,1,0,"GBSG2"
27.2010512483574,1,19,54,9,3,0,0,0,"GBSG2"
19.5137976346912,0,27,65,4,2,1,1,0,"GBSG2"
27.6281208935611,1,24,49,11,2,1,1,0,"GBSG2"
22.8318002628121,1,17,70,1,1,1,1,0,"GBSG2"
83.9684625492773,1,30,47,3,1,1,1,0,"GBSG2"
57.5886990801577,0,20,51,1,2,1,1,0,"GBSG2"
13.6990801576873,0,15,63,5,3,0,0,0,"GBSG2"
31.4060446780552,0,30,36,2,3,0,0,0,"GBSG2"
60.6438896189225,1,34,63,12,2,1,1,0,"GBSG2"
55.946123521682,1,70,47,5,2,1,1,0,"GBSG2"
56.5045992115637,1,21,51,1,3,0,0,0,"GBSG2"
44.5137976346912,1,30,62,1,2,1,1,0,"GBSG2"
52.6609724047306,1,40,56,3,3,0,0,0,"GBSG2"
15.6373193166886,0,33,62,5,1,1,1,0,"GBSG2"
44.3495400788436,1,30,61,8,2,1,1,0,"GBSG2"
44.053876478318,1,15,55,3,3,1,1,0,"GBSG2"
80.4533508541393,1,11,56,1,2,1,1,0,"GBSG2"
75.0985545335085,0,22,69,8,2,1,1,0,"GBSG2"
14.9802890932983,0,25,57,3,2,1,1,0,"GBSG2"
17.6084099868594,0,22,27,1,2,1,1,0,"GBSG2"
20.1051248357424,0,25,38,1,2,1,1,0,"GBSG2"
66.8199737187911,0,25,42,2,3,0,1,0,"GBSG2"
65.3745072273325,0,19,69,3,1,1,1,0,"GBSG2"
80.6833114323259,0,50,61,4,2,0,0,0,"GBSG2"
72.4375821287779,1,13,53,3,3,1,0,0,"GBSG2"
17.8712220762155,0,25,50,1,3,1,1,0,"GBSG2"
11.0381077529566,0,27,52,5,2,0,0,0,"GBSG2"
67.5755584756899,1,38,47,2,2,0,1,0,"GBSG2"
18.8896189224704,0,27,65,19,2,1,1,0,"GBSG2"
66.0643889618922,1,38,48,3,2,1,1,0,"GBSG2"
17.6412614980289,0,38,61,17,2,1,1,0,"GBSG2"
72.8318002628121,1,12,47,1,2,1,1,0,"GBSG2"
59.592641261498,0,20,46,11,2,1,1,0,"GBSG2"
29.2378449408673,0,15,59,1,2,1,1,0,"GBSG2"
36.5965834428384,1,22,60,1,3,1,1,0,"GBSG2"
31.9973718791064,1,33,65,6,2,1,1,0,"GBSG2"
9.72404730617608,1,28,44,1,2,0,0,0,"GBSG2"
76.215505913272,1,100,45,6,2,1,1,0,"GBSG2"
26.1169513797635,0,35,58,6,1,1,1,0,"GBSG2"
28.4822601839685,0,40,51,8,2,1,1,0,"GBSG2"
55.946123521682,1,15,49,1,2,1,1,0,"GBSG2"
22.0105124835742,0,30,43,2,2,1,1,0,"GBSG2"
32.227332457293,0,35,37,7,2,1,1,0,"GBSG2"
35.9395532194481,1,30,51,2,2,1,1,0,"GBSG2"
24.8028909329829,0,35,48,1,2,1,1,0,"GBSG2"
45.5978975032851,0,21,54,7,2,0,0,0,"GBSG2"
45.5650459921156,0,21,64,1,3,0,0,0,"GBSG2"
17.5755584756899,0,55,44,4,3,0,0,0,"GBSG2"
54.3035479632063,1,30,67,2,2,1,0,0,"GBSG2"
62.5492772667543,1,24,63,3,2,1,1,0,"GBSG2"
61.3666228646518,1,28,42,4,3,1,1,0,"GBSG2"
58.0486202365309,1,12,60,2,1,1,1,0,"GBSG2"
28.0880420499343,0,20,39,1,2,1,1,0,"GBSG2"
38.0091984231275,0,16,53,1,2,1,1,0,"GBSG2"
61.3994743758213,1,61,38,8,2,1,1,0,"GBSG2"
37.8449408672799,1,40,61,15,1,1,1,0,"GBSG2"
46.0249671484888,1,15,47,1,2,0,1,0,"GBSG2"
30.1576872536137,1,25,52,3,3,1,0,0,"GBSG2"
24.4743758212878,0,65,67,8,2,0,0,0,"GBSG2"
42.1484888304862,1,25,61,18,2,1,1,0,"GBSG2"
48.6530880420499,0,15,57,3,2,1,1,0,"GBSG2"
59.3626806833114,1,9,42,8,1,1,1,0,"GBSG2"
17.8055190538765,0,20,39,1,3,0,0,0,"GBSG2"
47.3390275952694,1,50,34,7,3,0,0,0,"GBSG2"
41.9513797634691,1,50,52,7,2,1,1,0,"GBSG2"
48.8173455978975,1,45,53,4,2,1,1,0,"GBSG2"
8.96846254927727,1,20,49,3,1,1,1,0,"GBSG2"
5.81471747700394,0,23,46,8,3,0,0,0,"GBSG2"
17.904073587385,0,36,36,1,2,1,1,0,"GBSG2"
38.9290407358738,1,28,39,3,2,0,0,0,"GBSG2"
20.7293035479632,1,28,46,16,3,0,1,0,"GBSG2"
32.6872536136662,1,70,47,1,2,1,1,0,"GBSG2"
35.742444152431,1,45,46,9,1,1,1,0,"GBSG2"
28.8107752956636,1,35,47,1,2,1,1,0,"GBSG2"
26.215505913272,1,18,57,6,2,1,1,0,"GBSG2"
78.1865965834428,1,25,60,7,2,1,1,0,"GBSG2"
55.1576872536137,0,36,64,2,2,1,1,0,"GBSG2"
16.3600525624179,0,40,54,4,3,0,0,0,"GBSG2"
70.2365308804205,1,27,54,5,2,1,1,0,"GBSG2"
71.4520367936925,1,35,46,6,2,1,1,0,"GBSG2"
74.6057818659658,1,17,49,2,2,1,1,0,"GBSG2"
0.558475689881735,1,18,50,1,3,0,0,0,"GBSG2"
31.6688567674113,0,15,55,3,2,1,1,0,"GBSG2"
17.7398160315375,0,23,45,4,2,0,0,0,"GBSG2"
24.5400788436268,0,30,51,10,3,1,1,0,"GBSG2"
21.353482260184,0,25,43,11,2,0,0,0,"GBSG2"
13.4691195795007,0,30,59,13,2,1,0,0,"GBSG2"
20.4993429697766,0,27,59,20,3,0,0,0,"GBSG2"
51.2483574244415,1,28,47,7,3,1,1,0,"GBSG2"
14.9474375821288,0,35,48,10,3,1,0,0,"GBSG2"
53.515111695138,1,16,47,2,2,1,1,0,"GBSG2"
56.8331143232589,1,21,49,5,2,1,1,0,"GBSG2"
48.718791064389,1,25,65,2,3,1,1,0,"GBSG2"
22.568988173456,0,21,60,1,2,1,1,0,"GBSG2"
10.1182654402102,0,35,52,1,3,0,0,0,"GBSG2"
18.4954007884363,0,22,48,4,2,0,1,0,"GBSG2"
1.51116951379763,1,20,62,1,2,1,1,0,"GBSG2"
70.4336399474376,1,20,46,2,2,1,1,0,"GBSG2"
11.3009198423127,0,21,59,4,2,1,0,0,"GBSG2"
31.0446780551905,1,21,69,1,3,1,1,0,"GBSG2"
62.5821287779238,1,45,68,3,1,1,1,0,"GBSG2"
28.0880420499343,0,35,74,11,2,1,0,0,"GBSG2"
77.8580814717477,1,50,45,2,1,1,1,0,"GBSG2"
28.0223390275953,1,55,43,1,2,1,1,0,"GBSG2"
22.7332457293035,1,28,44,4,3,1,1,0,"GBSG2"
15.6044678055191,0,24,44,5,3,1,1,0,"GBSG2"
72.1090670170828,1,17,72,1,2,1,1,0,"GBSG2"
24.9014454664915,1,7,80,7,2,1,1,0,"GBSG2"
21.2877792378449,0,100,49,35,2,1,1,0,"GBSG2"
25,1,12,57,1,1,1,1,0,"GBSG2"
19.5795006570302,1,32,60,8,3,1,1,0,"GBSG2"
6.40604467805519,0,37,76,24,3,0,1,0,"GBSG2"
15.53876478318,0,35,57,4,2,0,1,0,"GBSG2"
24.5400788436268,1,16,75,1,1,1,1,0,"GBSG2"
87.3521681997372,1,22,62,1,2,1,1,0,"GBSG2"
64.9474375821288,0,60,46,19,2,1,0,0,"GBSG2"
78.8764783180026,1,17,53,1,2,1,1,0,"GBSG2"
49.2444152431012,1,20,43,3,2,1,1,0,"GBSG2"
60.9724047306176,1,32,51,10,3,0,0,0,"GBSG2"
19.5466491458607,0,30,41,11,3,0,0,0,"GBSG2"
70.5650459921156,1,45,63,2,3,1,1,0,"GBSG2"
69.8423127463863,1,20,41,3,3,0,1,0,"GBSG2"
64.8817345597897,0,30,74,12,3,1,1,0,"GBSG2"
53.9093298291721,0,30,57,1,2,1,1,0,"GBSG2"
56.4060446780552,1,20,44,6,2,1,1,0,"GBSG2"
61.0381077529566,1,24,48,1,2,1,1,0,"GBSG2"
67.3127463863338,1,15,47,1,3,1,1,0,"GBSG2"
49.3429697766097,0,25,70,4,2,1,1,0,"GBSG2"
63.1406044678055,1,14,49,1,2,1,1,0,"GBSG2"
59.7240473061761,1,24,49,2,2,1,1,0,"GBSG2"
36.1366622864652,1,35,58,11,2,1,0,0,"GBSG2"
49.2444152431012,1,30,59,1,2,0,1,0,"GBSG2"
11.7936925098555,0,35,60,2,2,0,0,0,"GBSG2"
54.0407358738502,1,30,63,5,1,1,1,0,"GBSG2"
44.5466491458607,1,15,44,1,2,1,1,0,"GBSG2"
53.6136662286465,1,23,79,1,1,1,1,0,"GBSG2"
31.7674113009198,1,25,47,1,1,1,1,0,"GBSG2"
35.8409986859396,1,30,61,1,2,1,1,0,"GBSG2"
30.1576872536137,0,35,64,3,2,1,1,0,"GBSG2"
18.2982917214192,0,21,51,1,2,0,0,0,"GBSG2"
40.0459921156373,0,22,44,2,2,1,1,0,"GBSG2"
71.2877792378449,1,25,60,3,1,1,1,0,"GBSG2"
23.9487516425756,0,50,55,1,2,1,1,0,"GBSG2"
47.6018396846255,0,80,70,8,3,0,0,0,"GBSG2"
32.5558475689882,0,20,65,2,1,1,1,0,"GBSG2"
15.8015768725361,0,20,53,2,2,1,1,0,"GBSG2"
54.3692509855453,1,25,54,3,3,1,0,0,"GBSG2"
28.1537450722733,0,25,65,2,2,1,1,0,"GBSG2"
12.1222076215506,0,30,62,2,2,1,0,0,"GBSG2"
53.4494086727989,1,30,48,3,1,1,1,0,"GBSG2"
51.8396846254928,1,35,48,2,1,1,1,0,"GBSG2"
24.0473061760841,0,40,42,10,2,1,1,0,"GBSG2"
15.1116951379763,0,30,48,16,2,1,1,0,"GBSG2"
39.6846254927727,1,25,66,2,1,1,1,0,"GBSG2"
23.9816031537451,0,25,63,13,2,1,1,0,"GBSG2"
23.718791064389,1,35,64,4,1,1,1,0,"GBSG2"
23.5545335085414,1,35,68,2,2,1,0,0,"GBSG2"
21.3863337713535,1,40,44,4,2,1,1,0,"GBSG2"
20.9264126149803,1,27,43,2,2,1,1,0,"GBSG2"
20.203679369251,1,35,67,3,2,1,1,0,"GBSG2"
1.37976346911958,1,20,37,9,2,0,0,0,"GBSG2"
10.0854139290407,0,23,54,10,3,0,1,0,"GBSG2"
32.2930354796321,0,17,52,4,2,1,1,0,"GBSG2"
3.94218134034166,0,80,43,11,3,0,0,0,"GBSG2"
50.0985545335085,0,31,56,1,2,1,1,0,"GBSG2"
55.1905387647832,1,21,42,4,1,1,1,0,"GBSG2"
56.8331143232589,0,16,56,10,2,0,0,0,"GBSG2"
26.4454664914586,0,36,61,6,2,1,1,0,"GBSG2"
78.4494086727989,1,17,67,4,2,1,1,0,"GBSG2"
18.3639947437582,0,21,63,2,1,1,1,0,"GBSG2"
64.9474375821288,1,20,66,9,2,1,0,0,"GBSG2"
15.6373193166886,0,25,37,1,3,0,1,0,"GBSG2"
49.7371879106439,1,16,71,1,2,1,1,0,"GBSG2"
53.1208935611038,1,28,43,1,1,1,1,0,"GBSG2"
35.9395532194481,0,22,64,1,3,1,0,0,"GBSG2"
25.7555847568988,0,27,64,3,2,1,1,0,"GBSG2"
5.946123521682,0,32,46,5,2,1,0,0,"GBSG2"
13.6333771353482,0,50,45,7,2,1,1,0,"GBSG2"
36.7936925098555,0,24,67,4,2,1,1,0,"GBSG2"
10.3810775295664,0,25,37,8,3,0,0,0,"GBSG2"
20.9264126149803,0,22,65,6,1,1,1,0,"GBSG2"
8.11432325886991,0,15,21,3,2,1,1,0,"GBSG2"
29.1721419185283,1,21,54,7,2,1,1,0,"GBSG2"
20.4336399474376,0,45,46,8,2,0,0,0,"GBSG2"
26.4783180026281,1,18,63,1,2,1,1,0,"GBSG2"
38.2063074901445,1,31,46,1,3,0,0,0,"GBSG2"
56.5374507227332,1,31,58,2,2,1,1,0,"GBSG2"
24.3429697766097,1,15,48,2,2,1,1,0,"GBSG2"
12.2207621550591,0,23,41,2,3,0,1,0,"GBSG2"
43.7253613666229,1,17,32,1,3,0,1,0,"GBSG2"
12.9434954007884,0,42,66,11,3,1,1,0,"GBSG2"
21.419185282523,1,14,64,1,2,1,1,0,"GBSG2"
21.5834428383706,1,13,50,5,3,1,0,0,"GBSG2"
18.6268068331143,1,23,47,2,3,0,1,0,"GBSG2"
14.0932982917214,1,15,60,7,1,0,1,0,"GBSG2"
18.5939553219448,1,23,49,2,2,1,1,0,"GBSG2"
0.492772667542707,1,60,57,18,3,1,1,0,"GBSG2"
3.21944809461235,0,50,57,13,3,1,1,0,"GBSG2"
12.0893561103811,1,15,67,1,1,1,1,0,"GBSG2"
14.19185282523,1,25,58,1,1,1,1,0,"GBSG2"
10.4796320630749,1,25,61,2,2,1,1,0,"GBSG2"
2.1353482260184,1,22,65,8,2,0,0,0,"GBSG2"
0.525624178712221,1,70,44,19,2,1,1,0,"GBSG2"
0.9526938239159,1,18,61,4,3,0,0,0,"GBSG2"
0.591327201051248,1,22,62,7,2,1,1,0,"GBSG2"
0.558475689881735,1,50,51,5,2,1,1,0,"GBSG2"
10.1182654402102,0,23,47,5,3,0,0,0,"GBSG2"
64.5532194480946,1,15,44,1,2,0,0,0,"GBSG2"
18.0026281208936,0,35,61,16,3,1,0,0,"GBSG2"
9.62549277266754,0,21,48,8,3,0,0,0,"GBSG2"
66.2614980289093,1,16,51,5,2,1,1,0,"GBSG2"
35.9067017082786,1,22,66,4,2,1,1,0,"GBSG2"
26.0183968462549,1,14,45,1,3,1,0,0,"GBSG2"
19.2509855453351,0,21,66,1,2,1,0,0,"GBSG2"
47.1090670170828,1,40,69,1,3,0,0,0,"GBSG2"
2.20105124835742,1,20,49,7,2,1,1,0,"GBSG2"
20.4664914586071,1,12,62,5,2,1,1,0,"GBSG2"
69.9080157687254,1,19,33,2,2,0,0,0,"GBSG2"
64.5532194480946,1,30,46,2,2,1,1,0,"GBSG2"
70.9921156373193,1,20,47,1,2,1,1,0,"GBSG2"
38.8633377135348,0,35,35,4,2,0,0,0,"GBSG2"
36.3994743758213,0,40,34,1,3,1,0,0,"GBSG2"
67.838370565046,1,24,38,1,1,1,1,0,"GBSG2"
52.496714848883,1,27,54,1,3,1,1,0,"GBSG2"
16.1300919842313,0,55,31,3,2,1,1,0,"GBSG2"
44.8751642575558,0,25,41,5,2,0,0,0,"GBSG2"
13.9290407358738,1,55,43,1,2,1,0,0,"GBSG2"
28.2194480946123,0,35,52,21,2,1,1,0,"GBSG2"
5.91327201051248,0,25,65,18,3,0,0,0,"GBSG2"
53.3837056504599,1,45,47,2,2,1,1,0,"GBSG2"
63.6662286465177,1,10,65,2,1,1,1,0,"GBSG2"
44.119579500657,0,37,53,5,2,1,1,0,"GBSG2"
21.2220762155059,0,15,45,3,2,1,1,0,"GBSG2"
72.0105124835742,1,19,53,1,3,1,1,0,"GBSG2"
16.4914586070959,0,25,50,3,2,1,0,0,"GBSG2"
55.0262812089356,1,50,54,6,3,0,0,0,"GBSG2"
44.7766097240473,0,40,64,23,2,1,1,0,"GBSG2"
13.7976346911958,0,15,29,12,3,1,1,0,"GBSG2"
32.2601839684625,0,60,48,4,1,1,1,0,"GBSG2"
47.9303547963206,1,30,40,3,3,1,0,0,"GBSG2"
39.1590013140604,1,35,65,1,2,1,0,0,"GBSG2"
41.5243101182654,1,40,50,1,2,1,1,0,"GBSG2"
35.9724047306176,1,34,55,6,2,1,1,0,"GBSG2"
35.4139290407359,1,42,51,7,2,1,1,0,"GBSG2"
24.2115637319317,1,12,59,1,3,0,0,0,"GBSG2"
15.1445466491459,1,4,51,4,1,1,1,0,"GBSG2"
15.2759526938239,0,22,35,13,2,1,1,0,"GBSG2"
27.6609724047306,0,52,48,11,2,0,0,0,"GBSG2"
30.1576872536137,1,40,48,1,2,1,0,0,"GBSG2"
12.2864651773982,0,39,62,4,2,1,1,0,"GBSG2"
35.7752956636005,1,40,47,1,2,1,1,0,"GBSG2"
50.1642575558476,1,19,51,2,2,1,1,0,"GBSG2"
9.36268068331143,0,40,42,10,2,0,1,0,"GBSG2"
42.904073587385,0,27,63,1,2,0,0,0,"GBSG2"
26.1826544021025,0,20,62,7,2,0,0,0,"GBSG2"
47.3390275952694,1,15,57,1,2,1,1,0,"GBSG2"
11.2680683311432,0,29,25,3,2,0,0,0,"GBSG2"
30.7490144546649,1,30,35,4,3,1,1,0,"GBSG2"
6.40604467805519,1,30,51,1,2,1,1,0,"GBSG2"
16.5243101182654,0,25,51,2,2,1,0,0,"GBSG2"
27.1681997371879,0,30,47,10,2,0,0,0,"GBSG2"
46.8791064388962,1,30,34,2,2,1,1,0,"GBSG2"
28.0551905387648,1,30,68,1,2,1,1,0,"GBSG2"
5.81471747700394,0,30,64,12,3,1,1,0,"GBSG2"
9.23127463863338,0,55,42,7,3,1,1,0,"GBSG2"
6.73455978975033,0,35,37,1,3,1,1,0,"GBSG2"
24.6714848883049,1,45,65,17,2,1,1,0,"GBSG2"
20.6636005256242,0,27,62,13,2,1,1,0,"GBSG2"
17.2798948751643,1,24,36,2,3,0,0,0,"GBSG2"
15.2102496714849,1,22,49,3,3,0,0,0,"GBSG2"
17.3784494086728,1,30,45,2,1,1,1,0,"GBSG2"
20.4664914586071,1,22,38,10,2,1,1,0,"GBSG2"
17.9369250985545,1,40,55,13,2,0,0,0,"GBSG2"
6.99737187910644,1,17,57,3,2,1,1,0,"GBSG2"
9.06701708278581,1,40,47,1,2,1,0,0,"GBSG2"
66.0315374507227,1,22,51,4,2,1,1,0,"GBSG2"
65.9986859395532,1,13,45,4,3,1,1,0,"GBSG2"
65.1773981603154,1,10,41,2,1,1,1,0,"GBSG2"
65.0788436268068,1,32,39,9,2,0,0,0,"GBSG2"
20.4993429697766,0,26,53,8,3,0,0,0,"GBSG2"
24.3758212877792,0,35,59,4,2,0,0,0,"GBSG2"
59.7240473061761,1,10,53,2,2,1,1,0,"GBSG2"
49.0473061760841,0,100,60,10,2,1,1,0,"GBSG2"
47.0433639947438,1,29,50,2,1,1,1,0,"GBSG2"
26.3140604467806,0,18,51,1,1,1,1,0,"GBSG2"
38.8304862023653,1,25,51,2,2,1,1,0,"GBSG2"
2.33245729303548,1,18,43,1,2,1,0,0,"GBSG2"
3.74507227332457,1,20,55,4,1,1,0,0,"GBSG2"
2.06964520367937,1,20,52,3,2,1,0,0,"GBSG2"
56.5703022339028,1,32,57,2,2,1,1,0,"GBSG2"
55.5847568988173,1,18,46,1,2,1,1,0,"GBSG2"
5.81471747700394,1,25,45,1,3,0,0,0,"GBSG2"
1.87253613666229,1,32,43,1,2,1,1,0,"GBSG2"
37.8449408672799,1,26,64,2,2,1,1,0,"GBSG2"
24.0801576872536,1,35,62,1,2,1,0,0,"GBSG2"
47.9303547963206,0,22,37,3,1,1,1,0,"GBSG2"
73.4888304862024,1,21,64,3,2,1,1,0,"GBSG2"
30.6504599211564,1,60,45,3,2,1,1,0,"GBSG2"
67.5427069645204,1,18,48,1,1,1,1,0,"GBSG2"
56.8002628120894,1,50,50,6,2,0,0,0,"GBSG2"
66.4914586070959,1,20,32,6,2,0,0,0,"GBSG2"
66.9842312746386,0,19,49,2,2,1,1,0,"GBSG2"
66.5900131406045,1,28,33,1,3,0,0,0,"GBSG2"
65.9329829172142,1,35,58,1,2,1,0,0,"GBSG2"
41.1629434954008,0,25,57,1,2,1,1,0,"GBSG2"
58.7713534822602,1,35,45,2,2,1,1,0,"GBSG2"
56.07752956636,1,30,66,5,1,1,1,0,"GBSG2"
56.3074901445466,1,37,52,3,2,1,1,0,"GBSG2"
56.4060446780552,1,25,49,3,2,1,1,0,"GBSG2"
10.80814717477,0,22,49,1,2,1,1,0,"GBSG2"
53.3508541392904,1,45,48,1,1,1,1,0,"GBSG2"
52.5624178712221,1,60,62,1,2,1,1,0,"GBSG2"
12.6478318002628,0,35,60,3,2,1,1,0,"GBSG2"
48.4559789750328,1,10,45,1,2,0,1,0,"GBSG2"
47.1419185282523,1,37,60,1,1,1,1,0,"GBSG2"
17.772667542707,1,60,42,15,2,0,0,0,"GBSG2"
43.6596583442838,1,36,57,1,3,1,1,0,"GBSG2"
44.5795006570302,1,27,53,12,3,1,1,0,"GBSG2"
44.119579500657,1,55,56,3,3,1,1,0,"GBSG2"
24.5729303547963,0,23,46,2,2,1,1,0,"GBSG2"
35.80814717477,0,30,49,2,2,1,1,0,"GBSG2"
40.0459921156373,1,32,56,2,2,1,1,0,"GBSG2"
18.1668856767411,1,24,59,1,2,1,1,0,"GBSG2"
21.7477003942181,0,42,56,5,1,1,1,0,"GBSG2"
31.8331143232589,1,32,46,1,2,1,1,0,"GBSG2"
31.9973718791064,1,27,61,5,2,1,1,0,"GBSG2"
28.4494086727989,0,40,40,6,2,0,1,0,"GBSG2"
16.557161629435,0,40,60,6,2,1,0,0,"GBSG2"
23.6859395532194,1,30,49,3,3,1,0,0,"GBSG2"
6.11038107752957,1,25,53,17,3,0,0,0,"GBSG2"
25.2628120893561,0,25,51,5,3,0,1,0,"GBSG2"
23.8830486202365,0,23,52,3,2,1,1,0,"GBSG2"
55.880420499343,0,23,55,9,2,1,1,0,"GBSG2"
77.7595269382392,0,90,43,0,3,0,0,0,"GSE96058"
77.7595269382392,0,140,48,1,2,1,1,0,"GSE96058"
71.2220762155059,1,270,69,1,3,1,1,0,"GSE96058"
79.3692509855453,0,510,39,1,3,1,0,1,"GSE96058"
78.4822601839685,0,600,73,1,2,1,0,0,"GSE96058"
77.9566360052562,0,130,40,0,3,0,0,0,"GSE96058"
78.1865965834428,0,100,82,0,2,1,0,1,"GSE96058"
76.3469119579501,0,60,67,0,2,1,0,1,"GSE96058"
77.7595269382392,0,160,71,1,2,1,1,0,"GSE96058"
64.4546649145861,1,170,64,1,3,1,1,1,"GSE96058"
78.0880420499343,0,320,78,1,2,1,1,0,"GSE96058"
77.6281208935611,0,150,44,0,2,1,1,0,"GSE96058"
78.4494086727989,0,170,71,0,2,0,0,0,"GSE96058"
79.0078843626807,0,120,28,0,3,0,0,0,"GSE96058"
77.5624178712221,0,150,40,1,2,1,1,0,"GSE96058"
46.7805519053876,1,110,65,0,2,1,1,0,"GSE96058"
75.4270696452037,0,140,45,1,2,1,1,0,"GSE96058"
78.9750328515112,0,200,46,1,2,1,1,0,"GSE96058"
76.149802890933,0,250,49,0,3,1,1,1,"GSE96058"
60.742444152431,1,140,71,0,2,1,1,0,"GSE96058"
73.915900131406,0,130,82,0,3,1,0,0,"GSE96058"
73.0617608409987,0,90,51,0,2,1,1,0,"GSE96058"
49.4415243101183,1,220,82,0,2,1,1,0,"GSE96058"
76.9382391590013,0,80,45,0,2,1,1,0,"GSE96058"
78.1865965834428,0,170,72,1,3,0,0,1,"GSE96058"
74.1130091984231,0,270,62,0,3,0,0,1,"GSE96058"
31.9973718791064,1,250,70,1,3,0,0,1,"GSE96058"
73.1931668856767,0,120,61,1,2,1,1,0,"GSE96058"
75.9198423127464,0,60,45,0,2,1,1,0,"GSE96058"
75.9855453350854,0,110,50,1,2,1,1,0,"GSE96058"
73.3902759526938,0,180,50,0,2,1,1,1,"GSE96058"
76.6425755584757,0,170,55,0,2,1,1,0,"GSE96058"
76.7082785808147,0,170,65,1,3,1,1,0,"GSE96058"
77.365308804205,0,320,65,1,3,1,0,0,"GSE96058"
68.1997371879106,0,140,84,0,2,1,1,0,"GSE96058"
75.0328515111695,0,190,51,0,2,1,1,0,"GSE96058"
23.8173455978975,1,450,65,0,3,1,0,0,"GSE96058"
73.2588699080158,0,250,81,0,2,1,1,0,"GSE96058"
77.5295663600526,0,110,74,0,2,1,1,0,"GSE96058"
77.1353482260184,0,260,76,1,2,1,1,0,"GSE96058"
76.9053876478318,0,10,41,0,3,0,0,1,"GSE96058"
75.4270696452037,0,110,48,1,2,1,1,0,"GSE96058"
77.365308804205,0,130,67,1,2,1,1,0,"GSE96058"
13.6005256241787,1,110,79,0,2,1,1,0,"GSE96058"
73.9487516425756,0,160,55,0,2,1,1,0,"GSE96058"
73.915900131406,0,110,56,0,3,0,0,0,"GSE96058"
39.8160315374507,1,250,76,0,3,0,0,0,"GSE96058"
75.4599211563732,0,160,45,0,2,1,1,0,"GSE96058"
30.3219448094612,1,180,67,1,2,1,1,0,"GSE96058"
75.3285151116951,0,160,46,0,2,1,1,0,"GSE96058"
75.9198423127464,0,180,55,0,2,1,1,0,"GSE96058"
72.7660972404731,0,220,67,0,3,1,1,0,"GSE96058"
69.3495400788436,0,110,53,1,2,1,1,0,"GSE96058"
75.1971090670171,0,90,61,0,2,1,1,0,"GSE96058"
72.8318002628121,0,90,69,0,2,1,1,0,"GSE96058"
66.4914586070959,0,270,64,0,2,1,1,0,"GSE96058"
66.5900131406045,0,250,66,0,3,0,0,0,"GSE96058"
66.0643889618922,0,110,50,0,2,1,1,0,"GSE96058"
73.0617608409987,0,350,69,0,2,1,1,0,"GSE96058"
74.5400788436268,0,220,64,0,3,1,1,0,"GSE96058"
74.3101182654402,0,140,54,0,2,1,0,0,"GSE96058"
74.3429697766097,0,110,73,0,2,1,0,0,"GSE96058"
74.5072273324573,0,70,61,0,2,1,1,0,"GSE96058"
73.2260183968463,0,90,51,1,2,1,0,1,"GSE96058"
73.4559789750328,0,300,73,0,3,0,0,1,"GSE96058"
73.9816031537451,0,320,62,1,3,1,1,0,"GSE96058"
71.6491458607096,0,260,52,0,3,1,0,1,"GSE96058"
68.9224704336399,0,330,73,0,2,1,0,0,"GSE96058"
72.503285151117,0,120,66,1,2,1,1,0,"GSE96058"
72.3390275952694,0,220,88,1,2,1,1,0,"GSE96058"
49.2772667542707,1,180,68,0,3,0,0,0,"GSE96058"
73.2917214191853,0,110,71,0,2,1,1,0,"GSE96058"
72.9960578186597,0,360,82,1,3,1,1,0,"GSE96058"
67.4441524310118,0,150,74,0,2,1,1,0,"GSE96058"
72.9960578186597,0,140,62,0,2,1,1,0,"GSE96058"
72.8318002628121,0,140,48,1,2,1,1,0,"GSE96058"
72.1090670170828,0,120,68,0,2,1,1,0,"GSE96058"
71.8791064388962,0,270,60,0,3,0,0,0,"GSE96058"
57.3587385019711,1,40,63,0,2,1,1,0,"GSE96058"
72.0762155059133,0,120,67,0,2,1,0,1,"GSE96058"
29.5992115637319,1,140,65,0,2,1,1,0,"GSE96058"
39.1261498028909,1,160,67,0,2,1,1,0,"GSE96058"
69.9408672798949,0,140,42,1,2,1,1,0,"GSE96058"
70.203679369251,0,450,82,0,2,1,1,0,"GSE96058"
67.2798948751643,0,90,46,1,2,1,1,0,"GSE96058"
72.3390275952694,0,130,73,0,2,1,1,0,"GSE96058"
68.4296977660972,0,150,69,0,2,1,1,0,"GSE96058"
69.6123521681997,0,160,67,1,2,1,1,0,"GSE96058"
61.957950065703,1,120,71,0,2,1,1,0,"GSE96058"
71.5834428383706,0,80,68,1,2,1,1,0,"GSE96058"
66.4914586070959,0,210,48,1,2,1,1,0,"GSE96058"
70.6964520367937,0,900,49,1,3,1,1,0,"GSE96058"
66.3272010512484,0,180,81,0,2,1,1,0,"GSE96058"
71.3863337713535,0,140,53,0,3,0,0,0,"GSE96058"
71.3863337713535,0,550,74,1,2,1,0,0,"GSE96058"
62.3850197109067,0,140,76,0,3,1,0,0,"GSE96058"
66.2286465177398,0,110,70,0,2,1,0,0,"GSE96058"
64.4218134034166,0,250,66,0,2,1,1,0,"GSE96058"
68.0026281208936,0,20,49,0,3,1,1,0,"GSE96058"
68.6268068331143,0,170,69,0,3,1,1,0,"GSE96058"
70.4007884362681,0,170,81,1,2,1,1,0,"GSE96058"
70.2365308804205,0,110,86,1,3,1,1,0,"GSE96058"
67.7398160315374,0,110,65,0,2,1,1,0,"GSE96058"
55.3219448094612,1,350,66,1,2,1,1,0,"GSE96058"
51.3469119579501,1,110,57,1,3,0,0,0,"GSE96058"
64.8160315374507,0,180,43,1,2,1,1,0,"GSE96058"
68.6925098554534,0,280,69,1,3,1,1,0,"GSE96058"
68.8239159001314,0,70,58,0,2,1,1,0,"GSE96058"
66.5900131406045,0,200,63,1,2,1,1,0,"GSE96058"
69.5795006570302,0,210,71,0,2,1,1,0,"GSE96058"
68.0026281208936,0,200,46,0,2,1,1,0,"GSE96058"
68.1668856767411,0,150,67,1,2,1,1,0,"GSE96058"
64.257555847569,0,250,52,0,3,1,1,1,"GSE96058"
69.3166885676741,0,120,48,1,2,1,1,0,"GSE96058"
20.6636005256242,1,110,74,0,2,1,0,0,"GSE96058"
66.5900131406045,0,160,70,0,2,1,1,0,"GSE96058"
64.8817345597897,0,110,84,0,2,1,1,0,"GSE96058"
64.7174770039422,0,220,63,1,2,1,1,1,"GSE96058"
66.7214191852825,0,140,73,0,2,1,1,0,"GSE96058"
66.754270696452,0,110,69,0,2,1,1,0,"GSE96058"
66.754270696452,0,270,64,1,2,1,1,0,"GSE96058"
69.0867279894875,0,260,84,1,2,1,1,0,"GSE96058"
68.6596583442838,0,100,68,1,2,1,1,0,"GSE96058"
67.1813403416557,0,80,69,0,2,1,1,0,"GSE96058"
65.407358738502,0,180,57,0,3,1,1,1,"GSE96058"
30.5847568988173,1,120,61,0,2,1,1,0,"GSE96058"
67.2798948751643,0,110,24,1,2,1,1,0,"GSE96058"
67.7069645203679,0,190,48,0,2,1,1,0,"GSE96058"
62.1879106438896,0,110,64,0,2,1,1,0,"GSE96058"
67.9369250985545,0,220,69,0,2,1,1,0,"GSE96058"
67.6741130091984,0,500,64,1,2,1,1,0,"GSE96058"
54.6320630749014,0,120,60,0,3,1,0,1,"GSE96058"
67.4113009198423,0,290,64,1,2,1,1,0,"GSE96058"
67.6741130091984,0,90,68,0,2,1,1,0,"GSE96058"
68.6268068331143,0,170,58,1,3,1,1,0,"GSE96058"
64.19185282523,0,170,58,0,2,1,1,1,"GSE96058"
55.5190538764783,0,260,64,1,2,1,1,0,"GSE96058"
65.2431011826544,0,100,48,1,2,1,1,0,"GSE96058"
64.9802890932983,0,70,64,0,2,1,0,0,"GSE96058"
64.4218134034166,0,60,69,0,2,1,1,0,"GSE96058"
63.7647831800263,0,240,51,1,3,0,0,0,"GSE96058"
64.1590013140604,0,210,58,0,3,0,0,1,"GSE96058"
64.7174770039422,0,110,58,0,2,1,1,0,"GSE96058"
63.9947437582129,0,280,48,1,2,1,1,0,"GSE96058"
62.1550591327201,0,210,63,1,2,1,1,0,"GSE96058"
63.7319316688568,0,90,66,0,2,1,0,0,"GSE96058"
65.6044678055191,0,180,64,1,2,1,1,0,"GSE96058"
64.9145860709593,0,120,36,0,2,1,1,0,"GSE96058"
63.9290407358738,0,230,52,1,2,1,1,0,"GSE96058"
65.9001314060447,0,110,68,0,2,1,1,0,"GSE96058"
66.8199737187911,0,100,32,0,3,0,0,0,"GSE96058"
66.9842312746386,0,130,60,0,2,1,1,0,"GSE96058"
65.8344283837056,0,120,39,0,3,1,1,0,"GSE96058"
66.7214191852825,0,100,62,0,2,1,1,0,"GSE96058"
57.1287779237845,1,200,82,0,3,0,0,0,"GSE96058"
46.9448094612352,1,260,73,1,2,1,1,1,"GSE96058"
57.6544021024967,0,220,80,1,2,1,1,1,"GSE96058"
65.9986859395532,0,120,73,0,2,1,1,0,"GSE96058"
65.9001314060447,0,210,85,0,2,1,1,0,"GSE96058"
66.1300919842313,0,250,83,1,2,1,1,0,"GSE96058"
67.2470433639947,0,80,70,1,2,1,1,0,"GSE96058"
62.2536136662286,0,60,73,0,2,1,1,0,"GSE96058"
67.1813403416557,0,220,59,0,3,0,0,0,"GSE96058"
61.4980289093298,0,90,69,0,2,1,1,0,"GSE96058"
62.1879106438896,0,190,42,1,2,1,1,0,"GSE96058"
59.6583442838371,0,190,50,1,2,1,0,0,"GSE96058"
63.5348226018397,0,100,70,0,2,1,1,0,"GSE96058"
63.5348226018397,0,150,51,0,2,1,1,0,"GSE96058"
63.5348226018397,0,150,69,0,2,1,0,0,"GSE96058"
63.5348226018397,0,140,64,0,3,0,0,0,"GSE96058"
62.4178712220762,0,200,74,0,2,1,1,0,"GSE96058"
61.9250985545335,0,110,69,0,2,1,0,0,"GSE96058"
63.3048620236531,0,60,69,0,2,1,1,0,"GSE96058"
54.8291721419185,0,120,40,0,3,1,0,1,"GSE96058"
63.107752956636,0,70,72,0,2,1,1,0,"GSE96058"
63.107752956636,0,170,58,1,2,1,1,0,"GSE96058"
55.5519053876478,0,140,67,0,2,1,1,1,"GSE96058"
63.0749014454665,0,120,42,1,2,1,1,1,"GSE96058"
59.6911957950066,0,130,76,1,3,1,1,0,"GSE96058"
60.5453350854139,0,130,76,1,2,1,1,0,"GSE96058"
64.19185282523,0,320,47,1,2,1,1,0,"GSE96058"
59.6583442838371,0,140,66,0,2,1,1,0,"GSE96058"
59.4940867279895,0,210,42,0,2,1,1,0,"GSE96058"
61.0052562417871,0,70,65,0,2,1,0,0,"GSE96058"
57.4244415243101,0,270,64,1,2,1,0,0,"GSE96058"
59.0341655716163,0,120,57,0,2,1,1,0,"GSE96058"
62.4178712220762,0,110,73,0,2,1,1,0,"GSE96058"
59.1655716162944,0,70,61,0,2,0,0,0,"GSE96058"
62.5821287779238,0,110,56,0,3,1,0,0,"GSE96058"
62.8777923784494,0,130,60,0,3,1,1,0,"GSE96058"
59.9211563731932,0,290,44,0,2,1,1,0,"GSE96058"
62.5821287779238,0,150,68,1,2,1,1,0,"GSE96058"
58.0157687253614,0,230,68,0,2,1,0,0,"GSE96058"
60.0854139290407,0,70,72,0,2,1,1,0,"GSE96058"
62.8777923784494,0,300,60,1,3,1,1,1,"GSE96058"
63.042049934297,0,220,71,1,2,1,1,0,"GSE96058"
62.8777923784494,0,250,69,0,2,1,1,0,"GSE96058"
62.8449408672799,0,60,64,0,2,1,1,0,"GSE96058"
62.6149802890933,0,110,58,0,2,1,1,0,"GSE96058"
58.5085413929041,0,160,82,0,2,1,1,0,"GSE96058"
59.4940867279895,0,90,62,0,3,0,0,0,"GSE96058"
55.8147174770039,0,200,42,1,2,1,1,0,"GSE96058"
56.8331143232589,0,110,63,0,2,1,0,0,"GSE96058"
54.796320630749,0,700,70,0,2,1,1,0,"GSE96058"
56.1760840998686,0,150,47,0,2,1,1,1,"GSE96058"
59.4283837056505,0,150,52,1,2,1,1,0,"GSE96058"
56.011826544021,0,270,49,0,2,1,0,0,"GSE96058"
58.5742444152431,0,160,64,0,2,1,1,0,"GSE96058"
59.6254927726675,0,220,55,1,3,1,1,1,"GSE96058"
61.0052562417871,0,150,64,1,2,1,1,0,"GSE96058"
57.8186596583443,0,120,74,0,2,1,1,0,"GSE96058"
60.3482260183968,0,160,63,0,2,1,1,0,"GSE96058"
61.2023653088042,0,110,67,0,2,1,1,0,"GSE96058"
54.1064388961892,0,220,70,1,2,0,0,0,"GSE96058"
61.2680683311432,0,90,44,0,2,1,1,1,"GSE96058"
54.3363994743758,0,40,41,0,2,1,1,0,"GSE96058"
57.7858081471748,0,160,80,0,2,1,1,0,"GSE96058"
60.3153745072273,0,120,62,0,2,1,1,0,"GSE96058"
60.5453350854139,0,130,64,1,2,1,1,0,"GSE96058"
54.5663600525624,0,320,67,1,2,1,1,0,"GSE96058"
61.0381077529566,0,170,69,0,2,1,1,0,"GSE96058"
51.215505913272,0,240,51,1,2,1,1,0,"GSE96058"
61.7279894875164,0,210,44,0,2,1,1,0,"GSE96058"
58.2785808147175,0,110,63,1,2,1,1,0,"GSE96058"
43.4296977660972,1,100,72,0,2,1,0,0,"GSE96058"
54.9934296977661,0,130,50,0,2,1,1,1,"GSE96058"
48.6530880420499,0,350,39,1,2,1,1,0,"GSE96058"
47.6675427069645,0,240,71,1,2,1,1,0,"GSE96058"
45.6636005256242,0,160,49,0,3,0,0,0,"GSE96058"
44.6780551905388,0,20,51,1,3,1,1,0,"GSE96058"
44.3166885676741,0,220,66,0,3,1,0,0,"GSE96058"
46.8462549277267,0,170,60,0,2,0,0,1,"GSE96058"
57.3915900131406,0,150,66,0,2,1,1,1,"GSE96058"
57.3587385019711,0,170,72,0,3,1,1,1,"GSE96058"
56.4717477003942,0,300,69,1,2,0,0,0,"GSE96058"
52.7923784494087,0,300,37,1,2,1,1,0,"GSE96058"
51.8068331143233,0,30,33,1,3,1,1,0,"GSE96058"
45.0065703022339,0,0,44,0,3,1,0,1,"GSE96058"
50.6241787122208,0,220,34,0,2,1,1,1,"GSE96058"
54.8291721419185,0,210,78,1,2,1,1,0,"GSE96058"
54.0735873850197,0,130,59,0,2,1,1,0,"GSE96058"
55.2562417871222,0,280,60,0,2,1,0,0,"GSE96058"
54.862023653088,0,150,49,0,2,1,0,1,"GSE96058"
41.5900131406045,1,600,82,1,2,1,1,0,"GSE96058"
54.0735873850197,0,180,44,0,2,1,1,1,"GSE96058"
54.796320630749,0,180,69,0,2,1,1,0,"GSE96058"
55.5519053876478,0,240,47,1,2,1,1,0,"GSE96058"
55.0262812089356,0,90,62,1,3,0,0,1,"GSE96058"
28.2194480946123,1,250,80,1,3,1,0,0,"GSE96058"
55.5519053876478,0,130,65,1,2,1,1,0,"GSE96058"
54.0735873850197,0,70,63,0,2,1,1,0,"GSE96058"
54.1064388961892,0,100,63,0,2,1,0,0,"GSE96058"
54.3363994743758,0,130,67,1,2,1,1,0,"GSE96058"
55.7818659658344,0,290,59,1,2,1,1,1,"GSE96058"
56.0446780551905,0,150,63,0,3,0,0,0,"GSE96058"
57.161629434954,0,160,67,0,3,1,1,0,"GSE96058"
54.3363994743758,0,80,68,1,2,1,1,0,"GSE96058"
57.3915900131406,0,130,51,0,3,1,1,1,"GSE96058"
18.5611038107753,1,300,74,0,2,1,1,0,"GSE96058"
54.6320630749014,0,250,71,1,2,1,1,0,"GSE96058"
57.7858081471748,0,180,76,0,3,1,1,1,"GSE96058"
57.1287779237845,0,190,66,0,3,1,1,0,"GSE96058"
57.1287779237845,0,180,65,1,2,1,1,0,"GSE96058"
54.6320630749014,0,150,67,0,2,1,1,0,"GSE96058"
58.0486202365309,0,90,64,0,2,1,1,0,"GSE96058"
52.9566360052562,0,230,47,1,2,1,1,0,"GSE96058"
52.9894875164258,0,300,48,1,2,1,1,0,"GSE96058"
52.9237844940867,0,80,50,0,2,1,1,0,"GSE96058"
52.9894875164258,0,120,64,0,2,1,1,0,"GSE96058"
48.3902759526938,0,250,49,0,2,1,1,0,"GSE96058"
52.9894875164258,0,320,67,0,2,1,1,0,"GSE96058"
52.7266754270696,0,250,60,1,3,0,0,0,"GSE96058"
52.7595269382392,0,150,51,0,3,0,0,0,"GSE96058"
52.5624178712221,0,190,44,0,3,1,1,1,"GSE96058"
52.496714848883,0,110,48,0,2,1,1,0,"GSE96058"
52.496714848883,0,160,65,1,2,1,1,0,"GSE96058"
52.4638633377135,0,250,54,0,2,1,1,0,"GSE96058"
53.8764783180026,0,150,68,0,2,1,1,0,"GSE96058"
53.8107752956636,0,100,66,0,2,1,1,0,"GSE96058"
53.8764783180026,0,140,60,1,2,1,1,0,"GSE96058"
53.9093298291721,0,70,65,0,2,1,1,0,"GSE96058"
53.8764783180026,0,120,60,0,2,1,1,0,"GSE96058"
53.9093298291721,0,160,70,1,2,1,1,0,"GSE96058"
50,0,100,72,1,2,1,1,0,"GSE96058"
52.496714848883,0,170,82,1,2,1,1,0,"GSE96058"
52.496714848883,0,200,82,0,2,1,1,0,"GSE96058"
42.969776609724,1,350,38,1,3,0,0,0,"GSE96058"
52.299605781866,0,200,84,1,2,1,0,0,"GSE96058"
52.299605781866,0,230,32,0,3,0,0,1,"GSE96058"
52.2667542706965,0,110,83,0,2,1,1,0,"GSE96058"
52.2339027595269,0,200,50,1,3,1,1,0,"GSE96058"
52.0696452036794,0,190,50,0,2,1,1,0,"GSE96058"
52.2667542706965,0,120,62,0,2,1,1,0,"GSE96058"
51.084099868594,0,130,53,0,2,1,1,0,"GSE96058"
50.8541392904074,0,110,67,0,2,1,0,0,"GSE96058"
50.8541392904074,0,270,69,0,2,1,1,0,"GSE96058"
49.3429697766097,0,140,53,0,2,1,1,0,"GSE96058"
50.6898817345598,0,120,53,0,2,1,1,0,"GSE96058"
49.5072273324573,0,100,51,0,2,1,1,0,"GSE96058"
36.2680683311432,1,1000,67,1,2,1,1,0,"GSE96058"
48.850197109067,0,170,49,0,2,1,1,0,"GSE96058"
48.915900131406,0,200,40,0,3,0,0,0,"GSE96058"
48.850197109067,0,600,87,1,2,1,1,0,"GSE96058"
49.8028909329829,0,300,53,0,3,1,1,0,"GSE96058"
51.149802890933,0,140,58,0,2,1,1,0,"GSE96058"
51.4126149802891,0,240,75,0,2,1,0,0,"GSE96058"
49.9671484888305,0,160,37,1,2,1,1,1,"GSE96058"
50.8541392904074,0,170,71,0,2,1,1,0,"GSE96058"
50.9198423127464,0,220,69,0,3,1,1,0,"GSE96058"
51.8068331143233,0,220,67,1,3,1,1,0,"GSE96058"
52.0696452036794,0,190,44,0,2,1,1,0,"GSE96058"
39.7831800262812,0,270,50,1,3,1,1,0,"GSE96058"
51.5768725361367,0,350,54,1,2,1,1,0,"GSE96058"
51.5768725361367,0,140,62,0,2,1,1,0,"GSE96058"
51.5440210249671,0,350,46,1,3,0,0,0,"GSE96058"
49.8028909329829,0,130,72,0,2,1,1,0,"GSE96058"
51.3469119579501,0,110,76,0,2,1,1,0,"GSE96058"
51.3469119579501,0,100,58,0,2,1,1,0,"GSE96058"
51.3797634691196,0,150,54,0,3,1,1,0,"GSE96058"
51.3797634691196,0,180,46,0,2,1,1,0,"GSE96058"
50.9526938239159,0,140,70,0,2,1,0,0,"GSE96058"
48.6530880420499,0,150,41,0,2,1,1,0,"GSE96058"
47.0433639947438,0,120,71,0,2,1,1,0,"GSE96058"
36.3337713534823,1,350,85,0,3,0,0,0,"GSE96058"
26.5111695137976,1,200,75,0,3,1,1,1,"GSE96058"
49.3429697766097,0,80,51,0,2,1,1,0,"GSE96058"
48.3902759526938,0,180,86,0,2,1,1,0,"GSE96058"
49.2772667542707,0,130,84,1,2,1,1,0,"GSE96058"
48.3574244415243,0,90,71,0,2,1,1,0,"GSE96058"
41.6557161629435,0,110,46,1,3,1,1,0,"GSE96058"
34.7897503285151,0,110,68,0,2,1,1,0,"GSE96058"
48.1931668856767,0,120,62,0,2,1,1,0,"GSE96058"
48.1603153745072,0,120,47,0,2,1,1,0,"GSE96058"
40.9658344283837,0,100,46,0,2,1,1,0,"GSE96058"
44.7109067017083,0,190,53,0,3,0,0,0,"GSE96058"
49.7700394218134,0,70,51,0,2,1,1,0,"GSE96058"
49.5400788436268,0,680,44,1,2,1,1,0,"GSE96058"
49.5400788436268,0,120,69,0,3,1,0,0,"GSE96058"
46.8134034165572,0,130,57,1,3,1,1,0,"GSE96058"
47.4704336399474,0,150,56,0,2,1,0,0,"GSE96058"
50.065703022339,0,190,49,1,3,1,1,0,"GSE96058"
48.850197109067,0,150,72,1,2,1,1,0,"GSE96058"
49.2444152431012,0,120,60,0,2,1,1,0,"GSE96058"
48.915900131406,0,160,48,0,2,1,1,0,"GSE96058"
49.0801576872536,0,150,57,0,2,1,1,0,"GSE96058"
47.5032851511169,0,240,69,0,3,1,0,0,"GSE96058"
47.4375821287779,0,160,67,0,2,1,1,0,"GSE96058"
47.7332457293035,0,400,46,0,2,1,1,1,"GSE96058"
47.5032851511169,0,150,81,1,2,1,1,0,"GSE96058"
47.6675427069645,0,100,43,0,2,1,1,0,"GSE96058"
47.0433639947438,0,280,57,1,2,1,1,0,"GSE96058"
44.7109067017083,0,180,70,0,2,1,1,1,"GSE96058"
45.6307490144547,0,200,49,0,2,1,1,0,"GSE96058"
45.6636005256242,0,140,70,0,2,1,1,0,"GSE96058"
46.3206307490145,0,250,77,0,3,0,0,0,"GSE96058"
42.5755584756899,0,120,69,0,2,1,1,0,"GSE96058"
45.8607095926413,0,220,49,0,3,0,0,0,"GSE96058"
31.4388961892247,1,1000,83,0,3,0,0,0,"GSE96058"
42.904073587385,0,300,51,1,3,1,1,0,"GSE96058"
46.8134034165572,0,180,42,0,2,1,1,1,"GSE96058"
46.7477003942181,0,270,82,0,2,1,1,0,"GSE96058"
45.1708278580815,0,140,66,1,2,1,1,0,"GSE96058"
44.9080157687254,0,120,57,1,3,1,1,1,"GSE96058"
46.2877792378449,0,100,57,0,2,1,1,0,"GSE96058"
45.4007884362681,0,200,86,1,2,1,1,0,"GSE96058"
42.6084099868594,0,100,53,0,2,1,1,0,"GSE96058"
43.0683311432326,0,120,71,0,2,1,1,0,"GSE96058"
44.5466491458607,0,130,69,1,2,1,1,0,"GSE96058"
45.0065703022339,0,230,68,1,3,1,1,0,"GSE96058"
45.0065703022339,0,250,59,1,2,1,0,0,"GSE96058"
44.9080157687254,0,190,43,1,2,1,1,0,"GSE96058"
41.3929040735874,0,260,46,0,2,1,1,0,"GSE96058"
41.688567674113,0,130,65,0,2,1,1,0,"GSE96058"
43.0683311432326,0,180,63,0,2,1,1,1,"GSE96058"
44.3166885676741,0,110,54,1,3,1,1,0,"GSE96058"
42.8055190538765,0,140,68,0,2,1,1,0,"GSE96058"
40.1116951379763,0,450,79,1,2,1,1,0,"GSE96058"
43.3311432325887,0,180,50,1,2,1,1,0,"GSE96058"
38.4691195795007,0,300,52,0,2,1,0,0,"GSE96058"
41.754270696452,0,150,48,1,2,1,1,0,"GSE96058"
41.3929040735874,0,120,65,0,2,1,1,0,"GSE96058"
42.3127463863338,0,110,76,0,2,1,1,0,"GSE96058"
43.5939553219448,0,140,69,0,2,1,1,0,"GSE96058"
43.7582128777924,0,90,63,0,3,1,1,0,"GSE96058"
41.7214191852825,0,140,75,0,2,1,1,0,"GSE96058"
41.9185282522996,0,250,67,0,2,1,1,0,"GSE96058"
41.9185282522996,0,200,60,1,3,1,1,0,"GSE96058"
44.3166885676741,0,120,34,1,3,0,0,0,"GSE96058"
44.0210249671485,0,80,50,0,2,1,1,0,"GSE96058"
17.0499342969777,1,220,78,0,2,1,1,0,"GSE96058"
43.2654402102497,0,100,68,0,2,1,1,0,"GSE96058"
43.7910643889619,0,120,53,0,2,1,1,0,"GSE96058"
22.1747700394218,1,50,88,0,2,1,1,0,"GSE96058"
42.8055190538765,0,200,69,0,2,1,1,0,"GSE96058"
43.8239159001314,0,240,75,0,2,1,1,0,"GSE96058"
43.5611038107753,0,140,68,1,2,1,0,0,"GSE96058"
44.2181340341656,0,100,52,0,2,1,1,0,"GSE96058"
40.6044678055191,0,120,74,0,3,1,0,1,"GSE96058"
44.5137976346912,0,200,70,1,2,1,1,0,"GSE96058"
43.2654402102497,0,220,66,0,2,1,1,0,"GSE96058"
43.2982917214192,0,140,61,1,2,1,0,0,"GSE96058"
42.3455978975033,0,140,67,1,2,1,1,0,"GSE96058"
41.1957950065703,0,500,44,1,3,1,1,0,"GSE96058"
41.2943495400788,0,70,40,0,3,0,0,0,"GSE96058"
39.6517739816031,0,190,52,0,3,0,0,0,"GSE96058"
39.1261498028909,0,90,41,1,3,1,1,0,"GSE96058"
39.1590013140604,0,50,71,1,3,1,1,1,"GSE96058"
29.0407358738502,0,170,65,0,2,1,1,0,"GSE96058"
29.0078843626807,0,200,42,0,3,0,0,0,"GSE96058"
37.3521681997372,0,120,60,1,2,1,1,0,"GSE96058"
37.3521681997372,0,30,47,0,2,1,1,1,"GSE96058"
35.7752956636005,0,150,46,1,2,1,1,0,"GSE96058"
34.8226018396846,0,340,41,1,3,1,1,0,"GSE96058"
34.592641261498,0,220,38,0,3,0,1,0,"GSE96058"
32.4901445466491,0,170,72,1,3,1,0,0,"GSE96058"
32.095926412615,0,170,51,1,2,1,1,0,"GSE96058"
31.5703022339028,0,10,34,0,2,1,1,1,"GSE96058"
31.1432325886991,0,70,60,0,3,1,0,1,"GSE96058"
17.1156373193167,1,500,83,1,3,0,0,0,"GSE96058"
42.3784494086728,0,100,74,0,3,0,0,0,"GSE96058"
39.3561103810775,0,280,50,1,3,1,1,0,"GSE96058"
16.9185282522996,1,320,90,0,3,0,0,0,"GSE96058"
38.3705650459921,1,350,85,0,3,0,0,0,"GSE96058"
39.388961892247,0,120,70,1,3,1,1,1,"GSE96058"
39.1590013140604,0,600,61,1,2,1,1,0,"GSE96058"
39.9145860709593,0,140,81,1,2,1,1,0,"GSE96058"
33.6399474375821,0,180,51,0,3,1,0,1,"GSE96058"
39.2247043363995,0,170,54,0,3,1,1,0,"GSE96058"
41.9842312746386,0,160,50,0,2,1,1,0,"GSE96058"
40.9329829172142,0,200,56,0,3,0,0,0,"GSE96058"
40.6044678055191,0,140,68,0,3,1,1,0,"GSE96058"
32.7201051248357,0,70,72,1,2,1,1,0,"GSE96058"
39.388961892247,0,90,62,0,2,1,1,0,"GSE96058"
41.0315374507227,0,30,49,0,2,1,1,0,"GSE96058"
43.3639947437582,0,140,70,0,2,1,1,0,"GSE96058"
9.526938239159,1,170,87,0,2,1,0,0,"GSE96058"
40.3088042049934,0,120,71,0,2,1,1,0,"GSE96058"
36.2352168199737,0,550,71,0,2,1,0,0,"GSE96058"
38.7647831800263,0,110,61,0,2,0,0,0,"GSE96058"
39.5860709592641,0,170,79,1,3,1,1,0,"GSE96058"
39.6189224704336,0,150,63,1,2,1,1,0,"GSE96058"
36.0052562417871,0,230,77,1,2,1,1,0,"GSE96058"
40.5716162943495,0,260,60,1,2,1,1,0,"GSE96058"
38.3377135348226,0,140,41,1,2,1,1,0,"GSE96058"
39.19185282523,0,150,63,0,3,1,0,0,"GSE96058"
39.19185282523,0,250,87,0,2,1,1,0,"GSE96058"
39.3561103810775,0,110,71,0,2,1,1,0,"GSE96058"
37.0893561103811,0,170,67,0,2,1,1,0,"GSE96058"
38.9290407358738,0,150,66,0,2,1,1,0,"GSE96058"
37.6149802890933,0,300,70,1,2,1,1,1,"GSE96058"
37.4178712220762,0,120,87,0,2,1,1,0,"GSE96058"
36.9250985545335,0,230,59,0,2,1,1,0,"GSE96058"
30.4533508541393,0,170,62,0,2,1,1,0,"GSE96058"
34.1655716162944,0,350,41,0,3,0,1,0,"GSE96058"
36.6951379763469,0,180,65,0,2,1,1,0,"GSE96058"
36.6294349540079,0,100,44,0,2,1,1,0,"GSE96058"
33.7056504599212,0,420,69,1,2,1,1,0,"GSE96058"
35.4796320630749,0,170,82,0,2,1,0,0,"GSE96058"
33.0157687253614,0,110,48,0,2,1,1,0,"GSE96058"
32.7858081471748,0,170,51,1,3,0,0,0,"GSE96058"
35.2496714848883,0,220,77,0,2,1,1,0,"GSE96058"
14.5203679369251,1,380,59,1,2,1,1,0,"GSE96058"
36.4323258869908,0,170,57,0,2,1,1,0,"GSE96058"
32.0302233902759,0,170,53,1,2,1,0,0,"GSE96058"
36.4980289093298,0,230,40,1,2,1,1,0,"GSE96058"
32.5886990801577,0,700,32,0,3,0,0,0,"GSE96058"
35.742444152431,0,200,71,0,2,1,1,0,"GSE96058"
34.8226018396846,0,210,80,1,2,1,1,0,"GSE96058"
35.7752956636005,0,120,72,0,2,1,1,0,"GSE96058"
32.5229960578187,0,150,79,0,2,1,1,0,"GSE96058"
32.2930354796321,0,140,41,0,2,1,1,1,"GSE96058"
32.227332457293,0,120,67,0,2,1,1,0,"GSE96058"
31.1432325886991,0,190,58,1,2,1,1,0,"GSE96058"
29.9605781865966,0,80,68,0,2,1,1,0,"GSE96058"
32.3587385019711,0,150,85,0,2,1,0,0,"GSE96058"
31.6031537450723,0,200,61,0,3,1,1,0,"GSE96058"
28.1865965834428,1,800,83,1,2,1,1,0,"GSE96058"
29.73061760841,0,180,83,1,3,0,0,1,"GSE96058"
29.73061760841,0,130,65,0,2,1,1,1,"GSE96058"
30.4204993429698,0,180,73,0,2,1,1,0,"GSE96058"
31.8659658344284,0,120,51,0,2,1,1,1,"GSE96058"
32.095926412615,0,120,64,0,2,1,1,0,"GSE96058"
32.095926412615,0,270,53,0,2,1,1,0,"GSE96058"
28.8436268068331,0,150,68,0,2,1,1,0,"GSE96058"
28.1537450722733,0,180,65,1,2,1,1,0,"GSE96058"
28.8107752956636,0,110,34,0,2,1,1,0,"GSE96058"
27.4638633377135,0,160,67,1,3,1,0,0,"GSE96058"
28.580814717477,0,250,67,0,2,1,1,0,"GSE96058"
28.8436268068331,0,110,74,0,2,1,1,0,"GSE96058"
28.1865965834428,0,200,43,0,3,0,1,0,"GSE96058"
28.580814717477,0,600,58,1,2,1,1,0,"GSE96058"
27.8909329829172,0,180,63,0,3,1,1,0,"GSE96058"
27.9237844940867,0,80,71,0,2,1,1,0,"GSE96058"
28.1208935611038,0,170,49,1,2,1,1,0,"GSE96058"
30.2562417871222,0,500,77,1,2,1,1,0,"GSE96058"
28.5479632063075,0,150,53,1,3,0,0,1,"GSE96058"
29.3035479632063,0,250,65,0,2,1,1,0,"GSE96058"
29.0078843626807,0,170,68,0,3,1,1,0,"GSE96058"
27.8909329829172,0,140,51,0,2,1,1,0,"GSE96058"
28.646517739816,0,70,37,0,3,1,1,0,"GSE96058"
79.73061760841,0,110,49,0,3,1,1,0,"GSE96058"
42.0170827858081,1,150,67,0,2,1,1,0,"GSE96058"
79.3692509855453,0,250,51,0,2,1,1,0,"GSE96058"
78.9093298291721,0,160,59,0,3,1,1,0,"GSE96058"
78.9093298291721,0,170,70,1,2,1,1,0,"GSE96058"
78.7779237844941,0,180,41,0,2,1,1,0,"GSE96058"
78.7450722733246,0,110,81,0,2,1,1,0,"GSE96058"
78.4822601839685,0,140,39,0,2,1,1,0,"GSE96058"
78.5479632063075,0,70,52,0,2,1,1,0,"GSE96058"
78.2851511169514,0,500,73,1,3,0,0,0,"GSE96058"
78.2194480946123,0,330,57,0,2,1,1,0,"GSE96058"
78.2522996057819,0,180,29,0,3,0,0,0,"GSE96058"
77.8252299605782,0,110,54,1,3,0,0,0,"GSE96058"
77.6281208935611,0,550,45,1,3,0,0,1,"GSE96058"
76.9053876478318,0,140,53,0,2,1,1,0,"GSE96058"
77.1353482260184,0,370,61,1,2,1,1,0,"GSE96058"
76.8725361366623,0,550,69,1,2,1,1,0,"GSE96058"
77.299605781866,0,120,66,1,2,0,0,0,"GSE96058"
76.7082785808147,0,300,70,1,3,1,0,1,"GSE96058"
76.8396846254928,0,140,48,0,3,1,1,0,"GSE96058"
29.5663600525624,1,180,51,1,3,1,0,0,"GSE96058"
76.6097240473062,0,250,60,0,3,0,0,0,"GSE96058"
76.3797634691196,0,50,50,0,3,1,0,1,"GSE96058"
25.3285151116951,1,250,64,0,3,1,0,0,"GSE96058"
76.2483574244415,0,110,63,0,2,1,1,0,"GSE96058"
76.149802890933,0,200,80,0,3,1,1,0,"GSE96058"
76.1826544021025,0,180,67,0,3,1,1,0,"GSE96058"
76.149802890933,0,200,60,0,3,1,1,0,"GSE96058"
15.1116951379763,1,450,55,0,3,1,0,0,"GSE96058"
75.7884362680683,0,610,50,1,3,1,1,1,"GSE96058"
75.8869908015769,0,130,53,0,2,1,1,0,"GSE96058"
75.9526938239159,0,210,75,0,2,1,1,0,"GSE96058"
75.7227332457293,0,250,56,1,2,1,1,0,"GSE96058"
75.7227332457293,0,140,53,0,2,1,1,0,"GSE96058"
75.7884362680683,0,130,61,1,2,1,1,0,"GSE96058"
75.4599211563732,0,260,58,1,3,0,0,0,"GSE96058"
48.3574244415243,1,450,79,1,2,1,1,0,"GSE96058"
74.8028909329829,0,130,56,0,3,1,0,1,"GSE96058"
74.8028909329829,0,170,67,0,2,1,1,0,"GSE96058"
74.7700394218134,0,150,62,0,2,1,1,0,"GSE96058"
74.8028909329829,0,310,70,1,2,1,1,0,"GSE96058"
74.8357424441524,0,120,89,0,2,1,0,0,"GSE96058"
32.8843626806833,1,550,68,1,2,1,1,0,"GSE96058"
74.6057818659658,0,410,37,1,3,1,1,1,"GSE96058"
74.6057818659658,0,130,71,0,2,1,1,0,"GSE96058"
74.4086727989487,0,250,71,0,2,1,1,0,"GSE96058"
35.3482260183968,1,300,42,1,3,1,1,1,"GSE96058"
74.4415243101183,0,220,66,0,3,0,0,0,"GSE96058"
74.7700394218134,0,150,53,1,3,1,0,1,"GSE96058"
74.3758212877792,0,350,68,0,3,1,1,0,"GSE96058"
58.9027595269382,1,190,58,0,3,1,0,0,"GSE96058"
74.1458607095926,0,120,73,0,2,1,1,0,"GSE96058"
74.1787122207622,0,900,81,0,3,0,0,0,"GSE96058"
74.0801576872536,0,270,49,0,3,0,0,0,"GSE96058"
74.1458607095926,0,130,72,0,2,1,1,0,"GSE96058"
73.9487516425756,0,110,59,1,2,1,1,0,"GSE96058"
58.4756898817346,1,180,73,0,2,1,1,0,"GSE96058"
73.915900131406,0,250,85,0,2,0,0,0,"GSE96058"
38.2720105124836,1,180,63,1,2,1,1,0,"GSE96058"
73.6859395532194,0,600,43,1,3,1,1,1,"GSE96058"
73.6859395532194,0,180,52,0,3,1,1,0,"GSE96058"
73.4231274638633,0,90,65,0,2,1,1,0,"GSE96058"
73.4231274638633,0,60,62,0,2,1,1,0,"GSE96058"
73.0617608409987,0,10,80,0,2,1,1,0,"GSE96058"
73.4231274638633,0,450,69,1,2,1,1,0,"GSE96058"
67.6412614980289,1,220,75,0,2,1,0,0,"GSE96058"
72.9632063074901,0,110,78,0,2,1,1,0,"GSE96058"
72.9632063074901,0,130,72,0,2,1,1,0,"GSE96058"
72.7989487516426,0,330,49,0,2,1,1,0,"GSE96058"
15.9329829172142,0,180,33,1,2,1,1,0,"GSE96058"
72.7989487516426,0,230,34,1,2,1,1,0,"GSE96058"
72.6018396846255,0,220,68,0,2,1,1,0,"GSE96058"
72.7660972404731,0,140,67,0,2,1,1,0,"GSE96058"
72.7332457293035,0,70,40,0,3,1,1,0,"GSE96058"
72.3390275952694,0,210,68,0,3,0,0,1,"GSE96058"
72.1090670170828,0,120,66,1,2,1,1,0,"GSE96058"
72.1090670170828,0,180,51,0,2,1,1,0,"GSE96058"
50.0985545335085,1,800,58,1,2,0,0,0,"GSE96058"
71.8134034165572,0,600,66,1,3,1,1,0,"GSE96058"
44.5137976346912,1,220,81,0,3,1,1,1,"GSE96058"
54.5663600525624,1,320,84,0,2,1,1,0,"GSE96058"
19.7109067017083,1,520,30,0,3,0,0,0,"GSE96058"
71.9119579500657,0,130,57,0,2,1,1,0,"GSE96058"
71.9119579500657,0,200,71,0,2,1,1,1,"GSE96058"
57.8843626806833,1,160,79,0,2,1,1,0,"GSE96058"
71.5834428383706,0,280,55,0,3,0,0,0,"GSE96058"
47.1090670170828,1,250,55,0,3,0,0,1,"GSE96058"
71.4520367936925,0,150,59,0,2,1,1,1,"GSE96058"
71.353482260184,0,220,61,0,2,1,1,0,"GSE96058"
71.1235216819974,0,130,60,0,2,1,1,0,"GSE96058"
70.9921156373193,0,180,57,0,2,1,1,0,"GSE96058"
70.8935611038108,0,260,77,0,2,1,1,0,"GSE96058"
71.2220762155059,0,170,58,0,2,1,1,0,"GSE96058"
70.203679369251,0,110,67,0,2,1,1,0,"GSE96058"
70.0722733245729,0,410,68,0,2,1,0,0,"GSE96058"
70.0722733245729,0,300,66,1,2,1,0,0,"GSE96058"
18.6925098554533,1,350,79,1,3,0,0,0,"GSE96058"
69.9737187910644,0,180,75,0,2,1,0,0,"GSE96058"
47.9960578186597,1,1200,58,0,3,1,1,1,"GSE96058"
69.9408672798949,0,170,65,0,2,0,0,0,"GSE96058"
69.9737187910644,0,90,56,0,2,1,1,0,"GSE96058"
69.4809461235217,0,170,88,0,2,1,1,0,"GSE96058"
69.6123521681997,0,170,61,1,2,1,1,0,"GSE96058"
68.6925098554534,0,140,40,1,3,0,0,0,"GSE96058"
69.5795006570302,0,320,57,0,3,1,0,0,"GSE96058"
69.3823915900131,0,140,64,0,2,1,1,0,"GSE96058"
69.3166885676741,0,450,50,1,3,0,0,0,"GSE96058"
69.3495400788436,0,120,51,0,2,1,1,0,"GSE96058"
69.0867279894875,0,110,65,0,2,1,1,0,"GSE96058"
69.053876478318,0,130,66,0,2,1,0,1,"GSE96058"
68.9224704336399,0,120,46,0,2,1,1,0,"GSE96058"
69.1524310118265,0,50,42,0,2,1,1,0,"GSE96058"
69.0867279894875,0,220,47,0,3,1,1,0,"GSE96058"
68.8896189224704,0,100,74,0,2,0,0,0,"GSE96058"
68.8567674113009,0,20,64,0,2,1,1,0,"GSE96058"
68.6596583442838,0,100,59,0,2,1,1,0,"GSE96058"
68.6596583442838,0,350,86,0,2,1,1,0,"GSE96058"
68.6925098554534,0,240,65,1,2,1,1,0,"GSE96058"
68.6925098554534,0,150,48,0,2,1,1,0,"GSE96058"
68.6268068331143,0,110,49,0,2,1,1,0,"GSE96058"
68.5939553219448,0,110,50,0,2,1,1,0,"GSE96058"
68.6925098554534,0,140,46,0,2,1,1,0,"GSE96058"
68.2325886990802,0,300,85,0,2,1,1,0,"GSE96058"
68.1668856767411,0,200,64,0,2,1,1,0,"GSE96058"
68.2325886990802,0,210,69,1,2,1,1,0,"GSE96058"
68.6268068331143,0,180,70,0,3,0,0,1,"GSE96058"
68.0026281208936,0,200,74,1,2,1,1,0,"GSE96058"
67.772667542707,1,200,61,0,3,1,0,0,"GSE96058"
67.9369250985545,0,140,66,0,2,1,1,0,"GSE96058"
67.7398160315374,0,120,66,1,2,1,0,0,"GSE96058"
67.9369250985545,0,130,70,0,2,1,1,0,"GSE96058"
67.9697766097241,0,170,46,1,2,1,1,0,"GSE96058"
21.9448094612352,1,250,84,1,3,0,0,0,"GSE96058"
67.9369250985545,0,90,72,0,2,1,1,0,"GSE96058"
14.9802890932983,1,140,61,0,2,1,1,0,"GSE96058"
67.5098554533509,0,410,68,1,3,0,0,1,"GSE96058"
67.5098554533509,0,130,62,0,2,1,0,0,"GSE96058"
67.4770039421813,0,150,64,0,2,1,1,0,"GSE96058"
67.2798948751643,0,150,65,0,2,1,1,0,"GSE96058"
67.4113009198423,0,190,63,0,3,0,0,1,"GSE96058"
49.4086727989487,1,850,80,1,2,1,1,0,"GSE96058"
67.1484888304862,0,190,72,0,2,1,0,0,"GSE96058"
66.9842312746386,0,100,66,0,2,1,0,0,"GSE96058"
67.2470433639947,0,200,66,0,2,1,1,0,"GSE96058"
62.7463863337713,1,200,63,0,3,0,0,0,"GSE96058"
67.2141918528252,0,180,46,0,2,1,1,0,"GSE96058"
67.2141918528252,0,300,63,0,2,1,1,0,"GSE96058"
66.8199737187911,0,170,63,1,2,1,0,0,"GSE96058"
66.7214191852825,0,140,62,0,2,1,1,0,"GSE96058"
66.5900131406045,0,210,85,1,2,1,1,0,"GSE96058"
66.754270696452,0,150,64,0,3,0,0,1,"GSE96058"
45.3022339027595,1,220,80,1,3,1,0,1,"GSE96058"
66.557161629435,0,280,69,0,3,1,0,0,"GSE96058"
32.8843626806833,1,230,70,0,2,1,1,0,"GSE96058"
66.557161629435,0,210,67,1,2,1,1,0,"GSE96058"
66.3600525624179,0,150,47,0,2,1,1,0,"GSE96058"
66.2614980289093,0,300,50,0,3,1,1,0,"GSE96058"
65.9001314060447,0,340,83,0,2,1,1,0,"GSE96058"
65.8344283837056,0,130,62,0,2,1,1,0,"GSE96058"
65.8015768725361,0,200,50,0,2,1,1,1,"GSE96058"
65.5716162943495,0,170,52,0,3,0,0,0,"GSE96058"
65.6701708278581,0,240,84,0,2,1,1,0,"GSE96058"
25.7884362680683,1,340,72,1,3,0,0,0,"GSE96058"
65.1116951379763,0,200,69,0,2,1,1,0,"GSE96058"
64.9802890932983,0,190,69,1,2,1,1,0,"GSE96058"
25.4927726675427,1,350,65,1,3,1,1,0,"GSE96058"
64.9145860709593,0,210,57,1,2,1,0,0,"GSE96058"
64.8488830486202,0,200,67,1,2,1,1,0,"GSE96058"
64.9145860709593,0,200,69,0,2,1,1,0,"GSE96058"
64.4546649145861,0,150,57,1,3,1,1,0,"GSE96058"
5.7161629434954,1,140,66,1,3,0,0,0,"GSE96058"
64.6517739816032,0,110,60,0,2,0,0,0,"GSE96058"
64.388961892247,0,250,68,0,2,1,1,0,"GSE96058"
64.257555847569,0,300,62,1,3,1,1,0,"GSE96058"
64.257555847569,0,120,55,0,2,1,1,1,"GSE96058"
64.2247043363995,0,180,74,0,2,1,1,0,"GSE96058"
63.9290407358738,0,100,46,0,3,0,0,0,"GSE96058"
63.8304862023653,0,170,40,0,3,1,1,0,"GSE96058"
63.8304862023653,0,90,64,0,2,0,0,0,"GSE96058"
63.9618922470434,0,200,58,1,2,1,1,0,"GSE96058"
63.7647831800263,0,240,38,1,3,1,1,1,"GSE96058"
64.0275952693824,0,340,74,1,2,1,1,0,"GSE96058"
63.5348226018397,0,290,47,0,3,1,0,1,"GSE96058"
63.4691195795007,0,140,48,0,2,1,1,0,"GSE96058"
63.5348226018397,0,240,56,0,2,1,1,0,"GSE96058"
63.5676741130092,0,220,63,1,2,0,0,1,"GSE96058"
63.5019710906702,0,110,73,0,3,1,1,0,"GSE96058"
63.2720105124836,0,130,46,0,2,1,1,0,"GSE96058"
63.5348226018397,0,130,68,1,3,1,0,1,"GSE96058"
63.1406044678055,0,250,53,1,2,1,1,0,"GSE96058"
63.3705650459921,0,110,44,0,2,0,0,0,"GSE96058"
62.9106438896189,0,110,63,0,3,0,0,0,"GSE96058"
62.8449408672799,0,180,77,0,2,1,1,0,"GSE96058"
62.7792378449409,0,230,80,0,3,0,0,0,"GSE96058"
62.8120893561104,0,340,68,1,2,1,0,0,"GSE96058"
56.3074901445466,1,320,68,1,2,1,1,0,"GSE96058"
62.5821287779238,0,210,59,0,3,0,0,0,"GSE96058"
62.5492772667543,0,150,57,0,2,1,1,0,"GSE96058"
62.8120893561104,0,90,50,0,2,1,1,0,"GSE96058"
42.5755584756899,1,90,66,1,2,0,0,0,"GSE96058"
62.4178712220762,0,250,71,1,3,1,1,0,"GSE96058"
62.4178712220762,0,100,53,0,2,1,1,0,"GSE96058"
62.2536136662286,0,120,46,0,2,1,0,0,"GSE96058"
61.7936925098555,0,150,68,0,2,1,1,0,"GSE96058"
38.8304862023653,1,350,83,0,2,1,1,0,"GSE96058"
61.7608409986859,0,150,65,0,2,1,1,0,"GSE96058"
46.3206307490145,1,170,77,0,2,1,1,0,"GSE96058"
61.6951379763469,0,110,64,0,2,1,0,0,"GSE96058"
61.9250985545335,0,130,83,0,2,1,1,0,"GSE96058"
56.5703022339028,1,200,53,0,3,1,1,0,"GSE96058"
61.5308804204993,0,200,78,0,2,1,1,0,"GSE96058"
61.4980289093298,0,400,68,1,2,1,1,0,"GSE96058"
61.7936925098555,0,100,46,1,2,1,1,0,"GSE96058"
61.2680683311432,0,130,70,0,2,1,1,0,"GSE96058"
61.1038107752957,0,190,61,0,3,0,0,0,"GSE96058"
61.2023653088042,0,180,58,0,3,0,0,0,"GSE96058"
61.0052562417871,0,200,60,0,2,1,0,0,"GSE96058"
60.9724047306176,0,180,47,0,3,1,1,0,"GSE96058"
60.8409986859396,0,290,66,0,2,1,1,0,"GSE96058"
60.6438896189225,0,120,48,0,3,1,1,0,"GSE96058"
60.611038107753,0,250,64,1,3,1,1,0,"GSE96058"
60.611038107753,0,90,40,1,2,1,1,0,"GSE96058"
60.5453350854139,0,30,76,0,2,1,1,0,"GSE96058"
60.5453350854139,0,200,61,0,2,1,1,0,"GSE96058"
60.1511169513798,0,100,76,0,2,1,1,1,"GSE96058"
60.2825229960578,0,370,44,0,3,1,1,0,"GSE96058"
30.0919842312746,1,250,86,0,2,1,1,0,"GSE96058"
41.1629434954008,1,480,83,0,3,0,0,0,"GSE96058"
59.6583442838371,0,180,48,1,2,1,1,0,"GSE96058"
59.6583442838371,0,110,48,0,2,1,1,0,"GSE96058"
59.9540078843627,0,110,81,0,2,1,1,0,"GSE96058"
59.4940867279895,0,140,85,0,3,0,0,0,"GSE96058"
59.3955321944809,0,220,61,0,2,1,0,0,"GSE96058"
59.3626806833114,0,200,43,1,2,1,1,0,"GSE96058"
59.0341655716163,0,200,60,1,2,1,1,0,"GSE96058"
59.0341655716163,0,290,62,1,2,1,1,1,"GSE96058"
58.9684625492773,0,400,27,1,3,0,0,0,"GSE96058"
58.9684625492773,0,250,50,0,3,0,0,0,"GSE96058"
59.0341655716163,0,180,43,1,2,1,1,0,"GSE96058"
59.0013140604468,0,180,75,1,3,0,1,0,"GSE96058"
58.9684625492773,0,120,73,0,2,1,1,0,"GSE96058"
59.2641261498029,0,180,55,1,2,1,1,0,"GSE96058"
58.5413929040736,0,180,59,1,2,1,0,0,"GSE96058"
12.2864651773982,1,330,89,1,3,0,0,0,"GSE96058"
58.311432325887,0,470,41,0,2,1,1,0,"GSE96058"
58.4756898817346,0,100,72,0,2,0,0,0,"GSE96058"
57.8843626806833,0,160,65,1,2,1,1,0,"GSE96058"
57.6544021024967,0,90,69,0,2,1,1,0,"GSE96058"
57.3915900131406,0,180,54,0,3,1,1,1,"GSE96058"
41.7871222076216,0,120,50,0,2,1,1,0,"GSE96058"
57.095926412615,0,170,52,0,2,1,1,0,"GSE96058"
56.9316688567674,0,150,78,1,2,1,1,0,"GSE96058"
56.7017082785808,0,360,79,1,3,1,1,0,"GSE96058"
57.095926412615,0,450,66,1,2,1,1,0,"GSE96058"
56.6360052562418,0,300,41,1,3,1,1,0,"GSE96058"
56.7017082785808,0,170,53,1,2,1,1,0,"GSE96058"
56.5045992115637,0,160,78,0,2,1,1,0,"GSE96058"
56.6360052562418,0,280,63,1,3,0,0,1,"GSE96058"
56.4388961892247,0,150,77,0,2,1,1,0,"GSE96058"
56.6688567674113,0,350,77,1,3,1,1,0,"GSE96058"
56.2417871222076,0,200,54,0,2,1,1,0,"GSE96058"
56.4060446780552,0,250,61,1,2,1,1,0,"GSE96058"
56.2417871222076,0,450,90,1,2,1,1,0,"GSE96058"
56.1760840998686,0,220,79,1,3,1,1,1,"GSE96058"
55.946123521682,0,100,63,0,2,1,1,1,"GSE96058"
55.9789750328515,0,220,83,1,2,1,0,0,"GSE96058"
55.9789750328515,0,210,45,1,2,1,1,0,"GSE96058"
55.8147174770039,0,230,46,0,2,1,1,0,"GSE96058"
39.5532194480946,1,210,56,1,2,1,1,0,"GSE96058"
55.7490144546649,0,200,69,1,2,1,1,0,"GSE96058"
55.4862023653088,0,200,71,0,2,1,1,1,"GSE96058"
55.0919842312746,0,190,70,1,2,1,1,0,"GSE96058"
55.5190538764783,0,130,55,1,3,0,0,1,"GSE96058"
55.0262812089356,0,210,65,1,2,1,1,0,"GSE96058"
55.0262812089356,0,280,50,1,3,1,1,0,"GSE96058"
55.3219448094612,0,190,82,0,3,0,0,0,"GSE96058"
54.8291721419185,0,320,85,0,3,0,0,0,"GSE96058"
54.796320630749,0,200,67,0,2,1,1,0,"GSE96058"
54.9934296977661,0,150,65,1,3,1,1,1,"GSE96058"
54.7634691195795,0,170,51,0,3,1,0,1,"GSE96058"
54.5663600525624,0,150,77,0,2,1,0,0,"GSE96058"
54.3692509855453,0,170,65,0,2,1,1,0,"GSE96058"
54.4021024967148,0,150,62,0,2,1,1,0,"GSE96058"
54.3692509855453,0,400,62,1,3,1,0,1,"GSE96058"
54.6320630749014,0,200,66,1,2,1,1,0,"GSE96058"
6.47174770039422,1,400,61,0,3,1,1,0,"GSE96058"
54.0735873850197,0,160,53,0,2,1,0,1,"GSE96058"
54.796320630749,0,330,38,1,3,1,1,0,"GSE96058"
53.6793692509855,0,350,53,0,2,1,1,0,"GSE96058"
53.7122207621551,0,250,61,0,2,1,1,0,"GSE96058"
53.8436268068331,0,400,62,1,2,1,1,0,"GSE96058"
53.8436268068331,0,120,67,0,2,1,1,0,"GSE96058"
53.6136662286465,0,150,56,1,3,0,0,1,"GSE96058"
52.8909329829172,0,100,69,0,2,1,1,0,"GSE96058"
52.7923784494087,0,180,85,1,2,1,1,0,"GSE96058"
16.8199737187911,1,160,33,0,3,1,1,0,"GSE96058"
41.688567674113,0,130,42,1,2,1,1,0,"GSE96058"
40.9986859395532,0,120,35,0,2,1,1,1,"GSE96058"
40.3416557161629,0,170,34,0,3,1,1,0,"GSE96058"
11.7936925098555,1,240,61,1,3,0,0,0,"GSE96058"
39.2247043363995,0,160,64,1,2,1,1,0,"GSE96058"
34.3626806833114,0,170,55,0,3,1,1,0,"GSE96058"
44.4152431011827,0,210,68,0,2,1,1,0,"GSE96058"
32.4901445466491,0,450,64,1,3,1,1,1,"GSE96058"
28.1865965834428,0,250,71,1,3,1,1,1,"GSE96058"
31.3074901445466,0,170,37,0,3,1,1,0,"GSE96058"
52.7923784494087,0,140,74,1,2,1,1,1,"GSE96058"
52.6938239159001,0,140,70,0,2,1,1,0,"GSE96058"
52.6938239159001,0,250,57,0,3,0,0,1,"GSE96058"
52.4638633377135,0,110,68,0,2,1,1,0,"GSE96058"
52.4638633377135,0,270,67,1,3,1,0,1,"GSE96058"
13.7647831800263,1,160,49,0,2,1,1,0,"GSE96058"
52.2667542706965,0,300,51,0,2,1,1,1,"GSE96058"
30.7161629434954,1,380,59,1,3,1,1,0,"GSE96058"
52.0367936925099,0,300,40,0,3,1,1,0,"GSE96058"
52.0367936925099,0,280,81,1,2,1,1,0,"GSE96058"
51.8068331143233,0,110,58,0,3,1,1,0,"GSE96058"
51.0512483574244,1,150,69,0,2,0,0,0,"GSE96058"
51.3469119579501,0,120,65,0,2,1,1,0,"GSE96058"
51.3140604467806,0,340,82,0,2,0,0,0,"GSE96058"
51.3140604467806,0,230,54,0,2,1,1,0,"GSE96058"
50.8869908015769,0,190,68,0,2,1,1,0,"GSE96058"
50.9526938239159,0,140,57,1,2,1,1,0,"GSE96058"
43.2654402102497,1,170,69,0,2,1,1,0,"GSE96058"
50.8869908015769,0,170,34,0,3,1,1,1,"GSE96058"
50.6898817345598,0,180,68,1,3,0,0,1,"GSE96058"
50.9198423127464,0,150,79,0,3,1,0,0,"GSE96058"
50.7227332457293,0,200,52,0,3,0,0,0,"GSE96058"
50.8869908015769,0,150,69,0,2,1,1,0,"GSE96058"
50.8541392904074,0,250,60,0,2,1,1,0,"GSE96058"
50.6898817345598,0,120,51,1,2,1,1,0,"GSE96058"
50.4599211563732,0,120,63,1,2,1,1,0,"GSE96058"
50.6898817345598,0,180,60,0,3,1,1,0,"GSE96058"
50.6898817345598,0,450,53,1,2,1,1,0,"GSE96058"
50.6241787122208,0,110,71,0,2,1,1,0,"GSE96058"
50.6570302233903,0,120,71,1,2,1,1,0,"GSE96058"
50.7884362680683,0,190,81,0,2,1,0,0,"GSE96058"
50.2299605781866,0,300,60,0,3,0,0,0,"GSE96058"
50.3942181340342,0,90,64,0,2,1,1,0,"GSE96058"
50.1971090670171,0,400,55,1,3,1,1,0,"GSE96058"
50.2299605781866,0,240,63,1,2,1,1,0,"GSE96058"
49.7700394218134,0,230,79,0,3,1,1,0,"GSE96058"
50.0328515111695,0,90,66,0,3,1,1,1,"GSE96058"
49.9671484888305,0,230,87,1,2,1,1,0,"GSE96058"
49.934296977661,0,140,72,0,2,1,1,0,"GSE96058"
50.2299605781866,0,140,67,0,2,1,1,0,"GSE96058"
17.9369250985545,1,100,70,0,3,1,0,0,"GSE96058"
49.7043363994744,0,100,60,0,2,1,1,1,"GSE96058"
49.7371879106439,0,110,44,0,3,0,0,1,"GSE96058"
42.772667542707,1,150,69,0,2,1,0,0,"GSE96058"
49.5729303547963,0,250,71,0,2,1,1,0,"GSE96058"
49.5729303547963,0,180,54,0,3,1,1,1,"GSE96058"
49.3758212877792,0,300,86,1,2,1,1,0,"GSE96058"
49.2772667542707,0,230,58,1,3,1,0,0,"GSE96058"
49.2772667542707,0,210,63,0,2,1,1,0,"GSE96058"
49.3758212877792,0,280,47,0,2,1,1,0,"GSE96058"
49.3758212877792,0,350,87,0,2,1,1,0,"GSE96058"
49.1458607095926,0,290,59,0,2,1,1,0,"GSE96058"
48.915900131406,0,330,82,0,2,1,1,0,"GSE96058"
48.8830486202365,0,560,69,1,2,1,1,0,"GSE96058"
48.8173455978975,0,150,45,0,2,1,1,0,"GSE96058"
48.6202365308804,0,200,69,0,2,1,1,0,"GSE96058"
48.6859395532194,0,130,39,0,3,1,1,1,"GSE96058"
47.9960578186597,0,150,71,1,2,1,1,0,"GSE96058"
47.8975032851511,0,170,65,0,3,1,1,1,"GSE96058"
47.9303547963206,0,120,83,0,2,1,0,0,"GSE96058"
47.9303547963206,0,180,68,0,2,1,1,0,"GSE96058"
47.9960578186597,0,220,69,0,2,1,1,0,"GSE96058"
47.8975032851511,0,110,63,0,3,1,0,1,"GSE96058"
47.9303547963206,0,190,56,0,2,1,1,0,"GSE96058"
47.9303547963206,0,230,66,0,2,1,1,0,"GSE96058"
47.8975032851511,0,110,72,0,2,1,1,0,"GSE96058"
47.7660972404731,0,100,58,0,2,1,1,0,"GSE96058"
9.06701708278581,1,280,67,1,3,0,0,0,"GSE96058"
47.5032851511169,0,300,84,1,2,1,1,1,"GSE96058"
47.4375821287779,0,70,63,0,2,1,1,0,"GSE96058"
47.4704336399474,0,130,74,0,3,1,1,1,"GSE96058"
47.4375821287779,0,150,70,0,2,1,1,0,"GSE96058"
47.2733245729304,0,300,62,1,2,1,1,0,"GSE96058"
47.2733245729304,0,250,70,1,2,1,1,0,"GSE96058"
47.2733245729304,0,230,60,1,2,1,1,0,"GSE96058"
46.7477003942181,0,160,60,1,2,1,1,0,"GSE96058"
34.7568988173456,1,370,70,1,3,0,0,0,"GSE96058"
46.550591327201,0,150,46,0,3,1,1,0,"GSE96058"
46.550591327201,0,170,65,0,2,1,1,0,"GSE96058"
46.2877792378449,0,220,36,0,3,0,0,0,"GSE96058"
46.2877792378449,0,100,61,1,2,1,1,0,"GSE96058"
45.9264126149803,0,250,87,1,3,0,0,1,"GSE96058"
45.5978975032851,0,220,69,1,3,1,1,1,"GSE96058"
45.6636005256242,0,380,63,1,2,1,1,0,"GSE96058"
45.4664914586071,0,190,61,1,2,1,1,0,"GSE96058"
47.0105124835742,0,300,53,0,3,0,0,0,"GSE96058"
45.203679369251,0,410,37,1,3,0,0,0,"GSE96058"
44.9737187910644,0,130,56,0,2,1,1,0,"GSE96058"
44.9737187910644,0,140,73,0,2,1,1,0,"GSE96058"
44.9737187910644,0,110,51,0,2,1,1,0,"GSE96058"
44.9080157687254,0,100,51,0,3,1,1,1,"GSE96058"
44.5466491458607,0,200,72,1,3,0,0,0,"GSE96058"
44.9737187910644,0,70,67,0,2,1,1,0,"GSE96058"
44.7766097240473,0,90,64,0,3,0,0,0,"GSE96058"
44.5137976346912,0,200,54,0,3,0,0,0,"GSE96058"
45.4007884362681,0,90,81,0,2,1,1,0,"GSE96058"
44.2181340341656,0,90,57,1,2,1,1,0,"GSE96058"
12.1222076215506,1,90,63,0,2,1,1,0,"GSE96058"
43.4954007884363,0,250,66,1,2,1,1,0,"GSE96058"
43.5282522996058,0,240,49,0,2,1,1,0,"GSE96058"
44.4152431011827,0,10,70,0,2,0,0,0,"GSE96058"
43.0354796320631,0,90,76,0,2,1,1,0,"GSE96058"
42.8712220762155,0,170,43,1,3,1,1,0,"GSE96058"
42.8712220762155,0,140,58,1,2,1,1,0,"GSE96058"
43.7910643889619,0,110,66,0,3,1,1,0,"GSE96058"
42.8055190538765,0,220,47,1,3,0,1,0,"GSE96058"
42.8712220762155,0,110,63,0,2,1,1,0,"GSE96058"
42.838370565046,0,230,61,0,2,1,1,0,"GSE96058"
43.0354796320631,0,200,69,0,2,1,1,0,"GSE96058"
42.904073587385,0,200,51,1,2,1,1,0,"GSE96058"
42.6741130091984,0,270,38,0,3,1,0,0,"GSE96058"
15.7358738501971,1,80,72,0,2,1,1,0,"GSE96058"
43.3311432325887,0,240,49,1,2,1,1,0,"GSE96058"
42.5755584756899,0,130,63,1,2,1,1,0,"GSE96058"
42.904073587385,0,160,51,0,2,1,1,0,"GSE96058"
42.3784494086728,0,140,55,0,3,1,1,0,"GSE96058"
41.754270696452,0,230,87,0,2,1,1,0,"GSE96058"
41.7214191852825,0,180,78,0,2,1,1,0,"GSE96058"
41.688567674113,0,140,43,0,3,0,0,0,"GSE96058"
41.9842312746386,0,50,43,0,2,1,1,0,"GSE96058"
41.0315374507227,0,260,70,0,2,1,0,0,"GSE96058"
38.4362680683311,1,110,67,0,3,1,1,0,"GSE96058"
40.8015768725361,0,300,64,1,2,1,1,0,"GSE96058"
40.9986859395532,0,120,61,1,2,1,0,0,"GSE96058"
40.6044678055191,0,150,65,0,2,1,1,0,"GSE96058"
40.5716162943495,0,270,54,1,2,1,0,0,"GSE96058"
40.5716162943495,0,440,75,1,2,1,1,0,"GSE96058"
40.7358738501971,0,270,80,0,2,1,1,0,"GSE96058"
40.3745072273325,0,200,49,0,3,1,1,0,"GSE96058"
40.7687253613666,0,80,63,0,2,1,1,0,"GSE96058"
40.1445466491459,0,250,56,0,3,1,1,0,"GSE96058"
39.8488830486202,0,150,57,1,2,1,1,0,"GSE96058"
39.8817345597897,0,150,47,0,2,1,1,0,"GSE96058"
40.7030223390276,0,120,71,1,2,1,1,0,"GSE96058"
40.0459921156373,0,160,69,0,2,1,0,1,"GSE96058"
25.3613666228647,1,350,86,1,2,1,1,0,"GSE96058"
39.8160315374507,0,220,64,1,2,1,1,0,"GSE96058"
39.8488830486202,0,100,75,0,2,1,1,0,"GSE96058"
39.8160315374507,0,100,49,0,2,1,1,0,"GSE96058"
39.2247043363995,0,180,42,0,2,1,1,0,"GSE96058"
25.1971090670171,1,430,86,1,3,1,1,0,"GSE96058"
39.6846254927727,0,220,62,1,2,1,1,0,"GSE96058"
39.8160315374507,0,500,52,1,2,1,1,0,"GSE96058"
39.4546649145861,0,190,59,0,2,1,0,0,"GSE96058"
39.6846254927727,0,170,62,0,2,1,1,0,"GSE96058"
39.4546649145861,0,90,67,0,2,1,1,0,"GSE96058"
39.4546649145861,0,160,43,1,2,1,1,0,"GSE96058"
39.1590013140604,0,130,75,0,2,1,1,0,"GSE96058"
39.1590013140604,0,160,66,0,2,1,1,0,"GSE96058"
39.1590013140604,0,200,52,0,2,1,1,0,"GSE96058"
39.19185282523,0,230,88,1,2,1,1,1,"GSE96058"
40.0788436268068,0,150,51,0,2,0,0,0,"GSE96058"
38.9947437582129,0,150,77,0,2,1,0,0,"GSE96058"
39.2247043363995,0,300,60,0,3,1,1,0,"GSE96058"
38.6990801576872,0,200,55,0,3,1,0,0,"GSE96058"
38.9290407358738,0,260,61,0,2,1,1,0,"GSE96058"
38.5348226018397,0,120,88,0,2,1,1,0,"GSE96058"
38.9290407358738,0,130,65,0,2,1,1,0,"GSE96058"
38.6662286465177,0,180,48,1,2,1,1,0,"GSE96058"
39.0932982917214,0,190,68,0,2,1,1,0,"GSE96058"
38.5019710906702,0,10,63,0,3,0,0,1,"GSE96058"
9.09986859395532,1,450,90,1,2,1,1,0,"GSE96058"
38.3377135348226,0,200,64,0,3,1,1,1,"GSE96058"
38.2063074901445,0,170,75,0,2,1,1,0,"GSE96058"
38.2391590013141,0,50,75,0,2,1,1,0,"GSE96058"
38.3048620236531,0,370,72,0,3,1,1,0,"GSE96058"
38.107752956636,0,200,73,1,3,0,0,0,"GSE96058"
38.0091984231275,0,120,58,0,2,1,1,0,"GSE96058"
37.5821287779238,0,160,80,1,3,1,1,0,"GSE96058"
38.107752956636,0,250,68,0,2,1,1,0,"GSE96058"
37.8449408672799,0,30,70,0,2,1,1,0,"GSE96058"
38.2720105124836,0,190,51,0,2,1,1,0,"GSE96058"
38.0091984231275,0,170,71,0,2,1,1,0,"GSE96058"
38.042049934297,0,250,44,1,3,1,1,0,"GSE96058"
36.957950065703,0,120,50,1,2,1,1,0,"GSE96058"
36.6294349540079,0,140,65,0,2,1,1,0,"GSE96058"
37.1550591327201,0,160,67,0,2,1,1,0,"GSE96058"
36.7279894875164,0,200,77,1,2,1,1,0,"GSE96058"
22.0105124835742,1,220,83,0,2,1,1,0,"GSE96058"
36.4980289093298,0,140,47,0,2,1,1,0,"GSE96058"
36.4980289093298,0,170,46,0,3,1,1,1,"GSE96058"
36.4980289093298,0,90,65,0,3,0,0,0,"GSE96058"
36.5965834428384,0,110,69,1,2,0,0,1,"GSE96058"
36.6622864651774,0,270,47,1,3,0,0,0,"GSE96058"
36.4323258869908,0,330,51,0,3,0,0,0,"GSE96058"
36.0381077529566,0,50,72,0,2,1,1,0,"GSE96058"
36.2680683311432,0,170,71,0,3,1,1,0,"GSE96058"
35.9724047306176,0,150,74,0,3,1,1,1,"GSE96058"
33.7056504599212,0,260,78,0,2,1,1,0,"GSE96058"
33.5085413929041,0,270,79,0,2,1,1,0,"GSE96058"
33.7056504599212,0,300,58,0,2,1,1,0,"GSE96058"
33.6399474375821,0,100,59,0,2,1,1,0,"GSE96058"
32.7529566360053,0,150,67,0,2,1,1,0,"GSE96058"
33.0157687253614,0,120,68,0,2,1,1,0,"GSE96058"
32.7201051248357,0,170,42,0,2,1,1,0,"GSE96058"
32.7858081471748,0,90,55,0,2,1,1,0,"GSE96058"
32.7858081471748,0,170,46,0,3,1,1,0,"GSE96058"
32.5886990801577,0,250,84,1,2,1,1,0,"GSE96058"
32.3587385019711,0,150,61,0,2,1,1,0,"GSE96058"
32.095926412615,0,160,61,0,3,1,0,0,"GSE96058"
32.095926412615,0,90,74,1,2,1,1,0,"GSE96058"
31.8331143232589,0,200,62,1,2,1,1,0,"GSE96058"
32.095926412615,0,210,54,0,2,1,1,0,"GSE96058"
31.8659658344284,0,100,54,0,3,1,1,1,"GSE96058"
31.6360052562418,0,130,78,0,2,1,1,0,"GSE96058"
31.3731931668857,0,450,66,0,2,1,1,0,"GSE96058"
31.8331143232589,0,120,53,0,2,1,0,0,"GSE96058"
31.3074901445466,0,150,49,0,2,1,1,0,"GSE96058"
31.3731931668857,0,240,28,0,3,0,0,0,"GSE96058"
31.3403416557162,0,250,41,0,2,1,1,0,"GSE96058"
31.3074901445466,0,280,68,0,2,1,1,0,"GSE96058"
31.3074901445466,0,150,78,0,2,1,1,0,"GSE96058"
32.3258869908016,0,230,59,1,2,1,1,0,"GSE96058"
31.6031537450723,0,170,44,0,2,1,1,0,"GSE96058"
31.3731931668857,0,260,47,0,2,1,1,0,"GSE96058"
31.0446780551905,0,70,65,0,2,1,1,0,"GSE96058"
30.3876478318003,0,180,79,1,2,1,1,0,"GSE96058"
29.9934296977661,0,200,53,1,2,1,1,0,"GSE96058"
30.4533508541393,0,120,73,1,2,1,1,0,"GSE96058"
30.1905387647832,0,210,47,1,3,1,1,0,"GSE96058"
29.3035479632063,0,80,82,0,2,1,1,0,"GSE96058"
29.664914586071,0,170,73,1,2,1,1,0,"GSE96058"
29.9277266754271,0,90,62,0,2,1,1,0,"GSE96058"
29.5663600525624,0,120,73,0,2,1,0,1,"GSE96058"
29.0078843626807,0,90,63,1,2,1,1,0,"GSE96058"
28.8107752956636,0,190,69,0,2,1,1,1,"GSE96058"
28.8107752956636,0,80,64,0,2,1,0,0,"GSE96058"
28.7779237844941,0,120,68,0,2,1,1,0,"GSE96058"
28.646517739816,0,140,40,1,2,1,1,0,"GSE96058"
28.646517739816,0,90,67,0,2,1,1,0,"GSE96058"
28.4165571616294,0,300,84,0,2,1,1,0,"GSE96058"
28.3180026281209,0,120,54,0,2,1,1,0,"GSE96058"
27.9237844940867,0,110,64,0,2,1,1,0,"GSE96058"
27.8580814717477,0,180,45,0,2,1,1,0,"GSE96058"
27.3981603153745,0,190,73,0,2,1,0,0,"GSE96058"
27.9566360052562,0,450,66,0,3,0,0,0,"GSE96058"
27.496714848883,0,220,80,1,2,1,1,0,"GSE96058"
23.9816031537451,1,140,60,1,2,1,1,0,"GSE96058"
80.2890932982917,0,180,52,0,2,1,1,0,"GSE96058"
79.73061760841,0,210,68,0,2,0,0,0,"GSE96058"
79.73061760841,0,170,59,1,2,1,1,0,"GSE96058"
79.6977660972405,0,250,56,0,2,1,1,0,"GSE96058"
79.6649145860709,0,80,41,0,3,1,1,1,"GSE96058"
78.8764783180026,0,120,70,0,2,1,1,0,"GSE96058"
78.2851511169514,0,120,55,0,2,1,1,0,"GSE96058"
78.2851511169514,0,70,50,1,3,0,0,1,"GSE96058"
69.2509855453351,1,130,82,1,2,1,1,0,"GSE96058"
77.1024967148489,0,150,60,0,2,1,0,0,"GSE96058"
76.9053876478318,0,270,43,0,2,1,1,0,"GSE96058"
76.7082785808147,0,170,53,0,2,1,1,0,"GSE96058"
75.9198423127464,0,380,68,1,2,0,0,0,"GSE96058"
75.7227332457293,0,120,81,0,2,1,1,0,"GSE96058"
75.7227332457293,0,170,53,1,2,1,1,0,"GSE96058"
75.065703022339,0,90,55,0,2,1,1,0,"GSE96058"
75.065703022339,0,210,61,1,3,1,1,1,"GSE96058"
74.6386333771353,0,150,45,0,2,1,1,0,"GSE96058"
74.4086727989487,0,160,59,0,2,1,1,0,"GSE96058"
73.2260183968463,0,140,56,0,2,1,1,1,"GSE96058"
74.4415243101183,0,330,49,1,2,1,1,0,"GSE96058"
74.4086727989487,0,240,47,0,2,1,1,0,"GSE96058"
74.2115637319317,0,40,57,0,2,1,1,0,"GSE96058"
73.5216819973719,1,290,75,0,3,1,1,1,"GSE96058"
73.915900131406,0,260,73,0,3,1,1,0,"GSE96058"
74.0801576872536,0,150,70,0,2,0,0,0,"GSE96058"
73.4231274638633,0,100,61,0,2,1,1,0,"GSE96058"
73.4888304862024,0,240,44,1,3,1,1,0,"GSE96058"
73.3902759526938,0,160,68,0,2,1,1,0,"GSE96058"
73.1931668856767,0,100,63,0,2,1,1,0,"GSE96058"
73.2588699080158,0,110,72,0,2,1,0,0,"GSE96058"
73.0289093298292,0,200,59,0,2,1,1,0,"GSE96058"
73.0289093298292,0,90,68,0,2,1,1,0,"GSE96058"
72.7989487516426,0,170,68,0,3,0,0,0,"GSE96058"
72.3390275952694,0,150,65,0,2,0,0,0,"GSE96058"
72.9303547963206,0,250,74,1,3,1,1,0,"GSE96058"
72.0105124835742,0,20,83,0,2,1,1,0,"GSE96058"
72.568988173456,0,190,80,0,3,0,0,0,"GSE96058"
69.8423127463863,0,300,62,1,2,1,1,0,"GSE96058"
68.5939553219448,0,140,51,0,2,1,1,0,"GSE96058"
69.053876478318,0,150,52,0,3,1,0,0,"GSE96058"
69.3495400788436,0,220,65,0,3,0,1,0,"GSE96058"
68.0026281208936,0,90,65,0,2,1,1,0,"GSE96058"
68.8896189224704,0,250,52,0,3,1,1,0,"GSE96058"
68.7910643889619,0,220,70,0,3,1,1,0,"GSE96058"
51.149802890933,1,290,79,0,2,1,0,1,"GSE96058"
67.7069645203679,0,190,78,0,2,1,1,0,"GSE96058"
35.3810775295664,1,170,50,1,2,1,1,0,"GSE96058"
67.6741130091984,0,230,55,1,3,1,1,0,"GSE96058"
67.2470433639947,0,20,55,1,2,0,0,0,"GSE96058"
67.4770039421813,0,140,67,1,2,1,1,0,"GSE96058"
67.2470433639947,0,300,39,0,3,0,0,0,"GSE96058"
67.1813403416557,0,260,57,1,3,1,1,0,"GSE96058"
66.754270696452,0,270,71,0,2,1,0,0,"GSE96058"
68.6268068331143,0,110,56,0,2,1,1,0,"GSE96058"
68.9224704336399,0,90,80,0,2,1,1,0,"GSE96058"
51.281208935611,1,140,65,1,3,1,0,0,"GSE96058"
66.5243101182654,0,150,71,1,2,1,1,0,"GSE96058"
66.7871222076216,0,130,68,0,3,0,0,0,"GSE96058"
67.1813403416557,0,350,91,1,3,0,0,0,"GSE96058"
61.5965834428384,1,150,82,0,2,1,1,0,"GSE96058"
32.5886990801577,1,200,47,1,3,0,0,0,"GSE96058"
65.6701708278581,0,200,56,0,2,1,1,0,"GSE96058"
65.7687253613666,0,250,62,0,3,1,0,1,"GSE96058"
65.8344283837056,0,350,61,0,3,1,0,1,"GSE96058"
65.1773981603154,0,130,66,0,2,1,1,0,"GSE96058"
65.1445466491459,0,110,64,0,2,1,0,0,"GSE96058"
64.5203679369251,0,80,72,0,2,1,1,0,"GSE96058"
64.0275952693824,0,200,59,1,3,1,1,1,"GSE96058"
64.0275952693824,0,70,49,0,2,0,0,1,"GSE96058"
63.7319316688568,0,110,71,0,2,1,1,0,"GSE96058"
27.5295663600526,1,320,96,0,3,1,1,0,"GSE96058"
63.5019710906702,0,140,64,0,2,1,1,0,"GSE96058"
63.1406044678055,0,190,48,0,2,1,1,0,"GSE96058"
63.6005256241787,0,110,58,0,2,1,1,0,"GSE96058"
63.107752956636,0,90,73,0,2,1,1,0,"GSE96058"
62.9106438896189,0,180,50,0,2,1,1,0,"GSE96058"
52.299605781866,1,200,88,0,2,1,1,0,"GSE96058"
59.4940867279895,1,150,84,1,3,1,0,1,"GSE96058"
59.7240473061761,0,100,57,0,2,1,1,0,"GSE96058"
58.0814717477004,0,110,63,0,3,0,0,1,"GSE96058"
60.4139290407359,0,150,45,0,2,1,1,0,"GSE96058"
60.611038107753,0,160,33,1,2,1,1,0,"GSE96058"
60.3810775295664,0,170,62,0,3,1,1,0,"GSE96058"
59.6583442838371,0,200,45,1,2,1,1,0,"GSE96058"
58.5085413929041,0,130,60,0,3,1,1,1,"GSE96058"
58.0814717477004,0,210,77,1,2,1,1,0,"GSE96058"
57.5558475689882,0,100,54,0,2,1,1,0,"GSE96058"
56.9316688567674,0,310,75,0,3,1,0,0,"GSE96058"
57.5229960578187,0,100,43,0,2,1,1,0,"GSE96058"
55.9789750328515,0,140,46,1,2,1,1,0,"GSE96058"
55.946123521682,0,90,61,0,2,1,1,0,"GSE96058"
55.946123521682,0,140,53,1,2,1,1,0,"GSE96058"
55.9789750328515,0,150,53,0,2,1,1,0,"GSE96058"
55.9789750328515,0,110,52,0,2,1,1,0,"GSE96058"
56.011826544021,0,200,68,0,2,0,0,0,"GSE96058"
56.6360052562418,0,70,48,1,3,0,0,1,"GSE96058"
55.5847568988173,0,110,69,0,2,1,1,0,"GSE96058"
55.3219448094612,0,200,50,0,3,1,1,0,"GSE96058"
55.0262812089356,0,90,61,0,2,1,1,0,"GSE96058"
54.8291721419185,0,220,64,1,2,1,1,0,"GSE96058"
54.6320630749014,0,200,44,0,2,1,1,1,"GSE96058"
54.3692509855453,0,150,80,0,2,1,1,0,"GSE96058"
50.8212877792378,1,100,74,1,2,1,1,0,"GSE96058"
53.7122207621551,0,120,70,0,2,1,1,0,"GSE96058"
52.9566360052562,0,170,63,0,2,1,1,0,"GSE96058"
52.7266754270696,0,290,67,0,3,0,0,0,"GSE96058"
52.5624178712221,0,150,61,1,2,1,1,0,"GSE96058"
52.431011826544,0,250,83,0,3,1,1,0,"GSE96058"
54.1392904073587,0,50,69,0,2,1,1,0,"GSE96058"
54.1392904073587,0,160,53,1,2,1,1,0,"GSE96058"
7.58869908015769,1,150,51,0,3,0,0,0,"GSE96058"
51.7739816031537,0,120,71,0,3,0,0,1,"GSE96058"
52.0039421813403,0,150,66,0,2,1,1,0,"GSE96058"
51.5768725361367,0,110,58,1,3,0,0,1,"GSE96058"
51.5111695137976,0,210,73,1,3,1,1,0,"GSE96058"
50.8212877792378,0,150,51,0,2,1,1,0,"GSE96058"
53.8764783180026,0,100,66,0,2,1,1,0,"GSE96058"
22.0105124835742,1,190,79,1,3,0,0,0,"GSE96058"
51.8725361366623,0,160,79,0,3,1,1,0,"GSE96058"
50.6898817345598,0,170,70,0,2,0,0,0,"GSE96058"
48.6530880420499,0,240,87,0,3,0,0,1,"GSE96058"
48.6530880420499,0,30,48,0,3,0,0,0,"GSE96058"
45.6636005256242,0,30,64,0,2,0,0,0,"GSE96058"
45.3679369250986,0,250,47,1,3,1,1,0,"GSE96058"
44.4480946123522,0,170,48,0,3,0,0,1,"GSE96058"
49.8028909329829,0,110,66,0,2,1,1,0,"GSE96058"
49.8028909329829,0,230,39,1,3,1,0,0,"GSE96058"
51.1826544021025,0,200,60,0,2,1,1,0,"GSE96058"
49.0801576872536,0,290,80,0,2,1,1,0,"GSE96058"
48.6859395532194,0,100,49,0,2,1,1,0,"GSE96058"
49.1458607095926,0,230,63,0,2,1,1,0,"GSE96058"
46.8134034165572,0,150,80,0,2,1,1,0,"GSE96058"
47.3061760840999,0,280,77,0,2,1,1,1,"GSE96058"
47.2404730617608,0,130,88,0,2,1,1,0,"GSE96058"
46.550591327201,0,150,64,0,2,1,1,0,"GSE96058"
46.7148488830486,0,150,80,0,2,1,1,0,"GSE96058"
46.550591327201,0,170,66,1,3,1,1,0,"GSE96058"
45.8935611038108,0,300,80,0,2,1,1,0,"GSE96058"
45.4336399474376,0,230,50,0,3,1,0,1,"GSE96058"
45.4007884362681,0,180,71,0,3,1,0,0,"GSE96058"
45.203679369251,0,130,52,0,3,1,0,0,"GSE96058"
44.7766097240473,0,90,58,0,2,1,1,1,"GSE96058"
44.5137976346912,0,80,65,0,2,1,0,0,"GSE96058"
44.5137976346912,0,260,49,1,2,1,1,0,"GSE96058"
44.7766097240473,0,110,43,1,2,1,1,0,"GSE96058"
45.4336399474376,0,140,67,0,2,1,1,0,"GSE96058"
44.7109067017083,0,100,84,0,2,1,1,0,"GSE96058"
37.3193166885677,1,150,71,0,2,1,1,0,"GSE96058"
43.0683311432326,0,150,60,0,2,1,1,1,"GSE96058"
43.0354796320631,0,170,65,0,2,1,1,0,"GSE96058"
42.6412614980289,0,70,56,0,2,1,1,0,"GSE96058"
42.772667542707,0,80,53,0,2,1,1,0,"GSE96058"
42.6084099868594,0,150,47,1,2,1,1,0,"GSE96058"
42.8055190538765,0,250,84,0,2,1,1,0,"GSE96058"
42.3455978975033,0,170,48,1,3,1,1,1,"GSE96058"
42.8055190538765,0,50,48,1,3,1,1,0,"GSE96058"
40.2759526938239,0,210,40,1,2,1,1,1,"GSE96058"
38.6662286465177,0,320,83,0,2,1,1,0,"GSE96058"
41.2943495400788,0,120,44,1,2,1,1,0,"GSE96058"
40.5059132720105,0,190,81,1,2,1,1,0,"GSE96058"
42.8712220762155,0,170,41,0,2,1,1,0,"GSE96058"
40.7358738501971,0,150,66,0,2,1,1,0,"GSE96058"
41.1957950065703,0,130,64,0,2,1,1,0,"GSE96058"
40.5716162943495,0,90,46,0,2,1,1,0,"GSE96058"
39.8160315374507,0,90,51,0,2,1,1,0,"GSE96058"
39.8160315374507,0,110,71,0,2,1,1,0,"GSE96058"
39.6517739816031,0,90,58,0,2,1,1,0,"GSE96058"
39.6189224704336,0,140,67,0,2,1,1,0,"GSE96058"
39.0932982917214,0,60,38,0,2,1,1,0,"GSE96058"
38.6662286465177,0,120,56,1,3,1,1,0,"GSE96058"
28.3508541392904,0,230,33,0,2,1,1,1,"GSE96058"
39.0932982917214,0,110,59,0,2,1,1,0,"GSE96058"
38.2391590013141,0,130,67,0,2,1,1,0,"GSE96058"
38.7319316688568,0,100,66,0,2,1,1,0,"GSE96058"
38.0091984231275,0,140,75,1,2,1,1,0,"GSE96058"
37.3521681997372,0,200,41,0,2,1,1,0,"GSE96058"
37.5492772667543,0,100,66,0,2,1,1,0,"GSE96058"
37.5164257555848,0,110,66,1,2,1,1,0,"GSE96058"
35.9067017082786,0,120,69,0,2,1,1,0,"GSE96058"
18.5611038107753,1,270,87,0,2,1,1,0,"GSE96058"
33.9027595269382,0,120,59,0,2,1,1,0,"GSE96058"
33.0486202365309,0,200,44,0,2,1,1,0,"GSE96058"
32.9829172141919,0,180,58,0,2,1,1,1,"GSE96058"
32.227332457293,0,190,51,0,2,1,1,0,"GSE96058"
31.8331143232589,0,200,80,0,2,0,0,0,"GSE96058"
31.8331143232589,0,170,79,0,3,1,1,0,"GSE96058"
34.8883048620237,0,180,53,0,2,1,1,0,"GSE96058"
32.1287779237845,0,220,47,0,2,1,1,0,"GSE96058"
31.3403416557162,0,120,69,0,3,0,0,1,"GSE96058"
31.3074901445466,0,300,73,1,2,1,1,0,"GSE96058"
30.7161629434954,0,150,74,0,3,1,1,0,"GSE96058"
29.6977660972405,0,10,79,0,2,0,0,0,"GSE96058"
28.5479632063075,0,120,48,0,2,1,1,0,"GSE96058"
28.1865965834428,0,110,52,0,2,1,1,0,"GSE96058"
28.3180026281209,0,140,56,1,2,1,1,0,"GSE96058"
27.496714848883,0,200,63,0,3,1,1,0,"GSE96058"
80.3219448094612,0,450,39,1,2,1,1,0,"GSE96058"
80.5847568988173,0,150,59,0,2,1,1,1,"GSE96058"
64.6517739816032,1,370,78,1,3,1,1,0,"GSE96058"
5.68331143232589,1,340,73,0,3,1,1,0,"GSE96058"
79.9277266754271,0,230,62,0,3,1,1,0,"GSE96058"
79.9605781865966,0,140,83,0,2,1,1,0,"GSE96058"
79.6977660972405,0,80,64,0,2,1,1,0,"GSE96058"
71.5834428383706,1,70,65,0,2,1,1,0,"GSE96058"
79.2049934296978,0,110,56,0,2,1,0,0,"GSE96058"
79.1721419185283,0,150,45,0,2,1,1,0,"GSE96058"
79.1064388961892,1,370,82,1,3,1,1,0,"GSE96058"
79.4021024967148,0,150,46,1,3,1,0,0,"GSE96058"
79.4678055190539,0,110,67,0,2,1,1,0,"GSE96058"
79.2049934296978,0,180,65,1,2,1,1,0,"GSE96058"
40.9986859395532,1,120,73,1,2,1,1,0,"GSE96058"
78.5479632063075,0,100,66,0,2,1,0,0,"GSE96058"
78.4822601839685,0,210,64,0,2,1,1,0,"GSE96058"
78.6793692509855,0,100,71,0,3,1,1,0,"GSE96058"
78.7450722733246,0,260,67,0,3,1,1,0,"GSE96058"
65.0459921156373,1,100,53,0,3,0,0,0,"GSE96058"
46.6491458607096,1,250,75,0,3,1,1,1,"GSE96058"
77.9894875164258,0,130,63,0,2,1,1,0,"GSE96058"
77.9566360052562,0,220,75,1,3,1,1,0,"GSE96058"
47.1419185282523,1,200,88,0,2,0,0,0,"GSE96058"
77.7923784494087,0,350,56,0,2,1,1,1,"GSE96058"
35.5124835742444,1,200,92,0,2,1,1,0,"GSE96058"
77.7266754270696,0,230,70,0,2,1,1,0,"GSE96058"
77.1353482260184,0,160,85,0,2,1,1,0,"GSE96058"
78.3180026281209,0,80,44,0,2,0,0,1,"GSE96058"
76.9382391590013,0,120,61,0,2,1,1,0,"GSE96058"
76.6097240473062,0,220,67,1,2,1,1,0,"GSE96058"
76.3469119579501,0,130,58,0,2,1,0,0,"GSE96058"
76.1826544021025,0,150,50,0,3,1,1,1,"GSE96058"
75.9526938239159,0,220,87,1,3,0,0,0,"GSE96058"
75.5256241787122,0,320,68,1,2,1,1,0,"GSE96058"
75.0328515111695,0,120,69,0,2,1,1,0,"GSE96058"
75.2628120893561,0,200,59,1,2,1,1,0,"GSE96058"
74.8685939553219,0,250,66,1,2,1,1,0,"GSE96058"
75,0,250,65,0,2,1,1,0,"GSE96058"
75,0,320,50,1,2,1,1,0,"GSE96058"
74.9671484888305,0,130,53,0,2,1,1,0,"GSE96058"
74.8028909329829,0,70,45,0,3,1,1,0,"GSE96058"
13.1406044678055,1,350,81,0,2,1,1,0,"GSE96058"
30.2233902759527,1,170,52,1,3,0,1,0,"GSE96058"
74.4415243101183,0,250,59,0,3,1,1,1,"GSE96058"
74.3758212877792,0,230,44,0,3,1,1,0,"GSE96058"
73.9816031537451,0,290,75,1,2,1,1,0,"GSE96058"
73.8830486202365,0,190,40,0,3,0,0,1,"GSE96058"
73.9487516425756,0,190,51,1,3,1,0,0,"GSE96058"
73.0289093298292,0,170,56,0,2,1,1,0,"GSE96058"
35.4139290407359,1,100,81,0,2,1,1,0,"GSE96058"
69.0867279894875,1,170,52,0,2,1,1,0,"GSE96058"
73.2588699080158,0,100,69,0,2,1,1,0,"GSE96058"
74.1130091984231,0,210,74,0,2,1,1,0,"GSE96058"
35.742444152431,1,600,57,0,3,0,0,0,"GSE96058"
73.2588699080158,0,270,64,0,2,1,1,0,"GSE96058"
73.1603153745072,0,200,69,0,2,1,1,0,"GSE96058"
74.1130091984231,0,170,88,1,2,1,1,0,"GSE96058"
73.0617608409987,0,180,81,0,2,1,1,0,"GSE96058"
73.0289093298292,0,330,75,0,3,1,0,0,"GSE96058"
72.7332457293035,0,400,65,0,2,1,0,0,"GSE96058"
72.8318002628121,0,160,68,0,2,1,1,0,"GSE96058"
72.5361366622865,0,220,58,1,2,1,1,0,"GSE96058"
24.6386333771353,1,400,79,1,2,1,1,0,"GSE96058"
73.2588699080158,0,160,46,0,2,1,1,0,"GSE96058"
73.7516425755585,0,160,47,1,3,1,1,0,"GSE96058"
71.1235216819974,0,450,71,0,3,1,1,0,"GSE96058"
72.3718791064389,0,300,63,1,3,0,0,0,"GSE96058"
63.0091984231275,1,180,81,1,3,0,0,0,"GSE96058"
72.0433639947438,0,230,60,0,3,1,1,1,"GSE96058"
71.9119579500657,0,270,59,1,3,1,0,1,"GSE96058"
18.9224704336399,1,300,62,1,3,1,0,1,"GSE96058"
71.5834428383706,0,230,68,0,2,1,1,0,"GSE96058"
66.1629434954008,1,90,70,0,3,0,0,0,"GSE96058"
71.6491458607096,0,120,73,0,2,1,1,0,"GSE96058"
26.9382391590013,1,130,38,0,3,0,0,0,"GSE96058"
71.6491458607096,0,250,71,1,2,1,1,0,"GSE96058"
26.8396846254928,1,250,90,0,3,0,0,0,"GSE96058"
71.1235216819974,0,250,68,0,3,1,1,1,"GSE96058"
70.6964520367937,0,450,76,0,2,1,1,0,"GSE96058"
70.9264126149803,0,250,82,1,2,1,1,0,"GSE96058"
70.7293035479632,0,130,67,0,2,1,1,0,"GSE96058"
70.7293035479632,0,140,49,0,2,1,1,0,"GSE96058"
14.3561103810775,1,300,67,1,3,0,0,1,"GSE96058"
70.6636005256242,0,130,77,0,3,1,1,0,"GSE96058"
70.5321944809461,0,420,72,1,2,1,1,0,"GSE96058"
50.065703022339,1,400,78,0,3,1,1,0,"GSE96058"
70.0065703022339,0,150,64,1,3,0,0,1,"GSE96058"
32.6872536136662,1,480,80,1,2,0,0,0,"GSE96058"
69.5795006570302,0,100,45,0,2,1,1,0,"GSE96058"
69.5466491458607,0,250,78,1,3,0,0,1,"GSE96058"
69.3166885676741,0,140,54,0,2,1,1,0,"GSE96058"
69.3495400788436,0,120,72,0,3,0,0,0,"GSE96058"
69.5466491458607,0,150,77,1,3,0,0,0,"GSE96058"
69.2509855453351,0,270,47,1,2,1,1,0,"GSE96058"
68.3968462549277,0,600,73,1,2,1,1,0,"GSE96058"
69.2838370565046,0,180,67,0,2,1,1,0,"GSE96058"
24.2772667542707,1,150,64,1,2,1,1,0,"GSE96058"
68.8896189224704,0,140,50,0,2,1,1,0,"GSE96058"
69.053876478318,0,700,47,1,3,0,0,0,"GSE96058"
68.6596583442838,0,120,72,0,2,1,1,0,"GSE96058"
54.796320630749,1,400,85,0,2,1,0,0,"GSE96058"
68.7910643889619,0,450,70,1,2,1,0,0,"GSE96058"
68.4625492772667,0,150,79,0,2,1,1,0,"GSE96058"
68.3968462549277,0,300,62,1,2,1,0,0,"GSE96058"
68.4625492772667,0,330,56,1,3,0,0,1,"GSE96058"
68.4296977660972,0,130,83,0,2,1,1,0,"GSE96058"
49.2444152431012,1,350,84,1,2,1,1,0,"GSE96058"
67.9369250985545,0,400,57,0,2,1,1,0,"GSE96058"
67.9697766097241,0,150,66,0,2,1,1,0,"GSE96058"
68.0026281208936,0,80,57,0,2,1,1,0,"GSE96058"
68.7910643889619,0,600,86,0,2,1,1,0,"GSE96058"
68.0026281208936,0,50,74,0,2,1,1,0,"GSE96058"
68.0026281208936,0,340,80,0,2,1,0,0,"GSE96058"
67.7398160315374,0,230,47,1,3,0,0,0,"GSE96058"
67.7069645203679,0,140,47,0,2,1,1,0,"GSE96058"
67.904073587385,0,140,47,0,2,1,1,0,"GSE96058"
67.7069645203679,0,190,87,1,2,1,1,0,"GSE96058"
67.7398160315374,0,180,66,0,3,1,1,0,"GSE96058"
67.7398160315374,0,80,72,0,2,1,0,0,"GSE96058"
67.4770039421813,0,250,83,0,2,1,1,0,"GSE96058"
67.2798948751643,0,200,56,1,2,1,0,0,"GSE96058"
67.9369250985545,0,300,80,1,3,0,0,0,"GSE96058"
19.8751642575558,1,210,53,0,3,0,0,0,"GSE96058"
67.2798948751643,0,220,44,0,3,1,1,0,"GSE96058"
67.2141918528252,0,210,53,0,3,0,0,0,"GSE96058"
66.9842312746386,0,320,69,0,2,1,1,0,"GSE96058"
66.9842312746386,0,120,66,0,2,1,1,0,"GSE96058"
68.5939553219448,0,200,67,0,2,0,0,0,"GSE96058"
66.9185282522996,0,190,76,1,3,1,1,0,"GSE96058"
66.5900131406045,0,180,81,1,2,1,1,0,"GSE96058"
67.0499342969777,0,120,69,0,2,1,1,0,"GSE96058"
66.3272010512484,0,110,66,0,2,1,1,0,"GSE96058"
66.9842312746386,0,200,82,0,2,1,1,0,"GSE96058"
66.4914586070959,0,90,69,0,2,1,1,0,"GSE96058"
66.4914586070959,0,130,71,0,2,1,1,0,"GSE96058"
19.8751642575558,1,370,62,0,3,0,0,0,"GSE96058"
65.3745072273325,0,0,47,1,2,1,1,0,"GSE96058"
66.5243101182654,0,230,52,1,2,1,1,0,"GSE96058"
65.7687253613666,0,170,73,0,2,1,1,0,"GSE96058"
65.6044678055191,0,90,66,0,2,1,1,0,"GSE96058"
65.8015768725361,0,250,79,1,3,1,1,0,"GSE96058"
65.6701708278581,0,180,60,0,3,1,1,0,"GSE96058"
65.6044678055191,0,200,70,1,2,1,1,0,"GSE96058"
66.4914586070959,0,170,75,0,2,1,1,0,"GSE96058"
65.1773981603154,0,150,57,0,2,1,0,0,"GSE96058"
64.9474375821288,0,120,71,0,2,1,1,0,"GSE96058"
64.9145860709593,0,380,70,1,3,1,1,0,"GSE96058"
64.9145860709593,0,100,70,0,2,1,1,0,"GSE96058"
64.9145860709593,0,260,57,0,2,0,0,1,"GSE96058"
58.6727989487516,1,200,58,0,3,1,0,0,"GSE96058"
64.8817345597897,0,220,61,1,2,1,1,0,"GSE96058"
64.6846254927727,0,130,69,0,2,1,1,0,"GSE96058"
64.4875164257556,0,250,86,1,3,1,0,1,"GSE96058"
64.4875164257556,0,160,66,0,2,1,1,0,"GSE96058"
60.0525624178712,1,0,28,0,3,0,1,1,"GSE96058"
64.6189224704336,0,130,86,0,2,1,1,0,"GSE96058"
64.4218134034166,0,200,71,1,2,1,1,0,"GSE96058"
64.1590013140604,0,350,68,0,2,1,1,0,"GSE96058"
64.257555847569,0,110,73,0,2,1,1,0,"GSE96058"
63.7647831800263,0,120,72,0,2,1,1,0,"GSE96058"
64.0604467805519,0,380,50,1,3,1,1,0,"GSE96058"
63.4691195795007,0,130,49,0,2,1,1,0,"GSE96058"
63.3048620236531,0,250,70,0,2,1,1,0,"GSE96058"
63.5019710906702,0,120,66,1,3,0,0,1,"GSE96058"
62.8120893561104,0,60,68,0,2,1,1,0,"GSE96058"
13.7319316688568,1,180,77,0,2,1,1,0,"GSE96058"
63.1406044678055,0,60,75,1,3,1,1,1,"GSE96058"
7.19448094612352,1,150,70,0,3,1,1,1,"GSE96058"
62.4178712220762,0,100,62,0,2,1,1,0,"GSE96058"
62.2207621550591,0,420,74,0,2,1,1,0,"GSE96058"
62.2536136662286,0,100,59,0,3,1,1,0,"GSE96058"
31.2089356110381,1,300,78,0,3,1,1,0,"GSE96058"
62.4835742444152,0,120,53,0,2,1,1,0,"GSE96058"
62.4178712220762,0,140,67,0,2,1,1,0,"GSE96058"
62.3850197109067,0,50,67,0,2,1,1,0,"GSE96058"
62.1550591327201,0,170,68,0,2,1,1,1,"GSE96058"
61.7608409986859,0,100,48,1,3,1,1,1,"GSE96058"
61.7608409986859,0,200,81,1,2,1,0,0,"GSE96058"
62.3521681997372,0,150,60,0,2,1,1,0,"GSE96058"
61.957950065703,0,100,63,0,2,1,1,0,"GSE96058"
61.7279894875164,0,180,70,1,3,1,1,0,"GSE96058"
61.5637319316689,0,250,49,1,2,1,1,0,"GSE96058"
61.5308804204993,0,200,67,0,3,1,1,0,"GSE96058"
61.7608409986859,0,140,49,1,2,1,1,0,"GSE96058"
61.5308804204993,0,80,65,0,2,1,0,0,"GSE96058"
61.7608409986859,0,90,53,0,2,1,1,0,"GSE96058"
61.7608409986859,0,100,66,0,2,1,1,0,"GSE96058"
61.4651773981603,0,110,58,0,3,1,1,0,"GSE96058"
61.2023653088042,0,70,66,1,2,1,1,0,"GSE96058"
61.0709592641261,0,460,46,0,2,1,1,0,"GSE96058"
61.2680683311432,0,130,82,0,2,1,1,0,"GSE96058"
51.5768725361367,1,230,87,0,2,1,1,0,"GSE96058"
61.1038107752957,0,360,53,0,3,1,1,0,"GSE96058"
60.9724047306176,0,180,44,1,3,0,1,0,"GSE96058"
61.2352168199737,0,170,52,0,2,0,0,0,"GSE96058"
61.0709592641261,0,150,63,0,2,0,0,1,"GSE96058"
60.80814717477,0,120,73,0,2,1,1,0,"GSE96058"
60.6438896189225,0,180,66,0,2,1,1,0,"GSE96058"
60.5781865965834,0,140,73,0,3,1,1,1,"GSE96058"
60.611038107753,0,430,54,1,2,1,1,0,"GSE96058"
65.9001314060447,0,110,72,1,2,1,1,0,"GSE96058"
60.3153745072273,0,80,48,1,3,0,0,1,"GSE96058"
60.5781865965834,0,180,67,0,3,0,1,0,"GSE96058"
60.8738501971091,0,30,61,1,2,1,1,0,"GSE96058"
57.2930354796321,1,600,84,0,3,1,1,0,"GSE96058"
61.0381077529566,0,0,72,0,3,0,0,0,"GSE96058"
59.8883048620237,0,200,76,1,3,1,1,1,"GSE96058"
59.1655716162944,0,170,47,0,2,1,1,1,"GSE96058"
60.1511169513798,0,150,66,0,2,1,1,0,"GSE96058"
61.1038107752957,0,80,71,0,2,1,1,0,"GSE96058"
59.6583442838371,0,350,49,1,2,1,1,0,"GSE96058"
59.6254927726675,0,110,63,0,2,1,1,0,"GSE96058"
59.6254927726675,0,160,71,0,2,1,1,0,"GSE96058"
59.3626806833114,0,90,66,0,2,1,0,0,"GSE96058"
59.8554533508541,0,150,69,0,2,1,1,0,"GSE96058"
59.8226018396846,0,270,60,1,3,1,0,0,"GSE96058"
59.4940867279895,0,320,80,1,2,1,1,0,"GSE96058"
59.7240473061761,0,170,68,0,3,1,1,1,"GSE96058"
59.6254927726675,0,140,62,1,3,1,0,0,"GSE96058"
59.46123521682,0,270,63,0,2,1,1,0,"GSE96058"
58.9027595269382,0,140,59,0,2,1,1,0,"GSE96058"
58.8042049934297,0,150,67,0,2,1,1,0,"GSE96058"
59.4283837056505,0,40,55,0,2,1,1,0,"GSE96058"
3.31800262812089,1,320,91,0,3,1,1,0,"GSE96058"
58.8042049934297,0,120,64,1,2,1,1,0,"GSE96058"
23.5216819973719,1,130,38,1,3,0,1,0,"GSE96058"
58.7056504599212,0,210,31,1,3,1,1,0,"GSE96058"
58.311432325887,0,150,62,1,2,1,1,0,"GSE96058"
58.2128777923784,0,200,65,1,2,1,1,0,"GSE96058"
59.2641261498029,0,160,51,1,2,1,1,0,"GSE96058"
58.5085413929041,0,420,88,1,3,0,0,1,"GSE96058"
57.8843626806833,0,180,67,1,2,1,1,1,"GSE96058"
58.2128777923784,0,180,69,1,2,1,1,0,"GSE96058"
57.7529566360053,0,200,85,0,2,1,1,0,"GSE96058"
57.6215505913272,0,320,66,1,3,0,0,1,"GSE96058"
58.0486202365309,0,150,54,0,2,1,1,0,"GSE96058"
57.8843626806833,0,300,80,0,3,1,1,1,"GSE96058"
57.8843626806833,0,150,63,1,3,1,1,0,"GSE96058"
58.3442838370565,0,390,75,1,2,1,1,0,"GSE96058"
57.5886990801577,0,150,49,0,3,1,1,0,"GSE96058"
57.6544021024967,0,190,61,0,3,1,1,0,"GSE96058"
57.5886990801577,0,180,76,0,2,1,1,0,"GSE96058"
56.7345597897503,0,200,62,0,3,0,1,0,"GSE96058"
61.1038107752957,0,300,78,0,2,1,1,0,"GSE96058"
57.8186596583443,0,180,57,0,2,1,1,0,"GSE96058"
10.0525624178712,1,900,52,0,3,0,0,0,"GSE96058"
56.8659658344284,0,140,64,0,2,1,1,0,"GSE96058"
32.9172141918528,1,250,91,0,2,1,1,0,"GSE96058"
56.4060446780552,0,150,45,0,2,1,1,0,"GSE96058"
56.2417871222076,0,240,55,1,2,1,1,0,"GSE96058"
56.2746386333771,0,230,63,1,3,0,0,0,"GSE96058"
56.1760840998686,0,90,47,0,3,1,1,0,"GSE96058"
56.0446780551905,0,160,80,0,2,1,1,0,"GSE96058"
56.0446780551905,0,200,81,1,2,1,1,0,"GSE96058"
55.7490144546649,0,200,68,0,2,1,1,0,"GSE96058"
55.7161629434954,0,300,57,0,3,1,1,1,"GSE96058"
55.5519053876478,0,110,64,0,2,1,1,0,"GSE96058"
55.5190538764783,0,140,48,0,2,1,1,0,"GSE96058"
55.2562417871222,0,220,75,1,2,1,1,0,"GSE96058"
55.5519053876478,0,200,65,0,2,1,1,0,"GSE96058"
55.0919842312746,0,280,47,0,2,1,1,0,"GSE96058"
55.7490144546649,0,110,34,0,3,0,1,0,"GSE96058"
55.0262812089356,0,300,67,0,3,1,1,0,"GSE96058"
55.0591327201051,0,140,69,0,2,1,1,0,"GSE96058"
55.0262812089356,0,220,66,1,3,1,1,0,"GSE96058"
53.7450722733246,0,160,69,0,2,1,1,0,"GSE96058"
55.5190538764783,0,210,72,1,3,1,1,1,"GSE96058"
55.0591327201051,0,340,45,0,2,1,1,0,"GSE96058"
55.0262812089356,0,80,67,1,2,1,1,0,"GSE96058"
55.2562417871222,0,80,61,0,2,1,1,0,"GSE96058"
54.796320630749,0,100,61,1,2,1,1,0,"GSE96058"
54.3692509855453,0,330,64,1,2,1,1,0,"GSE96058"
54.4021024967148,0,140,41,0,2,1,1,0,"GSE96058"
54.3363994743758,0,220,76,0,2,1,1,0,"GSE96058"
54.3363994743758,0,100,81,0,2,1,0,0,"GSE96058"
53.9421813403417,0,300,52,0,3,1,1,0,"GSE96058"
53.9421813403417,0,120,61,0,3,0,0,0,"GSE96058"
53.8764783180026,0,130,56,1,2,1,1,0,"GSE96058"
53.9093298291721,0,60,59,0,3,1,1,0,"GSE96058"
54.1721419185282,0,160,37,0,2,1,1,0,"GSE96058"
53.8436268068331,0,320,74,0,2,1,1,0,"GSE96058"
53.8764783180026,0,80,56,0,2,1,1,0,"GSE96058"
40.8672798948752,1,160,70,0,2,1,1,0,"GSE96058"
53.8764783180026,0,80,68,1,2,1,1,0,"GSE96058"
53.646517739816,0,70,66,0,2,1,1,0,"GSE96058"
54.1392904073587,0,250,85,0,2,1,1,0,"GSE96058"
53.1537450722733,0,400,61,1,3,0,0,0,"GSE96058"
52.9894875164258,0,180,79,1,2,1,1,0,"GSE96058"
52.9894875164258,0,160,73,0,2,1,1,0,"GSE96058"
53.1537450722733,0,150,47,0,2,1,1,0,"GSE96058"
53.0223390275953,0,190,68,0,2,1,1,0,"GSE96058"
52.9566360052562,0,120,83,0,2,1,1,0,"GSE96058"
53.1865965834428,0,90,72,0,2,1,1,0,"GSE96058"
52.9566360052562,0,180,50,0,2,1,1,0,"GSE96058"
52.299605781866,0,110,81,0,2,1,1,0,"GSE96058"
52.5295663600526,0,280,74,0,2,1,1,1,"GSE96058"
52.3324572930355,0,150,54,0,2,1,1,0,"GSE96058"
52.2339027595269,0,300,32,0,2,1,1,0,"GSE96058"
52.2339027595269,0,200,88,1,2,1,1,0,"GSE96058"
51.1169513797635,0,80,47,0,2,1,1,0,"GSE96058"
51.8068331143233,0,120,62,1,2,1,1,0,"GSE96058"
51.7739816031537,0,150,60,0,2,1,1,0,"GSE96058"
49.3101182654402,1,80,70,1,2,1,1,0,"GSE96058"
50.4927726675427,0,160,60,0,2,1,1,0,"GSE96058"
51.6097240473062,0,90,68,0,3,1,1,0,"GSE96058"
51.5768725361367,0,170,61,0,2,1,1,0,"GSE96058"
13.3705650459921,1,160,84,0,2,1,1,0,"GSE96058"
51.6097240473062,0,100,46,0,2,1,1,0,"GSE96058"
50.4270696452037,0,100,47,0,2,1,1,0,"GSE96058"
57.095926412615,0,200,60,1,2,1,0,0,"GSE96058"
31.1760840998686,1,150,91,1,2,1,1,0,"GSE96058"
5.88042049934297,1,380,84,1,2,1,0,1,"GSE96058"
57.1287779237845,0,100,93,0,2,1,1,0,"GSE96058"
53.0223390275953,0,230,60,1,2,1,1,0,"GSE96058"
55.5519053876478,0,200,70,0,3,1,0,0,"GSE96058"
48.8830486202365,0,330,59,1,3,0,0,0,"GSE96058"
49.3429697766097,0,160,26,0,3,0,0,0,"GSE96058"
50.6898817345598,0,250,46,1,2,1,1,0,"GSE96058"
41.1957950065703,0,220,49,1,3,1,0,0,"GSE96058"
33.7056504599212,0,120,46,0,3,1,1,1,"GSE96058"
31.9973718791064,0,190,41,1,3,1,1,0,"GSE96058"
29.6977660972405,0,150,67,1,2,1,1,0,"GSE96058"
51.3469119579501,0,200,58,0,2,1,1,0,"GSE96058"
51.3469119579501,0,400,76,1,3,0,0,0,"GSE96058"
51.1169513797635,0,320,71,1,3,1,1,1,"GSE96058"
51.084099868594,0,150,64,1,2,1,1,1,"GSE96058"
52.0039421813403,0,230,52,1,3,1,1,0,"GSE96058"
50.8869908015769,0,200,66,0,2,1,1,0,"GSE96058"
51.5440210249671,0,320,92,0,3,0,0,1,"GSE96058"
50.8869908015769,0,570,71,1,2,1,1,0,"GSE96058"
35.0197109067017,1,170,92,0,2,1,1,0,"GSE96058"
50.4927726675427,0,150,52,1,2,1,1,0,"GSE96058"
50.2299605781866,0,200,72,1,2,1,1,0,"GSE96058"
45.137976346912,1,80,56,0,2,1,1,0,"GSE96058"
10.2496714848883,1,210,90,0,2,1,1,0,"GSE96058"
49.5729303547963,0,200,49,1,3,1,1,0,"GSE96058"
49.8357424441524,0,200,62,1,3,1,0,1,"GSE96058"
49.6057818659658,0,200,77,1,2,1,1,0,"GSE96058"
49.7043363994744,0,180,46,0,2,1,1,0,"GSE96058"
49.1458607095926,0,200,43,0,2,1,1,0,"GSE96058"
47.634691195795,1,390,79,1,2,1,1,1,"GSE96058"
49.2772667542707,0,230,31,0,3,0,0,0,"GSE96058"
49.5729303547963,0,320,74,1,2,1,0,0,"GSE96058"
49.2444152431012,0,150,70,0,2,1,1,0,"GSE96058"
49.0801576872536,0,690,80,1,2,1,1,0,"GSE96058"
49.1130091984231,0,130,50,1,2,1,1,0,"GSE96058"
48.6530880420499,0,220,57,0,2,1,1,0,"GSE96058"
48.5873850197109,0,160,65,0,2,1,1,1,"GSE96058"
48.5873850197109,0,200,80,0,3,1,1,0,"GSE96058"
48.915900131406,0,120,61,0,2,1,1,0,"GSE96058"
48.8830486202365,0,150,61,0,2,1,1,0,"GSE96058"
48.8830486202365,0,20,72,0,2,1,1,0,"GSE96058"
43.2654402102497,1,600,57,1,2,1,1,0,"GSE96058"
17.2798948751643,1,250,91,0,3,1,0,0,"GSE96058"
47.9303547963206,0,150,77,1,2,1,1,0,"GSE96058"
47.7332457293035,0,130,47,0,3,0,0,0,"GSE96058"
18.6925098554533,1,800,82,0,3,0,0,0,"GSE96058"
47.7332457293035,0,180,47,0,2,1,1,0,"GSE96058"
47.4704336399474,0,160,73,0,3,0,0,0,"GSE96058"
23.5216819973719,1,380,67,0,3,0,0,0,"GSE96058"
47.700394218134,0,180,39,1,3,0,0,0,"GSE96058"
47.2404730617608,0,220,57,1,2,1,1,0,"GSE96058"
47.0433639947438,0,300,77,0,2,1,1,0,"GSE96058"
47.1747700394218,0,280,57,0,2,1,1,0,"GSE96058"
43.4625492772668,1,280,70,0,3,1,1,0,"GSE96058"
46.8134034165572,0,130,54,1,3,1,0,1,"GSE96058"
46.6162943495401,0,180,62,0,2,1,1,0,"GSE96058"
46.7805519053876,0,220,70,1,2,1,1,0,"GSE96058"
47.700394218134,0,200,46,0,2,1,1,0,"GSE96058"
46.9776609724047,1,90,65,0,2,1,1,0,"GSE96058"
23.2260183968463,1,400,76,1,3,0,0,0,"GSE96058"
46.0906701708279,0,600,78,0,3,0,0,0,"GSE96058"
46.5177398160315,0,20,81,0,2,1,1,0,"GSE96058"
46.0578186596583,0,710,77,1,3,1,1,0,"GSE96058"
45.4007884362681,0,100,69,0,2,0,0,0,"GSE96058"
45.6636005256242,0,220,55,0,2,1,1,0,"GSE96058"
45.5978975032851,0,400,61,1,2,1,0,0,"GSE96058"
45.203679369251,0,230,31,0,3,1,0,0,"GSE96058"
45.4007884362681,0,150,64,0,3,1,1,0,"GSE96058"
45.5978975032851,0,180,61,0,2,1,1,0,"GSE96058"
44.9080157687254,0,170,75,0,2,1,0,0,"GSE96058"
45.1051248357424,0,170,54,1,3,0,0,0,"GSE96058"
44.9737187910644,0,120,50,0,2,1,1,0,"GSE96058"
38.7319316688568,1,460,85,1,2,1,1,0,"GSE96058"
45.6307490144547,0,140,73,1,2,1,1,0,"GSE96058"
45.1708278580815,0,70,64,0,2,1,1,0,"GSE96058"
44.053876478318,0,170,75,0,2,1,1,0,"GSE96058"
44.4152431011827,0,250,50,0,2,1,1,0,"GSE96058"
44.0210249671485,0,200,59,0,3,0,0,0,"GSE96058"
44.9737187910644,0,1150,70,1,2,1,1,0,"GSE96058"
43.3311432325887,0,250,90,1,2,1,1,0,"GSE96058"
43.7582128777924,0,250,46,1,3,0,0,1,"GSE96058"
43.6268068331143,0,150,65,0,3,0,0,0,"GSE96058"
43.2654402102497,0,110,55,0,3,0,0,0,"GSE96058"
42.838370565046,0,160,46,0,2,1,1,0,"GSE96058"
42.8055190538765,0,300,69,0,3,1,0,0,"GSE96058"
42.8712220762155,0,150,59,0,2,1,1,0,"GSE96058"
42.8712220762155,0,400,50,0,2,1,1,0,"GSE96058"
41.9185282522996,0,180,90,0,2,1,1,0,"GSE96058"
42.1156373193167,0,360,74,1,3,1,1,0,"GSE96058"
42.969776609724,0,410,72,0,2,1,1,0,"GSE96058"
41.8856767411301,0,190,46,0,2,0,0,1,"GSE96058"
42.1156373193167,0,160,61,0,3,1,1,0,"GSE96058"
42.1484888304862,0,250,45,0,2,1,1,0,"GSE96058"
16.7871222076216,1,670,86,1,3,1,1,0,"GSE96058"
42.1813403416557,0,190,70,0,3,1,0,0,"GSE96058"
41.7214191852825,0,230,74,0,2,1,1,0,"GSE96058"
41.688567674113,0,150,57,1,2,1,1,0,"GSE96058"
41.1957950065703,0,200,59,0,3,0,0,0,"GSE96058"
41.6557161629435,0,70,68,0,2,1,1,0,"GSE96058"
40.7687253613666,0,90,70,0,2,1,1,0,"GSE96058"
40.2759526938239,0,160,36,0,3,0,0,0,"GSE96058"
40.5716162943495,0,130,67,0,2,1,1,0,"GSE96058"
41.7214191852825,0,70,54,0,2,1,1,0,"GSE96058"
40.2759526938239,0,400,66,1,3,0,0,1,"GSE96058"
40.1116951379763,0,80,43,0,3,1,1,0,"GSE96058"
40.1116951379763,0,80,41,0,2,1,1,0,"GSE96058"
39.8817345597897,0,150,55,0,2,1,1,0,"GSE96058"
39.3561103810775,0,150,81,0,2,1,1,0,"GSE96058"
39.388961892247,0,140,76,1,3,1,1,0,"GSE96058"
40.1116951379763,0,70,46,0,2,1,1,0,"GSE96058"
39.8160315374507,0,250,63,0,3,1,1,0,"GSE96058"
39.6517739816031,0,160,38,0,3,0,0,0,"GSE96058"
40.1445466491459,0,100,67,0,3,0,0,0,"GSE96058"
39.9145860709593,0,70,70,1,2,1,1,0,"GSE96058"
39.388961892247,0,260,84,1,2,1,1,0,"GSE96058"
39.388961892247,0,100,68,0,2,1,1,0,"GSE96058"
39.6846254927727,0,120,56,0,2,1,1,0,"GSE96058"
39.19185282523,0,100,81,0,2,1,1,0,"GSE96058"
39.9145860709593,0,150,73,0,2,1,1,0,"GSE96058"
39.5532194480946,0,220,54,0,3,0,0,0,"GSE96058"
38.9947437582129,0,110,82,0,2,1,1,0,"GSE96058"
38.9290407358738,0,130,72,1,2,1,0,0,"GSE96058"
39.6189224704336,0,140,74,0,2,1,1,0,"GSE96058"
39.1261498028909,0,450,59,0,3,0,0,1,"GSE96058"
39.6517739816031,0,120,69,0,2,1,1,0,"GSE96058"
39.8817345597897,0,120,48,0,2,1,1,0,"GSE96058"
37.3850197109067,1,150,63,0,2,1,1,0,"GSE96058"
38.9947437582129,0,170,56,0,2,1,1,0,"GSE96058"
29.7634691195795,1,250,60,1,3,0,0,1,"GSE96058"
38.7647831800263,0,100,73,0,2,1,1,0,"GSE96058"
38.4691195795007,0,90,70,0,2,1,1,1,"GSE96058"
13.8961892247043,1,280,84,1,3,0,0,0,"GSE96058"
38.3048620236531,0,70,65,0,3,1,1,0,"GSE96058"
38.2720105124836,0,230,71,1,3,0,0,1,"GSE96058"
37.1550591327201,0,80,65,0,2,1,1,0,"GSE96058"
36.6294349540079,0,100,67,0,2,1,1,0,"GSE96058"
37.1222076215506,0,100,66,0,2,1,1,0,"GSE96058"
37.1222076215506,0,210,49,1,2,1,1,0,"GSE96058"
36.3666228646518,0,250,51,0,3,1,1,1,"GSE96058"
36.957950065703,0,100,69,1,2,1,1,0,"GSE96058"
36.892247043364,0,100,51,0,2,1,1,0,"GSE96058"
36.4651773981603,0,150,50,1,3,1,1,0,"GSE96058"
26.0183968462549,1,120,85,0,2,1,1,0,"GSE96058"
36.2680683311432,0,150,69,1,2,1,1,0,"GSE96058"
37.7792378449409,0,260,46,1,2,1,1,0,"GSE96058"
38.2720105124836,0,200,65,1,2,1,1,0,"GSE96058"
37.5821287779238,0,220,66,1,2,1,1,0,"GSE96058"
8.37713534822602,1,280,84,1,2,1,1,0,"GSE96058"
38.2720105124836,0,90,62,0,2,1,1,0,"GSE96058"
37.4178712220762,0,10,69,0,2,0,0,0,"GSE96058"
37.0893561103811,0,300,70,1,2,1,1,0,"GSE96058"
38.0091984231275,0,220,74,1,3,1,1,0,"GSE96058"
37.5492772667543,0,90,64,0,2,1,1,0,"GSE96058"
8.67279894875164,1,640,91,1,3,0,0,0,"GSE96058"
37.5164257555848,0,140,45,1,2,1,1,0,"GSE96058"
36.8593955321945,0,240,79,0,2,1,1,0,"GSE96058"
35.7752956636005,0,90,88,0,2,1,0,0,"GSE96058"
35.9724047306176,0,200,70,0,2,1,1,0,"GSE96058"
36.2352168199737,0,80,70,0,2,1,1,0,"GSE96058"
35.742444152431,0,360,78,0,2,1,1,0,"GSE96058"
36.6294349540079,0,100,65,0,2,1,1,0,"GSE96058"
36.0052562417871,0,180,37,0,2,1,1,0,"GSE96058"
35.7095926412615,0,160,78,0,2,1,1,0,"GSE96058"
35.5124835742444,0,110,49,0,2,1,1,0,"GSE96058"
35.4796320630749,0,200,70,0,3,1,1,0,"GSE96058"
35.5781865965834,0,210,69,1,2,1,1,0,"GSE96058"
35.2496714848883,0,100,74,0,2,1,1,0,"GSE96058"
35.2825229960578,0,130,64,0,2,1,1,0,"GSE96058"
28.1208935611038,1,50,69,0,2,1,1,0,"GSE96058"
35.1182654402103,0,150,71,0,2,1,1,0,"GSE96058"
35.4796320630749,0,150,90,0,2,1,1,0,"GSE96058"
35.5453350854139,0,180,70,0,3,1,1,0,"GSE96058"
34.526938239159,0,150,64,0,2,1,1,0,"GSE96058"
34.6583442838371,0,90,50,0,2,1,1,0,"GSE96058"
33.6399474375821,0,270,69,1,3,1,1,0,"GSE96058"
33.0157687253614,0,160,55,0,3,1,1,0,"GSE96058"
33.7056504599212,0,320,86,0,2,1,1,1,"GSE96058"
32.9500657030223,0,150,43,0,2,1,1,0,"GSE96058"
32.3258869908016,0,190,62,1,2,1,1,0,"GSE96058"
32.7858081471748,0,190,46,0,2,1,1,0,"GSE96058"
32.0630749014455,0,190,49,1,2,1,1,0,"GSE96058"
32.0630749014455,0,100,69,1,3,1,1,0,"GSE96058"
31.8659658344284,0,170,62,1,3,1,1,0,"GSE96058"
30.7161629434954,0,150,58,0,2,1,1,0,"GSE96058"
31.0775295663601,0,200,52,0,2,0,0,0,"GSE96058"
30.2562417871222,0,120,64,0,3,1,1,0,"GSE96058"
29.796320630749,0,110,70,0,2,1,1,0,"GSE96058"
30.2562417871222,0,180,76,0,2,1,1,0,"GSE96058"
30.1248357424442,0,420,81,1,2,1,1,0,"GSE96058"
29.5335085413929,0,130,54,0,2,1,1,0,"GSE96058"
29.5663600525624,0,250,42,1,2,1,1,0,"GSE96058"
30.1905387647832,0,220,71,0,3,1,1,0,"GSE96058"
29.796320630749,0,360,69,0,2,1,1,0,"GSE96058"
29.3035479632063,0,140,53,0,2,1,1,0,"GSE96058"
7.22733245729304,1,250,76,1,3,0,0,0,"GSE96058"
29.664914586071,0,220,70,0,2,1,1,0,"GSE96058"
29.5663600525624,0,240,71,1,2,1,1,0,"GSE96058"
28.1865965834428,0,80,84,0,2,1,1,0,"GSE96058"
28.5479632063075,0,170,50,1,3,0,0,0,"GSE96058"
28.646517739816,0,80,86,0,2,1,1,0,"GSE96058"
27.9566360052562,0,180,61,1,2,1,1,0,"GSE96058"
27.8909329829172,0,70,74,0,2,1,1,0,"GSE96058"
27.8909329829172,0,90,77,0,2,1,1,0,"GSE96058"
27.7266754270696,0,140,58,0,2,1,1,0,"GSE96058"
80.4204993429698,0,260,65,0,2,1,1,0,"GSE96058"
80.2890932982917,0,110,60,1,2,1,1,0,"GSE96058"
80.0919842312746,0,130,45,1,2,1,1,0,"GSE96058"
62.8120893561104,1,650,61,1,2,1,1,0,"GSE96058"
79.4678055190539,0,320,55,1,3,0,0,0,"GSE96058"
78.515111695138,0,110,50,1,2,1,1,0,"GSE96058"
79.6320630749014,0,280,71,1,2,0,1,0,"GSE96058"
79.6320630749014,0,130,60,1,2,1,1,0,"GSE96058"
79.6320630749014,0,70,53,0,2,1,1,0,"GSE96058"
78.2194480946123,0,110,73,0,2,1,1,0,"GSE96058"
78.4822601839685,0,300,63,0,3,0,0,0,"GSE96058"
77.8252299605782,0,150,48,0,2,1,1,0,"GSE96058"
77.8252299605782,0,180,69,0,2,1,1,0,"GSE96058"
42.3455978975033,1,100,82,0,2,1,1,0,"GSE96058"
77.7266754270696,0,140,71,0,3,1,0,0,"GSE96058"
77.9894875164258,0,250,74,0,2,1,1,0,"GSE96058"
77.365308804205,0,460,78,1,2,1,1,0,"GSE96058"
76.9382391590013,0,110,71,0,2,1,1,0,"GSE96058"
76.9053876478318,0,190,63,0,3,1,0,0,"GSE96058"
76.6097240473062,0,150,40,1,2,1,1,0,"GSE96058"
76.149802890933,0,80,63,0,2,1,1,0,"GSE96058"
76.6097240473062,0,300,52,1,2,1,1,0,"GSE96058"
76.7082785808147,0,150,60,0,2,1,1,0,"GSE96058"
76.3797634691196,0,210,65,1,3,1,1,0,"GSE96058"
76.3797634691196,0,180,67,0,2,1,1,1,"GSE96058"
76.4454664914586,0,320,79,0,3,0,0,0,"GSE96058"
76.215505913272,0,150,72,1,3,0,0,0,"GSE96058"
76.149802890933,0,210,56,1,2,1,1,0,"GSE96058"
76.3797634691196,0,140,68,1,3,0,0,1,"GSE96058"
75.9198423127464,0,200,44,0,2,1,1,0,"GSE96058"
75.7555847568988,0,290,65,1,2,1,1,0,"GSE96058"
26.5768725361367,1,250,65,1,3,1,1,0,"GSE96058"
76.0183968462549,0,120,55,0,3,1,0,1,"GSE96058"
75.5584756898817,0,130,71,0,2,1,1,0,"GSE96058"
75.4599211563732,0,90,78,0,2,1,1,0,"GSE96058"
75.2628120893561,0,120,51,1,2,1,0,0,"GSE96058"
75.065703022339,0,150,58,0,2,1,1,0,"GSE96058"
75,0,300,42,0,2,1,1,0,"GSE96058"
74.6057818659658,0,180,66,0,2,1,1,0,"GSE96058"
74.4415243101183,0,210,67,0,2,1,1,0,"GSE96058"
74.8028909329829,0,160,75,1,2,1,1,0,"GSE96058"
58.6399474375821,1,160,78,1,2,1,0,0,"GSE96058"
74.4086727989487,0,60,49,0,3,0,0,1,"GSE96058"
74.1130091984231,0,140,67,1,3,1,0,1,"GSE96058"
73.6530880420499,0,90,43,0,2,1,0,1,"GSE96058"
73.4231274638633,0,150,49,0,2,1,1,0,"GSE96058"
52.9237844940867,1,170,76,1,2,1,1,0,"GSE96058"
73.4231274638633,0,110,56,0,2,1,1,0,"GSE96058"
72.8318002628121,0,130,56,1,2,1,1,1,"GSE96058"
72.3718791064389,0,330,62,1,2,1,1,0,"GSE96058"
72.568988173456,0,170,64,1,2,1,1,0,"GSE96058"
72.7989487516426,0,180,58,1,3,1,1,0,"GSE96058"
49.1787122207622,1,300,48,1,3,0,0,0,"GSE96058"
57.8843626806833,1,300,87,1,2,1,1,0,"GSE96058"
72.503285151117,0,180,76,0,2,1,1,0,"GSE96058"
72.3390275952694,0,250,65,1,2,1,1,0,"GSE96058"
71.9119579500657,0,90,66,0,2,1,1,1,"GSE96058"
71.8134034165572,0,400,50,1,2,1,1,0,"GSE96058"
72.1090670170828,0,130,82,0,2,1,1,0,"GSE96058"
70.8935611038108,0,160,64,1,2,0,0,0,"GSE96058"
69.8094612352168,0,140,48,1,3,1,1,0,"GSE96058"
69.5795006570302,0,140,68,0,2,1,1,0,"GSE96058"
69.2838370565046,0,160,50,0,3,0,1,0,"GSE96058"
69.3495400788436,0,150,59,0,2,1,0,0,"GSE96058"
69.7437582128778,0,110,83,0,2,1,1,0,"GSE96058"
68.5939553219448,0,350,66,1,3,0,0,0,"GSE96058"
69.119579500657,0,320,66,1,2,1,1,0,"GSE96058"
68.6596583442838,0,230,45,1,2,1,1,0,"GSE96058"
68.3639947437582,0,120,63,0,3,1,0,0,"GSE96058"
69.053876478318,0,90,70,0,2,1,1,0,"GSE96058"
68.4625492772667,0,240,67,0,3,0,0,1,"GSE96058"
54.4021024967148,1,250,53,0,3,1,1,0,"GSE96058"
37.4178712220762,1,190,69,0,2,1,1,0,"GSE96058"
66.9513797634691,0,180,50,0,2,1,1,0,"GSE96058"
67.9697766097241,0,150,47,0,2,1,1,0,"GSE96058"
67.904073587385,0,140,52,0,2,1,1,0,"GSE96058"
68.1668856767411,0,170,81,0,2,1,1,0,"GSE96058"
67.904073587385,0,150,78,1,2,1,1,0,"GSE96058"
67.6741130091984,0,220,42,0,3,1,0,0,"GSE96058"
67.6412614980289,0,110,66,0,3,1,1,0,"GSE96058"
67.904073587385,0,260,76,0,3,0,1,1,"GSE96058"
67.2470433639947,0,210,48,0,2,1,1,0,"GSE96058"
65.9986859395532,1,400,87,1,2,1,1,0,"GSE96058"
67.0170827858081,0,120,72,0,2,1,1,0,"GSE96058"
67.2798948751643,0,190,49,1,3,1,1,1,"GSE96058"
66.9842312746386,0,160,69,0,2,1,1,0,"GSE96058"
66.7871222076216,0,210,54,0,2,1,1,0,"GSE96058"
66.7214191852825,0,150,68,1,2,1,1,0,"GSE96058"
66.8199737187911,0,210,49,0,3,1,1,0,"GSE96058"
66.4914586070959,0,120,81,0,2,1,1,0,"GSE96058"
66.4914586070959,0,130,53,1,2,1,1,0,"GSE96058"
66.0972404730618,0,150,48,0,2,1,1,0,"GSE96058"
34.6911957950066,1,320,84,1,3,0,0,0,"GSE96058"
66.2943495400788,0,200,40,0,2,1,1,0,"GSE96058"
66.2614980289093,0,10,82,0,2,0,0,0,"GSE96058"
65.6701708278581,0,110,75,1,2,1,1,0,"GSE96058"
65.6701708278581,0,150,72,1,2,1,1,0,"GSE96058"
65.6701708278581,0,210,61,1,3,1,1,1,"GSE96058"
65.8015768725361,0,210,59,1,3,1,1,0,"GSE96058"
51.3469119579501,1,700,56,1,3,0,0,1,"GSE96058"
65.5716162943495,0,450,67,0,3,1,1,0,"GSE96058"
65.6044678055191,0,140,81,0,2,1,1,0,"GSE96058"
66.4914586070959,0,200,59,0,3,0,0,0,"GSE96058"
64.388961892247,0,210,71,1,3,1,1,1,"GSE96058"
62.4178712220762,0,190,80,1,2,1,1,0,"GSE96058"
65.8015768725361,0,170,43,0,3,0,1,0,"GSE96058"
64.257555847569,0,90,67,0,2,1,1,0,"GSE96058"
35.6438896189225,1,320,46,1,3,1,1,0,"GSE96058"
61.7279894875164,0,210,78,0,3,1,1,0,"GSE96058"
4.63206307490145,1,150,88,0,2,1,1,0,"GSE96058"
63.9947437582129,0,180,35,0,3,0,0,0,"GSE96058"
63.9947437582129,0,210,67,1,3,0,1,0,"GSE96058"
64.2247043363995,0,110,39,0,2,1,1,0,"GSE96058"
63.7319316688568,0,110,68,0,2,1,1,0,"GSE96058"
64.0275952693824,0,190,45,0,2,1,1,0,"GSE96058"
63.5019710906702,0,420,38,1,2,1,1,0,"GSE96058"
63.5019710906702,0,110,71,0,2,1,0,0,"GSE96058"
25.1642575558476,1,300,83,0,2,1,1,0,"GSE96058"
63.3048620236531,0,230,47,0,2,1,1,0,"GSE96058"
63.2391590013141,0,70,35,0,2,1,1,0,"GSE96058"
62.6478318002628,0,110,68,0,3,1,1,0,"GSE96058"
62.3850197109067,0,230,61,1,3,1,1,0,"GSE96058"
60.5453350854139,0,150,61,0,2,1,1,0,"GSE96058"
62.8120893561104,0,290,73,0,2,1,1,0,"GSE96058"
61.9250985545335,0,80,66,0,2,1,1,0,"GSE96058"
60.3482260183968,0,110,75,1,2,1,1,0,"GSE96058"
61.2352168199737,0,330,48,0,2,1,1,0,"GSE96058"
61.2352168199737,0,120,45,0,2,1,1,0,"GSE96058"
62.1550591327201,0,190,46,1,2,1,1,0,"GSE96058"
60.8409986859396,0,140,67,0,2,1,1,0,"GSE96058"
60.5124835742444,0,140,45,1,2,1,1,0,"GSE96058"
60.0854139290407,0,120,45,0,2,1,1,0,"GSE96058"
60.5453350854139,0,450,76,0,3,1,1,0,"GSE96058"
59.6254927726675,0,180,52,1,3,1,1,0,"GSE96058"
58.5413929040736,0,1100,75,0,2,1,1,0,"GSE96058"
58.3442838370565,0,100,74,0,2,1,1,0,"GSE96058"
57.7529566360053,0,150,45,1,2,1,1,0,"GSE96058"
57.8515111695138,0,150,26,0,2,1,1,0,"GSE96058"
57.6544021024967,0,300,50,1,3,1,1,0,"GSE96058"
49.6057818659658,1,300,52,1,3,0,1,1,"GSE96058"
57.3258869908016,0,160,59,0,2,1,1,0,"GSE96058"
27.8580814717477,1,90,44,0,3,0,1,1,"GSE96058"
51.5768725361367,0,150,74,1,2,1,1,0,"GSE96058"
56.9645203679369,0,150,69,1,2,1,1,0,"GSE96058"
56.8988173455979,0,230,42,0,3,1,1,0,"GSE96058"
56.6688567674113,0,110,49,0,3,1,0,0,"GSE96058"
55.8147174770039,0,110,51,0,3,0,0,0,"GSE96058"
56.7345597897503,0,110,44,0,2,1,1,0,"GSE96058"
56.4717477003942,0,130,44,0,2,1,1,1,"GSE96058"
56.4060446780552,0,110,73,0,2,1,1,0,"GSE96058"
56.2417871222076,0,450,51,0,2,1,1,0,"GSE96058"
56.1760840998686,0,80,67,0,3,1,1,0,"GSE96058"
56.011826544021,0,140,71,0,2,1,1,0,"GSE96058"
56.5045992115637,0,130,64,0,2,1,1,0,"GSE96058"
55.7818659658344,0,130,54,0,2,1,1,0,"GSE96058"
55.4862023653088,0,140,44,0,2,1,1,0,"GSE96058"
55.5519053876478,0,130,50,0,2,1,1,0,"GSE96058"
54.7634691195795,0,130,71,0,2,1,1,0,"GSE96058"
54.796320630749,0,110,79,0,2,1,1,0,"GSE96058"
54.3692509855453,0,120,56,0,2,1,1,0,"GSE96058"
48.850197109067,0,150,54,0,2,1,1,0,"GSE96058"
54.1392904073587,0,90,53,1,2,1,1,0,"GSE96058"
53.8764783180026,0,160,66,1,2,1,1,0,"GSE96058"
51.5111695137976,1,90,69,0,2,1,1,0,"GSE96058"
52.9894875164258,0,110,73,0,3,1,1,0,"GSE96058"
52.9566360052562,0,250,66,0,2,1,1,0,"GSE96058"
52.6938239159001,0,150,66,1,2,1,1,0,"GSE96058"
52.7266754270696,0,150,61,0,2,1,1,0,"GSE96058"
51.8396846254928,0,140,61,0,2,1,1,1,"GSE96058"
52.431011826544,0,170,53,0,2,1,1,0,"GSE96058"
52.0367936925099,0,80,68,0,2,1,1,0,"GSE96058"
34.8554533508541,0,170,47,1,3,0,0,0,"GSE96058"
31.8331143232589,0,170,47,1,2,1,1,0,"GSE96058"
51.4454664914586,0,120,54,0,2,1,1,0,"GSE96058"
51.5768725361367,0,400,85,0,3,1,0,0,"GSE96058"
51.8725361366623,0,440,78,1,3,1,1,0,"GSE96058"
51.149802890933,0,500,71,1,2,1,1,0,"GSE96058"
51.281208935611,0,190,36,0,3,0,0,0,"GSE96058"
51.4126149802891,0,310,77,0,2,1,1,0,"GSE96058"
51.149802890933,0,100,77,0,2,1,1,0,"GSE96058"
50.6898817345598,0,80,64,0,3,1,0,0,"GSE96058"
50.8869908015769,0,120,51,1,2,1,1,0,"GSE96058"
50.9526938239159,0,90,68,0,3,1,1,0,"GSE96058"
50.4270696452037,0,220,52,1,2,1,1,0,"GSE96058"
50.4599211563732,0,160,49,0,2,1,1,1,"GSE96058"
50.2628120893561,0,130,46,0,3,0,0,0,"GSE96058"
50.2628120893561,0,210,59,1,3,1,1,0,"GSE96058"
50,0,300,84,1,2,1,1,0,"GSE96058"
49.8357424441524,0,300,47,0,2,1,1,0,"GSE96058"
49.9671484888305,0,110,69,0,2,1,1,0,"GSE96058"
50.2628120893561,0,400,82,0,3,1,1,0,"GSE96058"
49.5400788436268,0,800,65,1,2,1,1,1,"GSE96058"
49.7043363994744,0,120,83,0,3,0,0,0,"GSE96058"
49.5072273324573,0,140,70,0,3,1,1,0,"GSE96058"
49.6057818659658,0,160,60,1,3,1,1,1,"GSE96058"
49.1458607095926,0,110,44,0,3,1,1,0,"GSE96058"
35.611038107753,1,250,64,1,3,1,1,0,"GSE96058"
48.4231274638633,0,210,54,1,3,0,0,0,"GSE96058"
48.8830486202365,0,150,63,0,2,1,1,0,"GSE96058"
48.8173455978975,0,120,68,0,2,1,1,0,"GSE96058"
48.5545335085414,0,110,68,0,2,1,1,0,"GSE96058"
48.3574244415243,0,80,73,0,2,1,1,0,"GSE96058"
48.3902759526938,0,220,51,1,2,1,1,1,"GSE96058"
48.1603153745072,0,60,71,0,2,1,1,0,"GSE96058"
48.3902759526938,0,70,54,0,2,1,1,0,"GSE96058"
48.1603153745072,0,100,64,1,2,1,1,0,"GSE96058"
47.3061760840999,0,750,33,1,3,0,0,0,"GSE96058"
47.7660972404731,0,300,83,0,2,1,1,0,"GSE96058"
47.9632063074901,0,300,57,1,2,1,1,0,"GSE96058"
48.4231274638633,0,130,69,0,2,1,1,1,"GSE96058"
45.6636005256242,1,120,85,0,2,1,1,1,"GSE96058"
47.2076215505913,0,330,49,1,2,1,1,0,"GSE96058"
46.2877792378449,0,140,58,1,2,1,1,0,"GSE96058"
45.6964520367937,0,150,48,0,2,1,1,0,"GSE96058"
45.6636005256242,0,170,71,0,2,1,1,1,"GSE96058"
45.6964520367937,0,80,54,0,3,1,1,0,"GSE96058"
45.335085413929,0,150,72,1,2,1,1,1,"GSE96058"
44.7437582128778,0,260,48,1,2,1,1,0,"GSE96058"
44.4480946123522,0,190,63,0,2,1,1,0,"GSE96058"
43.7910643889619,0,140,66,1,2,1,1,0,"GSE96058"
43.6268068331143,0,300,80,1,3,1,0,0,"GSE96058"
43.1011826544021,0,100,59,0,2,1,1,0,"GSE96058"
42.904073587385,0,60,71,0,2,1,1,0,"GSE96058"
42.5755584756899,0,100,48,1,3,1,1,0,"GSE96058"
42.904073587385,0,300,75,1,2,1,1,0,"GSE96058"
43.2982917214192,0,210,61,0,2,1,1,0,"GSE96058"
42.8712220762155,0,190,47,1,2,1,1,0,"GSE96058"
41.0315374507227,0,170,70,1,3,1,1,0,"GSE96058"
40.9658344283837,0,110,51,0,3,1,1,1,"GSE96058"
40.9986859395532,0,190,62,0,2,1,1,0,"GSE96058"
40.9329829172142,0,130,43,0,2,1,1,0,"GSE96058"
40.8344283837056,0,110,50,1,2,1,1,0,"GSE96058"
13.6005256241787,1,40,70,0,2,1,1,0,"GSE96058"
40.53876478318,0,60,70,1,2,1,1,0,"GSE96058"
40.3088042049934,0,1000,51,1,2,1,1,1,"GSE96058"
40.53876478318,0,350,74,1,3,1,1,0,"GSE96058"
39.7831800262812,0,1000,82,1,2,1,1,0,"GSE96058"
39.388961892247,0,110,62,0,2,1,1,0,"GSE96058"
39.9145860709593,0,70,72,0,3,1,0,0,"GSE96058"
39.8817345597897,0,160,85,0,3,1,0,1,"GSE96058"
39.5860709592641,0,90,38,0,2,1,1,1,"GSE96058"
39.1590013140604,0,170,74,0,2,1,1,0,"GSE96058"
38.7319316688568,0,140,70,0,2,1,1,0,"GSE96058"
38.6990801576872,0,100,62,1,2,1,1,0,"GSE96058"
38.7319316688568,0,130,47,1,2,1,1,0,"GSE96058"
38.7647831800263,0,300,75,0,3,1,1,1,"GSE96058"
37.8777923784494,0,190,60,1,3,0,1,1,"GSE96058"
37.5164257555848,0,110,32,1,2,1,1,0,"GSE96058"
37.5492772667543,0,300,43,1,3,1,1,0,"GSE96058"
15.0788436268068,1,30,86,0,2,1,1,0,"GSE96058"
36.6951379763469,0,150,72,0,2,1,1,0,"GSE96058"
60.6438896189225,0,300,79,1,2,1,1,0,"GSE96058"
36.2352168199737,0,350,77,1,2,1,1,0,"GSE96058"
36.0052562417871,0,250,77,0,3,1,1,0,"GSE96058"
36.2680683311432,0,140,40,0,2,1,1,1,"GSE96058"
34.4283837056505,0,180,74,1,3,1,1,0,"GSE96058"
34.8554533508541,0,450,68,0,3,1,1,0,"GSE96058"
34.7568988173456,0,80,75,0,2,1,1,0,"GSE96058"
33.1800262812089,0,110,49,0,2,1,1,0,"GSE96058"
32.9500657030223,0,80,44,0,3,1,1,0,"GSE96058"
32.2601839684625,0,140,76,0,2,1,0,0,"GSE96058"
31.4060446780552,0,130,55,0,3,0,0,0,"GSE96058"
32.1287779237845,0,300,48,1,3,0,0,1,"GSE96058"
31.5703022339028,0,140,64,0,3,1,1,0,"GSE96058"
32.1287779237845,0,80,35,1,2,0,1,0,"GSE96058"
29.9934296977661,0,200,71,0,2,1,1,0,"GSE96058"
30.1905387647832,0,70,71,1,2,1,1,0,"GSE96058"
32.1287779237845,0,220,60,1,2,1,1,0,"GSE96058"
27.7266754270696,0,140,57,0,2,1,1,0,"GSE96058"
27.8580814717477,0,120,47,0,2,1,1,0,"GSE96058"
27.8909329829172,0,250,77,1,2,1,1,0,"GSE96058"
28.0880420499343,0,130,55,0,2,1,1,0,"GSE96058"
28.1208935611038,0,90,63,0,3,0,0,0,"GSE96058"
28.3508541392904,0,300,73,1,2,1,1,0,"GSE96058"
28.4165571616294,0,120,77,0,2,1,1,0,"GSE96058"
28.8764783180026,0,280,43,0,2,1,1,1,"GSE96058"
28.8107752956636,0,80,58,1,2,1,1,0,"GSE96058"
29.0407358738502,0,170,63,1,2,1,1,0,"GSE96058"
29.73061760841,0,110,67,0,2,1,1,0,"GSE96058"
80.0919842312746,0,70,68,0,2,1,1,0,"GSE96058"
79.5006570302234,0,130,53,0,2,1,1,0,"GSE96058"
79.4349540078844,0,100,56,0,2,1,1,0,"GSE96058"
17.6412614980289,1,200,46,1,3,0,0,1,"GSE96058"
78.9093298291721,0,60,67,0,3,1,0,0,"GSE96058"
78.6793692509855,0,320,65,0,2,1,0,0,"GSE96058"
78.6793692509855,0,80,70,0,2,1,1,0,"GSE96058"
78.4494086727989,0,180,62,1,2,1,1,0,"GSE96058"
78.4494086727989,0,140,55,0,2,1,1,0,"GSE96058"
78.4165571616294,0,110,62,0,2,1,1,0,"GSE96058"
78.4494086727989,0,140,46,1,2,1,1,0,"GSE96058"
78.2194480946123,0,350,64,1,3,1,0,0,"GSE96058"
78.2194480946123,0,130,63,0,2,1,0,0,"GSE96058"
77.9894875164258,0,210,61,1,2,1,1,0,"GSE96058"
77.9894875164258,0,230,73,1,2,1,0,0,"GSE96058"
78.0223390275953,0,230,80,0,2,1,1,0,"GSE96058"
46.484888304862,1,220,82,1,2,1,1,0,"GSE96058"
32.0302233902759,1,280,73,0,3,0,0,0,"GSE96058"
77.299605781866,0,180,41,0,2,1,1,0,"GSE96058"
12.6478318002628,1,80,69,0,2,1,1,0,"GSE96058"
76.9382391590013,0,150,72,0,2,1,1,0,"GSE96058"
51.7082785808147,1,170,60,0,2,1,1,0,"GSE96058"
76.215505913272,0,250,81,1,2,1,1,0,"GSE96058"
76.3797634691196,0,160,57,0,3,0,0,0,"GSE96058"
76.3797634691196,0,200,65,0,3,0,0,0,"GSE96058"
76.215505913272,0,250,78,0,3,1,0,0,"GSE96058"
76.3797634691196,0,120,63,0,2,1,1,0,"GSE96058"
76.3797634691196,0,130,59,0,3,0,0,0,"GSE96058"
76.3797634691196,0,150,64,0,2,1,1,0,"GSE96058"
75.7555847568988,0,230,45,0,3,1,0,0,"GSE96058"
75.7555847568988,0,450,34,0,2,1,1,1,"GSE96058"
75.6898817345598,0,150,63,0,2,1,1,0,"GSE96058"
22.6018396846255,1,450,87,1,2,1,1,1,"GSE96058"
74.7700394218134,0,70,73,0,2,0,0,0,"GSE96058"
13.7319316688568,1,450,90,0,2,1,0,0,"GSE96058"
74.7700394218134,0,30,62,0,3,1,0,1,"GSE96058"
74.5400788436268,0,150,55,0,2,1,0,1,"GSE96058"
74.1130091984231,0,170,66,1,2,1,1,0,"GSE96058"
43.7910643889619,1,320,89,0,2,1,1,1,"GSE96058"
73.8830486202365,0,130,51,0,2,1,1,0,"GSE96058"
73.718791064389,0,120,80,1,2,1,1,0,"GSE96058"
73.4888304862024,0,350,66,1,2,1,1,0,"GSE96058"
73.4888304862024,0,350,74,1,2,1,0,0,"GSE96058"
1.83968462549277,1,230,90,0,2,1,0,0,"GSE96058"
72.9632063074901,0,140,69,0,2,1,1,0,"GSE96058"
72.9632063074901,0,110,66,0,2,1,1,0,"GSE96058"
72.7989487516426,0,90,48,0,2,1,1,1,"GSE96058"
72.503285151117,0,180,79,0,2,1,1,0,"GSE96058"
72.503285151117,0,180,50,1,2,1,1,0,"GSE96058"
71.1892247043364,0,190,45,1,2,1,1,0,"GSE96058"
71.7805519053876,0,700,84,0,2,1,1,0,"GSE96058"
69.5466491458607,0,180,24,1,2,1,1,0,"GSE96058"
32.1287779237845,1,300,75,1,2,1,0,0,"GSE96058"
69.2838370565046,0,230,53,1,3,1,0,0,"GSE96058"
69.5137976346912,0,120,60,0,2,1,1,0,"GSE96058"
69.0210249671485,0,100,60,0,2,1,1,0,"GSE96058"
69.053876478318,0,140,55,0,2,1,1,1,"GSE96058"
68.7910643889619,0,10,57,1,2,0,0,0,"GSE96058"
47.4704336399474,1,210,85,0,2,1,1,0,"GSE96058"
68.5939553219448,0,130,74,1,2,1,1,0,"GSE96058"
68.4296977660972,0,350,36,1,2,1,1,0,"GSE96058"
68.4625492772667,0,140,43,0,3,1,1,1,"GSE96058"
68.3639947437582,0,150,65,1,2,1,1,0,"GSE96058"
68.1340341655716,0,350,60,0,3,1,0,0,"GSE96058"
67.6741130091984,0,240,64,1,2,1,1,0,"GSE96058"
67.4441524310118,0,210,74,0,2,1,0,0,"GSE96058"
67.1813403416557,0,210,49,1,3,1,1,0,"GSE96058"
67.1813403416557,0,150,66,0,2,1,1,0,"GSE96058"
52.4638633377135,1,360,73,1,2,1,0,0,"GSE96058"
55.0591327201051,1,310,65,0,2,1,1,0,"GSE96058"
66.9513797634691,0,420,65,1,3,1,1,0,"GSE96058"
67.0170827858081,0,350,58,1,3,1,1,0,"GSE96058"
37.5821287779238,1,180,79,1,3,1,1,0,"GSE96058"
45.4664914586071,1,260,81,1,3,1,1,0,"GSE96058"
66.0315374507227,0,220,63,0,3,1,0,0,"GSE96058"
65.3416557161629,0,200,34,0,2,1,1,0,"GSE96058"
65.3416557161629,0,120,74,0,2,1,1,0,"GSE96058"
64.8817345597897,0,100,52,1,2,1,1,0,"GSE96058"
64.8817345597897,0,210,76,1,2,1,1,0,"GSE96058"
64.9145860709593,0,180,77,0,3,1,1,1,"GSE96058"
64.6517739816032,0,170,66,0,2,1,1,0,"GSE96058"
64.6517739816032,0,480,68,1,2,1,1,0,"GSE96058"
18.5611038107753,1,140,64,0,2,1,1,0,"GSE96058"
64.4218134034166,0,90,73,0,2,1,1,0,"GSE96058"
64.4546649145861,0,210,86,0,2,1,1,0,"GSE96058"
63.9618922470434,0,200,62,1,3,1,1,0,"GSE96058"
64.0275952693824,0,180,63,1,3,1,0,0,"GSE96058"
63.9618922470434,0,70,69,0,2,1,1,1,"GSE96058"
63.7319316688568,0,150,64,0,3,1,1,0,"GSE96058"
63.7319316688568,0,110,74,0,2,1,1,0,"GSE96058"
63.5019710906702,0,170,49,0,2,1,1,1,"GSE96058"
63.2720105124836,0,100,72,0,2,1,1,0,"GSE96058"
63.2720105124836,0,80,52,0,2,1,1,0,"GSE96058"
63.042049934297,0,550,53,1,2,1,1,0,"GSE96058"
63.0749014454665,0,110,69,0,2,1,1,0,"GSE96058"
62.8777923784494,0,360,72,0,2,1,1,0,"GSE96058"
62.8120893561104,0,120,52,1,3,1,1,0,"GSE96058"
62.8120893561104,0,130,48,0,2,1,1,0,"GSE96058"
62.8120893561104,0,110,62,0,2,1,1,0,"GSE96058"
62.5821287779238,0,240,54,1,2,1,1,0,"GSE96058"
54.8948751642576,1,380,81,0,2,1,0,0,"GSE96058"
62.8120893561104,0,180,51,0,2,1,1,0,"GSE96058"
62.3850197109067,0,90,66,0,2,1,1,0,"GSE96058"
62.3850197109067,0,120,56,0,2,1,1,0,"GSE96058"
62.3850197109067,0,400,49,1,2,1,1,0,"GSE96058"
62.4178712220762,0,190,63,0,2,1,1,0,"GSE96058"
61.1038107752957,0,190,49,0,2,1,1,0,"GSE96058"
61.7608409986859,0,110,83,0,2,1,1,0,"GSE96058"
61.4651773981603,0,180,68,0,3,1,1,0,"GSE96058"
61.7279894875164,0,220,44,0,3,1,1,0,"GSE96058"
61.9250985545335,0,160,62,0,2,1,0,0,"GSE96058"
61.4651773981603,0,250,58,0,3,1,0,1,"GSE96058"
60.0854139290407,0,270,67,0,2,1,1,0,"GSE96058"
60.5453350854139,0,160,42,1,3,1,1,1,"GSE96058"
59.5597897503285,1,1260,81,1,2,1,1,0,"GSE96058"
61.2680683311432,0,190,78,0,2,1,1,0,"GSE96058"
61.2352168199737,0,120,68,0,2,1,1,0,"GSE96058"
60.5453350854139,0,240,67,0,2,1,1,0,"GSE96058"
60.3153745072273,0,130,55,0,3,1,1,1,"GSE96058"
60.3153745072273,0,200,46,0,3,1,1,0,"GSE96058"
60.3153745072273,0,110,61,0,2,1,1,0,"GSE96058"
44.4480946123522,1,310,76,0,3,1,1,0,"GSE96058"
35.80814717477,1,300,63,1,2,1,1,0,"GSE96058"
60.1511169513798,0,150,52,0,2,1,1,0,"GSE96058"
60.2168199737188,0,450,87,0,2,1,1,0,"GSE96058"
59.8554533508541,0,320,72,1,3,1,1,1,"GSE96058"
59.8554533508541,0,140,65,0,2,1,1,0,"GSE96058"
53.9421813403417,1,160,82,1,2,1,1,0,"GSE96058"
59.6254927726675,0,140,56,1,3,1,1,0,"GSE96058"
58.9356110381078,0,300,69,1,3,1,1,0,"GSE96058"
33.377135348226,1,200,75,0,3,1,1,0,"GSE96058"
57.7529566360053,0,200,76,0,2,1,1,0,"GSE96058"
57.3258869908016,0,140,67,0,2,1,1,0,"GSE96058"
57.095926412615,0,190,46,0,2,1,1,0,"GSE96058"
57.095926412615,0,170,63,1,2,1,1,0,"GSE96058"
56.8659658344284,0,110,54,1,2,1,1,0,"GSE96058"
56.7017082785808,0,70,70,0,2,1,1,0,"GSE96058"
56.4060446780552,0,1250,48,1,3,1,1,0,"GSE96058"
56.4060446780552,0,150,50,1,3,1,1,0,"GSE96058"
56.6360052562418,0,110,62,0,2,1,1,0,"GSE96058"
56.4060446780552,0,160,70,0,2,1,1,0,"GSE96058"
56.2089356110381,0,100,70,0,3,0,0,1,"GSE96058"
55.7490144546649,0,150,69,1,3,1,1,0,"GSE96058"
55.5847568988173,0,240,67,1,3,1,1,1,"GSE96058"
55.4862023653088,0,80,72,0,2,1,1,0,"GSE96058"
55.2562417871222,0,200,84,0,2,1,1,0,"GSE96058"
55.2890932982917,0,170,80,0,2,1,1,0,"GSE96058"
55.2233902759527,0,160,59,0,2,1,1,0,"GSE96058"
55.0262812089356,0,130,65,0,2,1,1,0,"GSE96058"
55.2233902759527,0,130,70,1,2,1,1,0,"GSE96058"
41.4257555847569,1,700,80,1,3,0,0,0,"GSE96058"
54.7634691195795,0,160,54,0,3,1,1,1,"GSE96058"
54.5335085413929,0,180,51,0,2,1,1,0,"GSE96058"
54.3363994743758,0,110,67,0,2,1,1,0,"GSE96058"
54.3363994743758,0,170,63,0,2,1,1,0,"GSE96058"
52.7923784494087,0,0,61,0,3,1,1,0,"GSE96058"
25.0328515111695,1,130,56,0,2,1,1,0,"GSE96058"
51.8725361366623,0,130,32,1,3,1,1,0,"GSE96058"
47.8646517739816,0,450,33,1,2,1,1,0,"GSE96058"
47.5032851511169,0,170,58,0,3,0,1,1,"GSE96058"
43.5282522996058,0,300,50,0,3,1,1,0,"GSE96058"
32.2601839684625,0,170,60,0,3,0,0,1,"GSE96058"
36.5637319316689,1,250,41,1,3,1,1,1,"GSE96058"
54.3035479632063,0,550,53,0,2,1,1,0,"GSE96058"
48.1931668856767,1,140,65,0,2,1,1,0,"GSE96058"
54.0735873850197,0,400,61,1,3,1,1,0,"GSE96058"
53.8436268068331,0,90,77,0,2,1,1,1,"GSE96058"
53.8436268068331,0,220,74,0,2,1,1,0,"GSE96058"
53.8436268068331,0,120,45,0,3,1,1,0,"GSE96058"
53.3837056504599,0,120,64,1,2,1,1,0,"GSE96058"
53.3837056504599,0,210,36,1,3,0,1,1,"GSE96058"
52.9237844940867,0,60,59,0,2,1,1,0,"GSE96058"
52.9237844940867,0,240,61,0,2,1,1,0,"GSE96058"
52.9237844940867,0,70,60,0,2,1,1,0,"GSE96058"
52.6938239159001,0,260,44,1,3,1,1,0,"GSE96058"
52.5295663600526,0,200,63,1,2,1,1,0,"GSE96058"
52.5295663600526,0,250,54,0,2,1,1,0,"GSE96058"
52.4638633377135,0,230,64,1,2,1,1,0,"GSE96058"
52.4638633377135,0,240,83,1,3,1,1,0,"GSE96058"
52.4638633377135,0,190,73,0,2,1,1,0,"GSE96058"
52.299605781866,0,150,75,0,2,1,1,0,"GSE96058"
52.2339027595269,0,160,67,0,2,1,1,0,"GSE96058"
23.8830486202365,1,250,80,0,2,1,1,0,"GSE96058"
14.0275952693824,1,240,88,1,2,1,1,0,"GSE96058"
51.4126149802891,0,150,68,0,2,1,1,0,"GSE96058"
51.3140604467806,0,350,59,1,2,1,1,0,"GSE96058"
51.3140604467806,0,140,64,1,2,1,1,0,"GSE96058"
51.3797634691196,0,190,82,1,2,1,1,0,"GSE96058"
51.084099868594,0,130,69,1,3,0,1,0,"GSE96058"
51.084099868594,0,120,65,0,2,1,1,0,"GSE96058"
30.3876478318003,1,130,92,0,2,1,1,0,"GSE96058"
50.8869908015769,0,290,72,0,2,1,1,0,"GSE96058"
50.8869908015769,0,240,48,0,2,1,1,0,"GSE96058"
51.1169513797635,0,460,61,1,2,1,1,0,"GSE96058"
50.6570302233903,0,70,41,0,3,1,1,0,"GSE96058"
50.6241787122208,0,180,46,1,2,1,1,0,"GSE96058"
50.6241787122208,0,170,46,1,2,1,1,0,"GSE96058"
50.3942181340342,0,250,61,1,3,1,1,1,"GSE96058"
49.9671484888305,0,210,45,0,2,1,1,1,"GSE96058"
49.9671484888305,0,120,94,0,2,1,1,0,"GSE96058"
50,0,150,68,0,3,1,1,0,"GSE96058"
50.065703022339,0,250,67,0,2,1,1,0,"GSE96058"
49.7371879106439,0,170,46,1,2,1,1,0,"GSE96058"
49.5072273324573,0,200,79,0,2,1,1,0,"GSE96058"
49.5400788436268,0,250,38,1,3,1,1,0,"GSE96058"
49.3429697766097,0,150,50,0,2,1,1,0,"GSE96058"
49.1458607095926,0,320,77,1,2,1,1,0,"GSE96058"
48.8173455978975,0,180,45,0,2,1,1,0,"GSE96058"
48.8173455978975,0,180,64,1,3,1,1,0,"GSE96058"
48.850197109067,0,140,67,0,2,1,1,0,"GSE96058"
48.3902759526938,0,120,72,0,2,1,1,0,"GSE96058"
4.9934296977661,1,190,85,1,2,0,0,0,"GSE96058"
48.6202365308804,0,160,56,1,2,1,1,0,"GSE96058"
37.8449408672799,1,120,74,1,2,1,1,0,"GSE96058"
47.8646517739816,0,210,51,1,2,1,1,0,"GSE96058"
47.7332457293035,0,300,45,0,3,0,1,0,"GSE96058"
46.7148488830486,1,240,91,0,2,1,1,0,"GSE96058"
47.5032851511169,0,240,74,1,2,1,1,0,"GSE96058"
47.0433639947438,0,210,67,0,2,1,1,0,"GSE96058"
47.2733245729304,0,130,62,0,2,0,0,0,"GSE96058"
46.7477003942181,0,190,71,0,2,1,1,0,"GSE96058"
22.3718791064389,1,100,83,0,2,1,1,0,"GSE96058"
46.5177398160315,0,120,54,0,2,1,1,0,"GSE96058"
45.8278580814717,0,190,63,1,2,0,1,1,"GSE96058"
45.8278580814717,0,300,77,1,3,1,1,0,"GSE96058"
45.5978975032851,0,340,54,1,2,1,1,0,"GSE96058"
45.3679369250986,0,320,65,1,2,1,1,0,"GSE96058"
45.4007884362681,0,120,63,0,2,1,1,0,"GSE96058"
45.137976346912,0,110,66,0,2,1,1,0,"GSE96058"
45.0065703022339,0,110,54,0,2,1,1,0,"GSE96058"
44.7766097240473,0,370,66,0,3,1,1,0,"GSE96058"
44.6780551905388,0,80,61,0,2,1,1,0,"GSE96058"
44.4480946123522,0,90,60,0,2,1,1,0,"GSE96058"
43.1011826544021,0,330,82,1,3,0,0,1,"GSE96058"
43.2982917214192,0,120,52,0,2,1,1,0,"GSE96058"
43.7582128777924,0,150,49,0,2,1,1,0,"GSE96058"
43.7910643889619,0,840,70,1,2,1,1,0,"GSE96058"
43.7910643889619,0,60,67,0,2,1,1,0,"GSE96058"
43.8239159001314,0,90,60,1,2,1,1,0,"GSE96058"
43.5282522996058,0,250,67,0,2,1,1,0,"GSE96058"
43.3639947437582,0,150,77,1,3,1,1,0,"GSE96058"
43.2982917214192,0,130,63,0,2,1,1,0,"GSE96058"
42.4441524310118,0,210,52,1,3,1,1,1,"GSE96058"
43.0354796320631,0,180,53,1,2,1,1,0,"GSE96058"
18.9553219448095,1,250,81,0,3,1,1,0,"GSE96058"
42.5755584756899,0,120,63,0,2,1,1,0,"GSE96058"
42.5755584756899,0,100,65,1,2,1,1,0,"GSE96058"
42.838370565046,0,390,59,1,3,1,1,0,"GSE96058"
42.6412614980289,0,240,91,0,3,0,0,0,"GSE96058"
42.3455978975033,0,270,46,1,3,1,1,0,"GSE96058"
42.3455978975033,0,360,58,1,2,1,1,0,"GSE96058"
5.12483574244415,1,180,67,0,2,1,1,0,"GSE96058"
17.5755584756899,1,160,81,0,2,1,1,0,"GSE96058"
13.9290407358738,1,120,83,0,2,1,1,0,"GSE96058"
42.1156373193167,0,120,71,0,2,1,1,0,"GSE96058"
41.9185282522996,0,290,66,1,2,1,1,0,"GSE96058"
40.9658344283837,0,300,60,0,2,1,1,0,"GSE96058"
40.7358738501971,0,230,59,0,3,1,1,0,"GSE96058"
40.5716162943495,0,210,63,1,2,1,1,1,"GSE96058"
40.2759526938239,0,270,55,1,2,1,1,0,"GSE96058"
40.2759526938239,0,80,69,0,2,1,1,0,"GSE96058"
40.3416557161629,0,210,88,1,2,1,1,0,"GSE96058"
40.0459921156373,0,150,80,1,2,1,1,0,"GSE96058"
39.8160315374507,0,210,69,0,3,0,0,0,"GSE96058"
39.8160315374507,0,120,68,0,2,1,1,0,"GSE96058"
39.8160315374507,0,120,65,1,2,1,1,0,"GSE96058"
39.8160315374507,0,130,59,0,3,1,1,0,"GSE96058"
39.6517739816031,0,270,67,0,2,1,1,0,"GSE96058"
34.526938239159,1,220,79,0,2,1,1,0,"GSE96058"
38.8961892247043,0,120,69,1,2,1,1,0,"GSE96058"
38.6990801576872,0,80,58,1,2,1,1,0,"GSE96058"
38.2391590013141,0,120,65,1,2,1,1,0,"GSE96058"
38.0091984231275,0,150,74,0,2,1,1,0,"GSE96058"
31.6360052562418,0,40,53,0,3,1,1,0,"GSE96058"
30.8475689881735,0,120,63,1,2,1,1,0,"GSE96058"
29.9934296977661,0,300,42,1,3,1,1,0,"GSE96058"
28.6136662286465,0,120,27,1,3,1,1,1,"GSE96058"
27.1681997371879,0,900,54,1,3,1,1,0,"GSE96058"
36.892247043364,0,220,85,1,3,1,1,0,"GSE96058"
36.8593955321945,0,90,47,0,2,1,1,0,"GSE96058"
36.9250985545335,0,110,55,0,3,0,0,0,"GSE96058"
36.6294349540079,0,100,45,0,2,1,1,1,"GSE96058"
36.1695137976347,0,220,43,1,2,1,1,0,"GSE96058"
36.2352168199737,0,230,76,0,2,1,1,0,"GSE96058"
35.9724047306176,0,140,43,0,2,1,1,0,"GSE96058"
36.0052562417871,0,260,54,0,3,1,0,1,"GSE96058"
34.592641261498,0,240,70,1,2,1,1,0,"GSE96058"
34.0998685939553,0,220,63,0,3,1,0,1,"GSE96058"
33.9356110381078,0,210,60,0,2,1,1,0,"GSE96058"
33.6399474375821,0,170,48,1,2,1,1,0,"GSE96058"
33.4099868593955,0,220,76,0,2,1,0,0,"GSE96058"
32.4901445466491,0,70,64,0,2,1,1,0,"GSE96058"
32.2601839684625,0,170,73,1,2,1,1,0,"GSE96058"
32.0302233902759,0,100,69,0,2,1,1,0,"GSE96058"
26.5111695137976,1,460,75,1,3,0,0,1,"GSE96058"
31.8002628120894,0,140,47,0,2,1,1,0,"GSE96058"
32.7529566360053,0,400,67,0,2,1,1,0,"GSE96058"
31.3074901445466,0,10,74,0,2,1,1,0,"GSE96058"
31.5703022339028,0,210,59,0,2,1,1,0,"GSE96058"
30.1905387647832,0,170,46,1,2,1,1,0,"GSE96058"
30.1576872536137,0,170,68,0,3,0,0,0,"GSE96058"
19.3495400788436,1,270,84,1,3,1,1,0,"GSE96058"
28.580814717477,0,220,42,1,2,1,1,0,"GSE96058"
28.3508541392904,0,110,63,1,3,1,1,0,"GSE96058"
28.8764783180026,0,120,81,0,2,1,1,0,"GSE96058"
28.5479632063075,0,150,58,1,2,1,1,0,"GSE96058"
7.03022339027595,1,290,78,1,3,1,0,1,"GSE96058"
28.3180026281209,0,230,68,0,2,1,1,0,"GSE96058"
28.1537450722733,0,150,53,1,2,1,1,0,"GSE96058"
27.6281208935611,0,140,50,0,2,1,1,0,"GSE96058"
27.3981603153745,0,100,58,1,2,1,1,0,"GSE96058"
81.2417871222076,0,200,52,0,2,1,0,0,"GSE96058"
81.1103810775296,0,130,85,0,2,1,1,0,"GSE96058"
81.2746386333771,0,160,66,0,3,0,0,0,"GSE96058"
81.0775295663601,0,180,76,1,2,1,1,0,"GSE96058"
81.2089356110381,0,250,56,1,3,0,0,0,"GSE96058"
80.7818659658344,0,150,65,0,3,0,0,1,"GSE96058"
80.6504599211564,0,230,69,0,2,1,0,0,"GSE96058"
58.0486202365309,1,270,76,1,2,1,1,0,"GSE96058"
80.6504599211564,0,200,67,1,2,1,1,0,"GSE96058"
80.5847568988173,0,330,58,0,2,1,1,0,"GSE96058"
80.5190538764783,0,210,69,0,2,1,0,0,"GSE96058"
28.7450722733246,1,180,60,0,3,1,0,0,"GSE96058"
80.8147174770039,0,140,64,0,3,1,1,0,"GSE96058"
25.7884362680683,1,320,63,1,3,0,0,0,"GSE96058"
80.8147174770039,0,100,44,0,2,1,1,0,"GSE96058"
63.2391590013141,1,210,48,0,2,1,1,1,"GSE96058"
80.3876478318003,0,220,87,0,2,1,1,0,"GSE96058"
80.6504599211564,0,170,36,1,3,0,0,0,"GSE96058"
80.0919842312746,0,100,61,0,3,0,0,0,"GSE96058"
80.2890932982917,0,250,50,0,2,1,1,0,"GSE96058"
79.9277266754271,0,120,73,0,3,0,0,0,"GSE96058"
79.9277266754271,0,280,51,1,2,1,1,0,"GSE96058"
36.1695137976347,1,100,91,0,2,1,1,0,"GSE96058"
79.6977660972405,0,250,54,0,3,1,0,0,"GSE96058"
27.9894875164258,1,330,74,0,2,1,0,1,"GSE96058"
79.862023653088,0,150,65,0,2,1,1,0,"GSE96058"
80.1248357424441,0,150,70,1,2,1,0,0,"GSE96058"
79.9277266754271,0,200,62,1,2,1,1,0,"GSE96058"
79.9277266754271,0,600,83,0,2,1,1,0,"GSE96058"
79.5992115637319,0,190,55,0,2,1,1,0,"GSE96058"
79.5006570302234,0,70,74,0,2,1,1,0,"GSE96058"
29.862023653088,1,30,84,0,2,1,1,0,"GSE96058"
79.6649145860709,0,200,78,0,3,1,0,0,"GSE96058"
79.1392904073587,0,100,69,0,2,1,1,0,"GSE96058"
79.1392904073587,0,110,61,1,2,1,1,0,"GSE96058"
80.3219448094612,0,290,84,0,2,1,1,0,"GSE96058"
78.9093298291721,0,120,73,0,2,1,1,0,"GSE96058"
78.9750328515112,0,220,69,1,3,1,1,0,"GSE96058"
79.1392904073587,0,130,61,1,2,1,1,0,"GSE96058"
78.7779237844941,0,120,61,1,2,1,1,0,"GSE96058"
78.5479632063075,0,190,49,0,2,1,1,0,"GSE96058"
26.4454664914586,1,270,88,0,2,1,1,0,"GSE96058"
43.1997371879106,1,200,84,1,3,1,1,1,"GSE96058"
78.646517739816,0,180,65,0,2,1,1,0,"GSE96058"
78.4822601839685,0,280,76,1,3,0,0,1,"GSE96058"
78.515111695138,0,160,54,0,2,1,1,0,"GSE96058"
78.4494086727989,0,290,43,1,2,1,1,0,"GSE96058"
78.5479632063075,0,170,48,1,2,1,1,0,"GSE96058"
78.3180026281209,0,150,34,0,2,1,1,0,"GSE96058"
77.9566360052562,0,90,69,0,3,1,0,0,"GSE96058"
77.8252299605782,0,170,47,0,2,1,1,0,"GSE96058"
15.4402102496715,1,200,84,0,3,0,0,0,"GSE96058"
77.3981603153745,0,180,60,0,2,1,1,0,"GSE96058"
29.9277266754271,0,220,39,0,3,1,1,1,"GSE96058"
77.365308804205,0,100,72,1,2,1,1,0,"GSE96058"
77.5624178712221,0,160,79,0,2,0,0,0,"GSE96058"
46.6819973718791,1,230,83,0,2,1,1,0,"GSE96058"
76.8396846254928,0,140,63,0,2,1,1,0,"GSE96058"
24.2115637319317,1,230,79,1,3,0,1,1,"GSE96058"
76.7082785808147,0,210,39,0,2,1,1,0,"GSE96058"
76.6097240473062,0,200,48,1,2,1,1,1,"GSE96058"
76.8725361366623,0,300,78,0,2,1,1,0,"GSE96058"
76.6425755584757,0,250,38,1,3,1,1,1,"GSE96058"
26.4783180026281,1,270,85,0,3,1,1,1,"GSE96058"
76.5768725361367,0,80,69,0,2,1,1,0,"GSE96058"
76.5768725361367,0,230,33,0,3,1,1,1,"GSE96058"
76.4783180026281,0,200,63,1,2,1,1,0,"GSE96058"
41.622864651774,1,220,35,0,3,1,0,1,"GSE96058"
76.3469119579501,0,160,70,0,3,0,0,0,"GSE96058"
75.8869908015769,0,240,53,1,3,0,0,1,"GSE96058"
76.3797634691196,0,350,82,0,3,1,1,0,"GSE96058"
23.6202365308804,1,380,84,1,2,1,1,0,"GSE96058"
75.9855453350854,0,220,52,1,3,0,0,0,"GSE96058"
75.5584756898817,0,120,50,0,2,1,0,1,"GSE96058"
75.6570302233903,0,110,60,0,2,1,1,0,"GSE96058"
59.1327201051248,1,480,56,1,3,1,1,0,"GSE96058"
75.9526938239159,0,250,82,0,2,1,1,0,"GSE96058"
75.9526938239159,0,250,76,0,2,1,0,0,"GSE96058"
9.59264126149803,1,180,90,1,3,0,0,0,"GSE96058"
75.2299605781866,0,190,48,1,2,1,1,0,"GSE96058"
75.4270696452037,0,150,50,0,3,0,0,0,"GSE96058"
75.0985545335085,0,100,55,0,2,0,0,0,"GSE96058"
75.4927726675427,0,150,51,1,3,1,1,0,"GSE96058"
75.5256241787122,0,170,51,1,3,0,0,0,"GSE96058"
75.1971090670171,0,210,72,0,2,1,1,0,"GSE96058"
74.8028909329829,0,180,53,0,3,0,0,0,"GSE96058"
74.8028909329829,0,170,66,0,2,1,1,0,"GSE96058"
74.8357424441524,0,470,49,0,2,1,1,0,"GSE96058"
74.8357424441524,0,220,43,1,3,1,1,1,"GSE96058"
74.8685939553219,0,320,78,0,2,1,1,0,"GSE96058"
74.6057818659658,0,240,49,1,3,1,0,0,"GSE96058"
74.8357424441524,0,230,56,0,3,0,0,0,"GSE96058"
75.4927726675427,0,230,89,0,2,1,1,0,"GSE96058"
74.2115637319317,0,100,73,0,2,1,1,0,"GSE96058"
74.1787122207622,0,140,54,0,2,1,1,0,"GSE96058"
74.1787122207622,0,350,65,1,3,1,0,1,"GSE96058"
74.1130091984231,0,120,50,1,3,1,1,0,"GSE96058"
74.0801576872536,0,250,54,1,2,1,1,0,"GSE96058"
74.1787122207622,0,150,50,0,2,1,1,0,"GSE96058"
73.9487516425756,0,170,50,0,2,1,1,0,"GSE96058"
73.850197109067,0,200,52,0,2,1,1,0,"GSE96058"
73.6859395532194,0,200,72,0,3,1,0,1,"GSE96058"
73.4888304862024,0,350,42,0,3,1,1,1,"GSE96058"
73.8830486202365,0,160,42,0,3,1,1,0,"GSE96058"
73.1603153745072,0,80,54,0,2,1,1,0,"GSE96058"
73.4888304862024,0,180,49,0,3,1,1,0,"GSE96058"
73.4231274638633,0,110,65,0,2,1,1,0,"GSE96058"
73.2260183968463,0,170,71,1,2,1,1,0,"GSE96058"
73.4559789750328,0,250,71,0,2,1,1,0,"GSE96058"
73.0617608409987,0,100,48,0,2,1,1,0,"GSE96058"
72.9632063074901,0,100,78,1,2,1,1,0,"GSE96058"
73.1931668856767,0,210,58,0,2,1,0,1,"GSE96058"
73.4231274638633,0,170,49,1,3,1,1,0,"GSE96058"
72.9960578186597,0,100,54,0,2,1,1,0,"GSE96058"
72.7989487516426,0,220,45,0,2,1,1,0,"GSE96058"
72.8318002628121,0,110,56,0,2,1,0,0,"GSE96058"
69.9737187910644,1,280,79,1,2,1,1,0,"GSE96058"
72.7332457293035,0,230,50,1,2,1,1,0,"GSE96058"
72.8318002628121,0,120,37,1,2,1,1,0,"GSE96058"
72.568988173456,0,160,51,0,2,1,1,0,"GSE96058"
72.0762155059133,0,130,71,1,3,1,1,1,"GSE96058"
71.9119579500657,0,150,64,0,2,1,1,0,"GSE96058"
71.8462549277267,0,150,49,0,2,1,1,0,"GSE96058"
71.7805519053876,0,220,49,0,2,1,1,1,"GSE96058"
71.3206307490145,0,100,48,0,2,1,1,0,"GSE96058"
71.6491458607096,0,140,56,0,2,1,1,0,"GSE96058"
71.6491458607096,0,140,78,0,2,1,1,0,"GSE96058"
42.4770039421813,1,120,74,0,2,1,1,0,"GSE96058"
71.5834428383706,0,250,66,0,2,1,1,0,"GSE96058"
71.1563731931669,0,120,64,0,2,1,1,0,"GSE96058"
71.8791064388962,0,170,64,0,2,1,0,1,"GSE96058"
70.9921156373193,0,100,39,0,2,1,1,1,"GSE96058"
70.9264126149803,0,160,82,1,3,1,0,0,"GSE96058"
72.0433639947438,0,400,57,1,2,1,1,0,"GSE96058"
70.9592641261498,0,120,67,1,3,0,0,0,"GSE96058"
71.3206307490145,0,150,55,0,3,1,1,0,"GSE96058"
70.9921156373193,0,380,48,0,2,1,1,0,"GSE96058"
70.7293035479632,0,250,78,1,2,1,0,0,"GSE96058"
70.9592641261498,0,100,76,0,2,1,1,0,"GSE96058"
70.4664914586071,0,450,80,0,2,1,0,0,"GSE96058"
70.203679369251,0,150,52,0,2,1,1,0,"GSE96058"
70.26938239159,0,120,32,0,2,1,1,1,"GSE96058"
68.5939553219448,0,150,83,0,2,1,1,0,"GSE96058"
69.8094612352168,0,130,50,0,2,1,1,0,"GSE96058"
70.203679369251,0,210,66,0,3,0,0,0,"GSE96058"
70.4336399474376,0,900,89,0,2,1,1,0,"GSE96058"
69.8094612352168,0,10,83,0,3,0,0,0,"GSE96058"
49.2772667542707,1,550,83,1,2,1,1,0,"GSE96058"
70.0065703022339,0,270,64,0,3,1,1,0,"GSE96058"
69.5466491458607,0,600,85,1,2,1,1,0,"GSE96058"
69.2509855453351,0,140,44,1,2,1,1,0,"GSE96058"
69.3495400788436,0,110,49,0,2,1,1,0,"GSE96058"
69.3166885676741,0,110,46,0,2,1,1,0,"GSE96058"
69.1524310118265,0,700,47,0,3,0,0,0,"GSE96058"
27.8580814717477,1,220,91,0,3,0,0,0,"GSE96058"
69.3166885676741,0,200,75,1,2,1,1,0,"GSE96058"
68.4296977660972,0,230,69,1,3,0,0,1,"GSE96058"
59.0013140604468,1,400,80,0,2,1,1,0,"GSE96058"
68.2325886990802,0,210,65,0,2,1,1,0,"GSE96058"
21.7477003942181,1,230,45,0,3,0,0,1,"GSE96058"
68.3311432325887,0,150,70,0,3,0,0,0,"GSE96058"
68.1997371879106,0,170,57,1,2,1,0,0,"GSE96058"
47.3061760840999,1,220,41,0,3,1,1,1,"GSE96058"
68.2325886990802,0,170,86,1,2,1,1,0,"GSE96058"
68.5611038107753,0,210,70,0,2,1,1,0,"GSE96058"
68.7910643889619,0,110,73,0,2,1,1,0,"GSE96058"
67.772667542707,0,150,62,0,2,1,1,0,"GSE96058"
67.6741130091984,0,200,56,1,2,1,1,0,"GSE96058"
67.4441524310118,0,200,61,0,2,1,0,0,"GSE96058"
67.6412614980289,0,210,64,1,2,1,1,0,"GSE96058"
67.904073587385,0,150,76,0,2,1,1,0,"GSE96058"
68.0026281208936,0,120,41,0,2,1,1,0,"GSE96058"
67.2798948751643,0,360,76,0,2,1,1,0,"GSE96058"
67.5098554533509,0,210,59,0,3,1,1,0,"GSE96058"
67.1813403416557,0,190,54,0,2,1,1,0,"GSE96058"
67.2798948751643,0,320,76,0,2,1,1,0,"GSE96058"
66.9842312746386,0,120,68,0,2,1,1,0,"GSE96058"
67.5098554533509,0,500,82,1,2,1,1,0,"GSE96058"
67.2470433639947,0,250,66,1,2,1,1,0,"GSE96058"
66.688567674113,0,120,67,0,2,1,1,0,"GSE96058"
40.2102496714849,1,40,88,0,3,0,0,0,"GSE96058"
66.5243101182654,0,150,53,1,2,1,1,0,"GSE96058"
66.7871222076216,0,180,57,1,3,0,0,0,"GSE96058"
66.2943495400788,0,150,57,1,2,1,1,0,"GSE96058"
47.2076215505913,1,140,67,0,2,1,1,0,"GSE96058"
66.2614980289093,0,170,52,0,2,1,1,0,"GSE96058"
66.4914586070959,0,550,87,0,3,0,0,0,"GSE96058"
66.3600525624179,0,220,36,0,3,0,0,0,"GSE96058"
27.4638633377135,1,450,79,1,2,1,1,0,"GSE96058"
66.2943495400788,0,220,55,1,2,1,1,0,"GSE96058"
66.2286465177398,0,300,51,0,3,0,0,0,"GSE96058"
66.2286465177398,0,300,68,0,3,1,1,0,"GSE96058"
66.2614980289093,0,100,74,0,2,1,1,0,"GSE96058"
65.9001314060447,0,100,70,0,2,1,1,0,"GSE96058"
66.1300919842313,0,240,63,1,2,1,1,0,"GSE96058"
65.8344283837056,0,190,70,0,2,1,1,0,"GSE96058"
31.5374507227332,0,100,46,1,2,1,1,0,"GSE96058"
65.8672798948752,0,290,66,1,3,1,0,0,"GSE96058"
65.6044678055191,0,190,61,1,2,1,1,0,"GSE96058"
65.8344283837056,0,110,65,0,2,1,1,0,"GSE96058"
65.6044678055191,0,140,60,0,2,1,1,0,"GSE96058"
65.53876478318,0,300,66,1,2,1,1,0,"GSE96058"
64.9474375821288,0,270,69,0,2,1,1,0,"GSE96058"
65.53876478318,0,140,66,1,2,1,1,0,"GSE96058"
37.2207621550591,1,160,68,0,2,1,1,0,"GSE96058"
64.9802890932983,0,140,67,0,2,1,1,0,"GSE96058"
65.9001314060447,0,240,64,0,2,1,1,0,"GSE96058"
65.1116951379763,0,140,69,0,2,1,1,0,"GSE96058"
27.2339027595269,1,130,84,0,2,1,1,0,"GSE96058"
64.4875164257556,0,90,68,0,2,1,0,0,"GSE96058"
65.6044678055191,0,140,29,0,3,1,1,0,"GSE96058"
64.0604467805519,0,130,52,0,2,1,1,0,"GSE96058"
64.4218134034166,0,200,68,0,2,1,1,0,"GSE96058"
64.9802890932983,0,280,41,1,3,1,1,1,"GSE96058"
32.3915900131406,1,290,81,1,3,1,1,0,"GSE96058"
63.6005256241787,0,140,59,0,2,1,1,0,"GSE96058"
63.5019710906702,0,240,47,1,2,1,1,0,"GSE96058"
63.3048620236531,0,100,60,1,3,1,0,0,"GSE96058"
62.9106438896189,0,100,64,0,2,1,1,0,"GSE96058"
63.3705650459921,0,200,58,0,2,1,1,0,"GSE96058"
63.3048620236531,0,230,62,1,3,0,0,1,"GSE96058"
63.042049934297,0,130,68,0,2,1,1,0,"GSE96058"
62.8449408672799,0,140,46,1,2,1,0,0,"GSE96058"
41.0972404730618,1,530,95,1,2,1,1,0,"GSE96058"
63.107752956636,0,230,60,1,2,1,1,0,"GSE96058"
62.8449408672799,0,110,63,0,2,1,1,0,"GSE96058"
63.0749014454665,0,150,65,0,2,1,1,0,"GSE96058"
51.6097240473062,1,120,33,1,3,0,0,0,"GSE96058"
63.107752956636,0,150,81,0,2,1,1,0,"GSE96058"
63.0749014454665,0,180,68,0,2,1,0,0,"GSE96058"
63.0091984231275,0,200,78,0,3,1,1,0,"GSE96058"
63.042049934297,0,200,54,1,3,0,0,1,"GSE96058"
63.042049934297,0,150,63,0,2,1,1,0,"GSE96058"
63.5676741130092,0,110,57,1,2,1,1,0,"GSE96058"
62.9106438896189,0,200,66,0,2,1,0,0,"GSE96058"
62.8777923784494,0,100,65,1,2,1,1,0,"GSE96058"
62.4835742444152,0,100,73,0,2,1,1,0,"GSE96058"
62.6149802890933,0,90,68,0,2,1,1,0,"GSE96058"
62.6806833114323,0,120,46,1,3,1,1,1,"GSE96058"
62.4178712220762,0,110,62,1,2,1,1,0,"GSE96058"
39.3561103810775,1,210,66,0,2,1,1,0,"GSE96058"
62.4178712220762,0,160,66,0,2,1,1,0,"GSE96058"
57.8186596583443,1,130,70,0,3,0,0,0,"GSE96058"
61.5308804204993,0,190,63,1,2,1,1,0,"GSE96058"
61.4980289093298,0,280,33,0,3,0,0,1,"GSE96058"
61.3337713534823,0,530,61,1,3,1,1,0,"GSE96058"
61.4323258869908,0,150,58,0,2,1,1,1,"GSE96058"
61.4980289093298,0,180,64,0,3,0,0,1,"GSE96058"
9.2969776609724,1,210,83,1,3,1,1,0,"GSE96058"
29.7634691195795,1,480,51,1,3,0,0,1,"GSE96058"
61.0709592641261,0,200,61,1,2,1,0,0,"GSE96058"
61.2352168199737,0,200,73,1,2,1,1,0,"GSE96058"
61.1038107752957,0,140,60,1,3,1,0,0,"GSE96058"
60.8409986859396,0,270,80,0,2,1,1,0,"GSE96058"
60.8738501971091,0,130,58,0,2,1,1,0,"GSE96058"
61.0709592641261,0,220,89,0,2,1,1,1,"GSE96058"
14.0604467805519,1,170,79,0,3,0,0,0,"GSE96058"
41.6557161629435,1,220,85,1,3,1,0,1,"GSE96058"
61.2023653088042,0,120,51,0,2,1,1,0,"GSE96058"
60.5781865965834,0,200,61,1,3,1,1,0,"GSE96058"
32.0302233902759,1,330,69,1,2,1,1,0,"GSE96058"
60.5781865965834,0,110,61,0,3,1,1,0,"GSE96058"
60.1511169513798,0,200,48,1,2,1,1,0,"GSE96058"
60.1511169513798,0,270,56,1,3,1,1,0,"GSE96058"
61.2023653088042,0,100,64,0,2,1,1,0,"GSE96058"
60.0854139290407,0,250,78,0,3,0,0,1,"GSE96058"
60.1511169513798,0,220,59,0,3,0,0,1,"GSE96058"
60.5124835742444,0,160,82,0,2,1,1,0,"GSE96058"
59.8883048620237,0,130,44,0,2,1,1,0,"GSE96058"
60.0854139290407,0,150,74,1,3,1,1,0,"GSE96058"
60.3153745072273,0,190,87,0,2,1,1,0,"GSE96058"
59.7240473061761,0,130,69,0,2,1,1,0,"GSE96058"
26.2483574244415,1,320,95,1,2,1,1,0,"GSE96058"
60.1839684625493,0,250,78,1,2,1,1,0,"GSE96058"
59.8554533508541,0,150,69,0,2,1,1,0,"GSE96058"
60.3482260183968,0,200,35,1,2,1,1,0,"GSE96058"
59.7240473061761,0,100,57,1,2,1,1,0,"GSE96058"
59.8226018396846,0,190,72,0,2,1,0,0,"GSE96058"
59.8554533508541,0,240,86,0,2,1,1,0,"GSE96058"
59.8226018396846,0,250,64,1,2,1,0,0,"GSE96058"
59.6911957950066,0,130,69,0,2,1,1,0,"GSE96058"
59.1984231274639,0,300,62,1,2,1,1,0,"GSE96058"
28.580814717477,1,250,65,1,2,1,1,0,"GSE96058"
16.0972404730618,1,190,75,1,2,1,0,0,"GSE96058"
59.2641261498029,0,120,56,0,2,1,1,0,"GSE96058"
58.7713534822602,0,220,67,1,2,1,1,0,"GSE96058"
58.7056504599212,0,260,73,0,2,1,1,1,"GSE96058"
58.5085413929041,0,250,59,1,2,1,1,0,"GSE96058"
57.095926412615,0,230,74,0,2,1,1,0,"GSE96058"
58.4756898817346,0,150,63,0,2,1,0,1,"GSE96058"
59.1655716162944,0,120,57,1,2,1,1,0,"GSE96058"
58.1143232588699,0,140,65,0,2,1,1,0,"GSE96058"
58.5085413929041,0,130,69,0,3,0,0,0,"GSE96058"
31.6360052562418,1,250,81,0,2,1,0,0,"GSE96058"
57.8515111695138,0,220,51,0,3,1,0,1,"GSE96058"
57.5558475689882,0,280,59,0,2,1,1,0,"GSE96058"
59.2641261498029,0,190,83,0,2,1,1,0,"GSE96058"
57.3258869908016,0,220,42,1,2,1,1,1,"GSE96058"
38.3377135348226,1,200,83,0,2,1,1,0,"GSE96058"
57.7858081471748,0,190,42,0,3,1,0,1,"GSE96058"
20.7950065703022,1,180,88,0,2,1,1,0,"GSE96058"
57.0630749014455,0,170,79,1,2,1,1,0,"GSE96058"
29.3363994743758,1,160,68,0,2,1,1,0,"GSE96058"
57.6215505913272,0,250,63,0,3,0,0,0,"GSE96058"
56.6688567674113,0,150,75,1,2,1,0,0,"GSE96058"
57.3915900131406,0,140,77,0,2,1,1,0,"GSE96058"
33.0486202365309,1,300,66,1,3,0,0,0,"GSE96058"
56.4060446780552,0,250,71,1,2,1,1,0,"GSE96058"
56.3731931668857,0,320,58,1,3,0,0,0,"GSE96058"
44.3166885676741,1,330,66,0,2,1,0,0,"GSE96058"
57.0630749014455,0,150,53,1,3,0,0,0,"GSE96058"
50.0985545335085,1,130,69,0,3,1,1,0,"GSE96058"
55.6176084099869,0,270,44,1,2,0,0,0,"GSE96058"
56.4060446780552,0,220,48,0,2,1,1,0,"GSE96058"
31.011826544021,1,400,70,1,2,1,1,0,"GSE96058"
55.946123521682,0,190,47,0,3,1,1,0,"GSE96058"
55.8147174770039,0,220,75,0,3,1,0,1,"GSE96058"
55.9132720105125,0,140,46,1,3,1,1,0,"GSE96058"
55.7161629434954,0,330,45,1,2,1,1,0,"GSE96058"
55.7161629434954,0,120,48,0,3,0,0,0,"GSE96058"
55.7490144546649,0,330,69,1,2,1,1,0,"GSE96058"
55.6833114323259,0,130,51,1,2,1,1,0,"GSE96058"
55.7161629434954,0,200,35,1,2,1,1,0,"GSE96058"
55.8147174770039,0,300,62,1,3,0,0,0,"GSE96058"
27.3981603153745,1,210,91,1,2,1,0,0,"GSE96058"
22.5361366622865,1,150,60,1,3,0,0,1,"GSE96058"
55.3219448094612,0,170,44,0,2,1,1,0,"GSE96058"
55.5190538764783,0,110,76,1,2,1,1,1,"GSE96058"
40.2759526938239,1,150,72,0,2,1,1,0,"GSE96058"
49.3429697766097,0,120,33,0,3,0,0,1,"GSE96058"
49.1130091984231,0,50,40,0,3,0,1,0,"GSE96058"
49.3758212877792,0,170,40,0,3,0,1,0,"GSE96058"
27.365308804205,1,100,41,1,3,1,0,0,"GSE96058"
48.4559789750328,0,170,59,0,3,0,0,0,"GSE96058"
48.1603153745072,0,170,58,0,3,0,0,0,"GSE96058"
40.6701708278581,1,570,55,1,3,1,0,1,"GSE96058"
47.0105124835742,0,170,42,0,3,0,0,0,"GSE96058"
45.6964520367937,0,170,37,1,3,0,0,1,"GSE96058"
45.4664914586071,0,170,38,0,3,0,0,0,"GSE96058"
44.6780551905388,0,780,62,0,2,1,1,0,"GSE96058"
44.2509855453351,0,170,63,0,2,1,1,1,"GSE96058"
43.7910643889619,0,170,50,1,3,0,0,0,"GSE96058"
43.3639947437582,0,100,36,1,2,1,1,1,"GSE96058"
39.8160315374507,0,180,43,0,2,1,1,0,"GSE96058"
39.8160315374507,0,400,50,1,2,1,1,0,"GSE96058"
39.6189224704336,0,170,50,1,3,0,0,0,"GSE96058"
39.6846254927727,0,160,66,1,2,1,1,0,"GSE96058"
38.7647831800263,0,270,41,1,2,0,0,0,"GSE96058"
54.9934296977661,0,250,52,0,3,1,1,0,"GSE96058"
54.8291721419185,0,280,69,0,2,1,1,0,"GSE96058"
20.4664914586071,1,350,63,1,3,1,1,0,"GSE96058"
3.05519053876478,1,190,86,0,3,0,0,1,"GSE96058"
54.8291721419185,0,230,49,0,3,1,1,0,"GSE96058"
48.6202365308804,1,250,84,1,3,1,1,1,"GSE96058"
54.5335085413929,0,160,49,1,2,1,1,0,"GSE96058"
54.3363994743758,0,180,62,0,2,1,1,0,"GSE96058"
54.5006570302234,0,180,72,1,2,1,1,0,"GSE96058"
54.2706964520368,0,220,60,1,3,0,0,1,"GSE96058"
54.4021024967148,0,180,56,0,2,1,1,0,"GSE96058"
54.0735873850197,0,200,57,1,3,1,0,1,"GSE96058"
53.9421813403417,0,180,42,0,2,1,1,0,"GSE96058"
53.8436268068331,0,200,51,1,3,1,1,0,"GSE96058"
54.0735873850197,0,200,51,1,2,1,1,0,"GSE96058"
53.6793692509855,0,200,71,1,3,1,1,0,"GSE96058"
53.8764783180026,0,170,71,0,2,1,1,0,"GSE96058"
53.646517739816,0,310,47,1,3,1,1,0,"GSE96058"
53.1208935611038,0,120,66,0,2,1,1,0,"GSE96058"
52.9566360052562,0,260,85,1,2,1,0,0,"GSE96058"
52.9566360052562,0,110,50,0,2,1,1,0,"GSE96058"
53.1537450722733,0,250,39,1,3,1,1,1,"GSE96058"
52.6609724047306,0,150,69,1,2,1,1,0,"GSE96058"
53.1537450722733,0,130,61,1,2,1,1,0,"GSE96058"
52.6938239159001,0,320,68,0,3,1,1,0,"GSE96058"
52.6609724047306,0,280,68,1,2,1,1,0,"GSE96058"
18.4954007884363,1,300,81,0,2,1,1,0,"GSE96058"
52.1024967148489,0,150,71,0,2,1,1,0,"GSE96058"
52.299605781866,0,100,73,0,2,1,1,0,"GSE96058"
52.6938239159001,0,220,62,0,2,1,1,0,"GSE96058"
52.2667542706965,0,120,65,1,2,1,1,0,"GSE96058"
53.1537450722733,0,150,76,1,2,1,1,0,"GSE96058"
52.5295663600526,0,210,43,0,3,1,1,1,"GSE96058"
52.0039421813403,0,10,60,0,2,1,1,1,"GSE96058"
51.8725361366623,0,130,67,0,2,1,1,0,"GSE96058"
52.0039421813403,0,220,52,0,3,1,1,0,"GSE96058"
51.8068331143233,0,140,52,0,3,1,0,0,"GSE96058"
51.8068331143233,0,220,62,0,3,1,1,0,"GSE96058"
51.6097240473062,0,220,58,1,2,1,1,0,"GSE96058"
51.281208935611,0,200,70,0,2,1,0,0,"GSE96058"
51.4126149802891,0,140,73,0,2,1,1,0,"GSE96058"
52.0039421813403,0,180,33,0,2,1,1,1,"GSE96058"
51.5440210249671,0,200,69,0,3,1,1,0,"GSE96058"
51.9710906701708,0,130,32,0,3,0,1,0,"GSE96058"
51.084099868594,0,140,53,0,2,1,1,0,"GSE96058"
51.1169513797635,0,140,65,1,2,1,1,0,"GSE96058"
50.9198423127464,0,220,79,0,3,1,1,0,"GSE96058"
50.6898817345598,0,130,45,0,2,1,1,0,"GSE96058"
41.0972404730618,0,200,33,1,2,1,1,1,"GSE96058"
50.4927726675427,0,220,88,0,2,1,1,0,"GSE96058"
50.6898817345598,0,160,65,0,2,1,1,0,"GSE96058"
50,0,170,55,0,2,1,1,0,"GSE96058"
50.4599211563732,0,170,64,0,2,1,1,0,"GSE96058"
50.3942181340342,0,160,55,0,2,1,1,0,"GSE96058"
50.1642575558476,0,200,63,1,2,1,1,0,"GSE96058"
38.8961892247043,1,120,70,0,2,1,0,0,"GSE96058"
50,0,110,46,0,3,1,1,1,"GSE96058"
49.9671484888305,0,140,58,1,2,1,1,0,"GSE96058"
49.934296977661,0,250,62,0,3,0,0,1,"GSE96058"
49.7371879106439,0,210,60,0,2,1,1,0,"GSE96058"
49.7043363994744,0,210,57,0,2,1,1,0,"GSE96058"
49.5729303547963,0,300,67,1,2,1,1,0,"GSE96058"
49.8357424441524,0,320,70,0,3,0,0,0,"GSE96058"
49.7043363994744,0,450,85,1,3,1,1,0,"GSE96058"
49.2444152431012,0,240,66,1,2,1,1,0,"GSE96058"
11.2352168199737,0,170,58,1,2,1,1,0,"GSE96058"
49.3429697766097,0,140,58,0,2,1,1,0,"GSE96058"
48.6202365308804,0,150,54,0,2,1,1,0,"GSE96058"
48.8173455978975,0,430,75,1,3,0,0,1,"GSE96058"
48.6859395532194,0,100,57,1,2,1,1,0,"GSE96058"
48.6859395532194,0,220,69,1,3,1,1,0,"GSE96058"
48.915900131406,0,100,49,0,3,1,0,1,"GSE96058"
48.6202365308804,0,90,66,1,3,1,1,0,"GSE96058"
48.6530880420499,0,170,66,0,2,1,1,0,"GSE96058"
48.6530880420499,0,140,73,0,2,1,1,0,"GSE96058"
48.5873850197109,0,110,72,0,2,1,1,0,"GSE96058"
48.8173455978975,0,160,71,1,3,0,0,0,"GSE96058"
48.3902759526938,0,910,76,0,2,1,0,0,"GSE96058"
48.3902759526938,0,230,85,1,2,1,1,0,"GSE96058"
48.3902759526938,0,220,80,1,2,1,1,0,"GSE96058"
48.1603153745072,0,300,49,1,2,1,1,0,"GSE96058"
48.3574244415243,0,200,78,0,2,1,1,0,"GSE96058"
47.9303547963206,0,160,59,1,2,1,1,0,"GSE96058"
47.9632063074901,0,130,61,1,2,1,1,0,"GSE96058"
48.5545335085414,0,280,72,0,2,1,1,0,"GSE96058"
47.7332457293035,0,510,82,1,2,1,1,0,"GSE96058"
47.7332457293035,0,250,73,1,3,1,0,0,"GSE96058"
47.700394218134,0,250,31,1,3,0,0,0,"GSE96058"
47.7332457293035,0,80,64,0,2,1,1,0,"GSE96058"
47.700394218134,0,80,66,0,2,1,1,0,"GSE96058"
47.2404730617608,0,140,47,0,2,1,1,0,"GSE96058"
47.6675427069645,0,140,75,0,2,1,1,0,"GSE96058"
47.4704336399474,0,220,52,1,2,1,1,0,"GSE96058"
47.4375821287779,0,120,64,0,2,1,1,0,"GSE96058"
47.2733245729304,0,160,63,0,3,1,1,0,"GSE96058"
47.2404730617608,0,300,52,1,2,1,1,0,"GSE96058"
47.2404730617608,0,230,53,0,2,1,1,1,"GSE96058"
47.0762155059133,0,170,82,0,2,1,1,0,"GSE96058"
47.5032851511169,0,100,44,1,2,1,1,0,"GSE96058"
46.9776609724047,0,210,57,1,2,1,1,0,"GSE96058"
46.6162943495401,0,250,76,0,2,1,1,0,"GSE96058"
46.8462549277267,0,100,79,1,2,1,1,0,"GSE96058"
46.7477003942181,0,230,76,1,3,1,1,1,"GSE96058"
48.4231274638633,0,210,87,1,3,0,0,0,"GSE96058"
45.6636005256242,0,350,68,1,2,1,1,0,"GSE96058"
45.5978975032851,0,350,69,1,3,1,0,0,"GSE96058"
45.6307490144547,0,250,85,1,2,1,1,0,"GSE96058"
45.3022339027595,1,160,81,0,2,1,1,0,"GSE96058"
45.4664914586071,0,130,53,0,2,1,1,0,"GSE96058"
45.4336399474376,0,130,64,0,3,1,0,1,"GSE96058"
45.0065703022339,0,210,57,0,2,1,1,0,"GSE96058"
38.7319316688568,1,180,58,0,2,1,1,0,"GSE96058"
45.1051248357424,0,250,49,0,3,1,1,0,"GSE96058"
18.4625492772668,1,220,89,0,2,1,1,0,"GSE96058"
44.9737187910644,0,220,67,1,2,1,1,0,"GSE96058"
44.9080157687254,0,100,83,0,2,1,1,0,"GSE96058"
44.9080157687254,0,400,50,1,2,1,1,0,"GSE96058"
44.8751642575558,0,200,69,1,2,1,1,0,"GSE96058"
44.9080157687254,0,110,50,0,3,1,1,1,"GSE96058"
44.4809461235217,0,310,65,1,2,1,1,0,"GSE96058"
44.1852825229961,0,110,60,0,2,1,1,0,"GSE96058"
44.053876478318,0,200,87,0,2,1,1,0,"GSE96058"
44.053876478318,0,150,53,0,3,0,0,1,"GSE96058"
44.1852825229961,0,140,53,0,2,0,0,0,"GSE96058"
14.19185282523,1,170,84,1,2,1,1,1,"GSE96058"
4.46780551905388,1,200,86,1,2,1,1,0,"GSE96058"
43.1340341655716,0,250,79,0,3,1,1,0,"GSE96058"
43.2982917214192,0,350,75,1,2,1,1,0,"GSE96058"
43.0683311432326,0,270,69,0,2,0,0,0,"GSE96058"
42.904073587385,0,90,42,0,3,0,0,0,"GSE96058"
43.1340341655716,0,200,66,0,2,1,1,0,"GSE96058"
43.0026281208936,0,100,54,0,3,0,0,0,"GSE96058"
43.7582128777924,0,350,52,0,2,1,0,0,"GSE96058"
43.0683311432326,0,500,73,1,2,1,1,0,"GSE96058"
9.98685939553219,1,430,85,0,3,1,1,0,"GSE96058"
42.6412614980289,0,150,56,0,3,0,0,0,"GSE96058"
42.5755584756899,0,120,71,0,2,1,1,0,"GSE96058"
42.3784494086728,0,630,84,1,2,1,0,0,"GSE96058"
42.1813403416557,0,170,60,0,2,1,1,0,"GSE96058"
42.0827858081472,0,190,76,1,2,1,0,0,"GSE96058"
41.9842312746386,0,220,57,1,2,1,1,0,"GSE96058"
41.8856767411301,0,250,44,0,2,1,1,0,"GSE96058"
41.9513797634691,0,240,69,0,3,1,1,1,"GSE96058"
41.754270696452,0,180,70,1,2,1,1,0,"GSE96058"
41.1957950065703,0,180,74,0,2,1,1,0,"GSE96058"
40.9986859395532,0,770,74,1,2,1,0,0,"GSE96058"
40.3745072273325,0,210,54,1,3,0,1,0,"GSE96058"
40.8344283837056,0,180,71,0,3,1,1,0,"GSE96058"
40.7687253613666,0,390,77,0,2,1,1,0,"GSE96058"
10.4796320630749,1,380,88,1,3,1,0,0,"GSE96058"
40.5716162943495,0,180,75,0,3,0,0,0,"GSE96058"
40.53876478318,0,140,46,1,2,1,1,0,"GSE96058"
40.5059132720105,0,90,68,0,2,1,1,0,"GSE96058"
40.5716162943495,0,200,67,1,2,1,1,0,"GSE96058"
40.3416557161629,0,150,48,0,3,1,0,0,"GSE96058"
40.2431011826544,0,270,71,0,3,1,1,0,"GSE96058"
40.3088042049934,0,420,78,1,2,1,1,0,"GSE96058"
40.7358738501971,0,150,54,0,2,1,1,0,"GSE96058"
40.1116951379763,0,110,55,0,3,1,1,0,"GSE96058"
39.8817345597897,0,180,74,0,2,1,1,0,"GSE96058"
40.1116951379763,0,170,65,1,2,1,1,0,"GSE96058"
39.8817345597897,0,230,42,1,2,1,1,0,"GSE96058"
37.3521681997372,1,90,54,0,2,1,1,0,"GSE96058"
39.8160315374507,0,280,40,1,2,1,1,0,"GSE96058"
39.6189224704336,0,20,57,1,2,1,0,0,"GSE96058"
39.6846254927727,0,110,65,1,2,1,1,0,"GSE96058"
39.6517739816031,0,400,65,1,3,1,1,0,"GSE96058"
18.4296977660972,1,300,85,0,2,1,1,0,"GSE96058"
39.2247043363995,0,200,35,1,3,0,0,1,"GSE96058"
39.6846254927727,0,200,66,1,3,1,1,0,"GSE96058"
39.6189224704336,0,90,51,1,2,1,1,0,"GSE96058"
17.1813403416557,1,370,89,1,2,1,1,0,"GSE96058"
39.1261498028909,0,300,68,1,2,1,1,0,"GSE96058"
37.4178712220762,1,260,67,1,2,1,1,0,"GSE96058"
38.6662286465177,0,350,77,0,2,1,1,0,"GSE96058"
38.7319316688568,0,180,85,1,3,1,0,1,"GSE96058"
38.5019710906702,0,80,67,0,2,1,0,0,"GSE96058"
38.4691195795007,0,250,69,1,3,1,1,0,"GSE96058"
38.5019710906702,0,160,61,0,2,1,1,0,"GSE96058"
38.4691195795007,0,220,57,0,2,1,1,0,"GSE96058"
38.3048620236531,0,150,54,0,2,1,0,1,"GSE96058"
38.3048620236531,0,200,85,0,2,1,1,0,"GSE96058"
38.3377135348226,0,170,52,0,2,1,1,0,"GSE96058"
38.2391590013141,0,350,68,1,3,1,0,1,"GSE96058"
37.8777923784494,0,130,33,1,2,1,1,0,"GSE96058"
38.3048620236531,0,220,54,1,2,1,1,0,"GSE96058"
37.0893561103811,0,190,65,1,2,1,1,0,"GSE96058"
37.1222076215506,0,220,32,0,3,1,0,0,"GSE96058"
37.0565045992116,0,180,49,1,2,1,1,0,"GSE96058"
12.0893561103811,1,390,82,1,3,1,0,1,"GSE96058"
36.6951379763469,0,170,48,1,2,1,1,0,"GSE96058"
36.8593955321945,0,230,44,1,2,1,1,0,"GSE96058"
38.3048620236531,0,170,36,0,3,0,0,0,"GSE96058"
38.4691195795007,0,170,61,0,3,0,0,1,"GSE96058"
33.7056504599212,0,150,62,0,3,0,0,0,"GSE96058"
31.1760840998686,0,400,54,1,2,1,1,0,"GSE96058"
36.7279894875164,0,100,47,0,2,1,1,0,"GSE96058"
36.8593955321945,0,160,53,0,2,1,1,0,"GSE96058"
36.5965834428384,0,170,83,1,2,1,0,0,"GSE96058"
37.0565045992116,0,80,68,0,2,1,1,0,"GSE96058"
36.892247043364,0,70,67,0,3,1,1,0,"GSE96058"
36.4651773981603,0,150,49,0,2,1,1,0,"GSE96058"
36.5965834428384,0,230,68,1,3,0,0,1,"GSE96058"
36.2680683311432,0,420,77,1,2,1,1,0,"GSE96058"
36.2352168199737,0,90,47,1,2,1,1,0,"GSE96058"
36.2680683311432,0,180,67,1,2,1,1,0,"GSE96058"
36.2352168199737,0,120,48,0,2,1,1,0,"GSE96058"
36.0381077529566,0,120,65,0,2,1,1,0,"GSE96058"
35.80814717477,0,160,66,0,3,1,0,1,"GSE96058"
36.0381077529566,0,130,75,1,2,1,1,1,"GSE96058"
35.4467805519054,0,150,41,0,2,0,0,1,"GSE96058"
35.2496714848883,0,210,60,0,2,1,1,0,"GSE96058"
35.4467805519054,0,530,84,1,2,1,1,0,"GSE96058"
35.0525624178712,0,130,49,0,2,1,1,1,"GSE96058"
35.5453350854139,0,110,78,1,3,0,0,0,"GSE96058"
35.1182654402103,0,110,57,0,2,1,1,0,"GSE96058"
34.8226018396846,0,170,45,1,2,1,1,0,"GSE96058"
35.742444152431,0,290,60,1,2,1,1,1,"GSE96058"
34.4283837056505,0,270,35,0,2,1,0,1,"GSE96058"
34.4283837056505,0,350,64,0,3,0,0,0,"GSE96058"
34.3298291721419,0,270,50,0,2,1,1,1,"GSE96058"
34.1655716162944,0,210,46,0,2,1,1,0,"GSE96058"
33.7385019710907,0,150,82,0,2,1,1,0,"GSE96058"
33.7385019710907,0,210,51,0,2,1,1,0,"GSE96058"
33.4756898817346,0,150,77,1,2,1,1,0,"GSE96058"
32.9829172141919,0,150,48,0,2,1,1,0,"GSE96058"
33.6070959264126,0,170,73,0,2,1,1,0,"GSE96058"
32.7858081471748,0,190,47,0,2,1,1,0,"GSE96058"
32.9829172141919,0,120,76,0,2,1,1,0,"GSE96058"
32.3587385019711,0,70,47,1,2,1,1,0,"GSE96058"
32.2930354796321,0,170,38,1,3,1,1,0,"GSE96058"
32.227332457293,0,210,32,0,3,0,1,0,"GSE96058"
32.1287779237845,0,140,54,0,3,0,0,1,"GSE96058"
32.0630749014455,0,180,68,0,2,1,1,0,"GSE96058"
31.9973718791064,0,200,75,0,2,1,1,0,"GSE96058"
31.6688567674113,0,200,62,0,2,1,1,0,"GSE96058"
32.0630749014455,0,150,76,0,2,1,1,0,"GSE96058"
31.6031537450723,0,150,70,0,2,1,1,0,"GSE96058"
31.3731931668857,0,260,59,1,2,1,1,0,"GSE96058"
31.3074901445466,0,110,54,1,2,1,1,0,"GSE96058"
30.8147174770039,0,200,86,0,2,1,1,0,"GSE96058"
30.880420499343,0,120,77,0,2,1,1,0,"GSE96058"
31.1103810775296,0,240,34,1,3,1,0,1,"GSE96058"
30.6833114323259,0,180,46,1,2,1,1,0,"GSE96058"
30.3876478318003,0,160,67,0,3,1,0,0,"GSE96058"
31.1103810775296,0,340,57,0,2,1,1,0,"GSE96058"
30.2233902759527,0,10,53,1,3,0,0,0,"GSE96058"
30.2562417871222,0,200,61,0,2,1,1,0,"GSE96058"
29.9605781865966,0,190,65,0,2,1,0,0,"GSE96058"
30.2233902759527,0,100,49,0,2,1,1,0,"GSE96058"
29.3035479632063,0,70,39,1,3,0,0,0,"GSE96058"
28.3837056504599,0,190,45,0,2,1,1,0,"GSE96058"
29.796320630749,0,110,70,0,2,1,1,0,"GSE96058"
29.6977660972405,0,150,42,0,3,0,0,1,"GSE96058"
29.664914586071,0,140,60,0,3,1,1,0,"GSE96058"
29.5663600525624,0,140,55,0,2,1,1,0,"GSE96058"
29.1064388961892,0,220,67,0,2,1,1,0,"GSE96058"
29.7634691195795,0,120,56,0,3,0,0,0,"GSE96058"
29.0407358738502,0,180,68,1,2,1,1,0,"GSE96058"
29.0407358738502,0,250,53,1,2,1,1,0,"GSE96058"
29.0078843626807,0,160,68,0,2,1,1,0,"GSE96058"
29.1064388961892,0,160,48,0,2,1,1,0,"GSE96058"
30.880420499343,0,180,47,0,2,1,1,0,"GSE96058"
29.664914586071,0,170,60,0,2,1,1,0,"GSE96058"
29.0407358738502,0,500,61,1,2,1,1,0,"GSE96058"
28.8436268068331,0,140,50,0,2,1,1,0,"GSE96058"
28.7450722733246,0,500,79,0,2,1,0,0,"GSE96058"
28.580814717477,0,120,67,0,2,1,1,0,"GSE96058"
28.9421813403417,0,120,77,0,2,1,1,0,"GSE96058"
28.2851511169514,0,170,77,0,3,1,0,1,"GSE96058"
28.8107752956636,0,220,55,1,3,0,0,1,"GSE96058"
28.1208935611038,0,130,72,0,2,1,1,0,"GSE96058"
28.2851511169514,0,300,69,1,2,1,1,0,"GSE96058"
27.7266754270696,0,330,67,1,2,1,1,0,"GSE96058"
78.4494086727989,0,240,56,1,2,1,1,0,"GSE96058"
71.6491458607096,0,260,52,0,3,1,0,1,"GSE96058"
49.2772667542707,1,180,68,0,3,0,0,0,"GSE96058"
69.5795006570302,0,210,71,0,2,1,1,0,"GSE96058"
69.3166885676741,0,120,48,1,2,1,1,0,"GSE96058"
64.19185282523,0,320,47,1,2,1,1,0,"GSE96058"
59.4940867279895,0,210,42,0,2,1,1,0,"GSE96058"
54.1064388961892,0,220,70,1,2,0,0,0,"GSE96058"
31.1432325886991,0,70,60,0,3,1,0,1,"GSE96058"
40.6044678055191,0,140,68,0,3,1,1,0,"GSE96058"
36.6294349540079,0,140,71,0,3,1,1,0,"GSE96058"
27.4638633377135,0,160,67,1,3,1,0,0,"GSE96058"
28.1865965834428,0,200,43,0,3,0,1,0,"GSE96058"
78.2851511169514,0,500,73,1,3,0,0,0,"GSE96058"
78.2194480946123,0,330,57,0,2,1,1,0,"GSE96058"
69.5795006570302,0,320,57,0,3,1,0,0,"GSE96058"
68.9224704336399,0,120,46,0,2,1,1,0,"GSE96058"
62.7463863337713,1,200,63,0,3,0,0,0,"GSE96058"
66.7214191852825,0,140,62,0,2,1,1,0,"GSE96058"
66.7214191852825,0,190,78,1,3,0,0,0,"GSE96058"
63.8304862023653,0,90,64,0,2,0,0,0,"GSE96058"
62.5821287779238,0,210,59,0,3,0,0,0,"GSE96058"
61.6951379763469,0,110,64,0,2,1,0,0,"GSE96058"
61.4980289093298,0,400,68,1,2,1,1,0,"GSE96058"
61.2680683311432,0,130,70,0,2,1,1,0,"GSE96058"
61.1038107752957,0,190,61,0,3,0,0,0,"GSE96058"
59.6583442838371,0,110,48,0,2,1,1,0,"GSE96058"
59.3626806833114,0,200,43,1,2,1,1,0,"GSE96058"
59.0341655716163,0,200,60,1,2,1,1,0,"GSE96058"
58.9684625492773,0,250,50,0,3,0,0,0,"GSE96058"
12.2864651773982,1,330,89,1,3,0,0,0,"GSE96058"
56.2417871222076,0,200,54,0,2,1,1,0,"GSE96058"
55.0262812089356,0,280,50,1,3,1,1,0,"GSE96058"
51.3140604467806,0,340,82,0,2,0,0,0,"GSE96058"
50.6241787122208,0,110,71,0,2,1,1,0,"GSE96058"
49.2772667542707,0,210,63,0,2,1,1,0,"GSE96058"
49.3758212877792,0,280,47,0,2,1,1,0,"GSE96058"
32.7201051248357,0,170,42,0,2,1,1,0,"GSE96058"
50.8212877792378,1,100,74,1,2,1,1,0,"GSE96058"
61.5308804204993,0,80,65,0,2,1,0,0,"GSE96058"
61.7608409986859,0,100,66,0,2,1,1,0,"GSE96058"
61.0709592641261,0,460,46,0,2,1,1,0,"GSE96058"
60.9724047306176,0,180,44,1,3,0,1,0,"GSE96058"
59.8883048620237,0,200,76,1,3,1,1,1,"GSE96058"
59.6254927726675,0,140,62,1,3,1,0,0,"GSE96058"
59.2641261498029,0,160,51,1,2,1,1,0,"GSE96058"
57.8843626806833,0,300,80,0,3,1,1,1,"GSE96058"
57.5886990801577,0,180,76,0,2,1,1,0,"GSE96058"
57.5558475689882,0,100,62,0,2,1,1,0,"GSE96058"
55.7490144546649,0,200,68,0,2,1,1,0,"GSE96058"
54.1392904073587,0,250,85,0,2,1,1,0,"GSE96058"
50.0328515111695,0,230,62,0,2,1,1,0,"GSE96058"
46.7805519053876,0,220,70,1,2,1,1,0,"GSE96058"
35.4796320630749,0,200,70,0,3,1,1,0,"GSE96058"
32.9500657030223,0,150,43,0,2,1,1,0,"GSE96058"
31.8331143232589,0,200,47,0,3,1,1,0,"GSE96058"
29.796320630749,0,360,69,0,2,1,1,0,"GSE96058"
28.646517739816,0,80,86,0,2,1,1,0,"GSE96058"
75,0,300,42,0,2,1,1,0,"GSE96058"
67.6741130091984,0,220,42,0,3,1,0,0,"GSE96058"
67.904073587385,0,260,76,0,3,0,1,1,"GSE96058"
53.8764783180026,0,160,66,1,2,1,1,0,"GSE96058"
50.4599211563732,0,160,49,0,2,1,1,1,"GSE96058"
50.2628120893561,0,130,46,0,3,0,0,0,"GSE96058"
79.5006570302234,0,130,53,0,2,1,1,0,"GSE96058"
78.6793692509855,0,320,65,0,2,1,0,0,"GSE96058"
78.2194480946123,0,350,64,1,3,1,0,0,"GSE96058"
76.3797634691196,0,160,57,0,3,0,0,0,"GSE96058"
67.1813403416557,0,150,66,0,2,1,1,0,"GSE96058"
62.8120893561104,0,110,62,0,2,1,1,0,"GSE96058"
61.1038107752957,0,190,49,0,2,1,1,0,"GSE96058"
59.5597897503285,1,1260,81,1,2,1,1,0,"GSE96058"
17.5098554533509,1,700,82,1,3,0,0,1,"GSE96058"
61.2680683311432,0,190,78,0,2,1,1,0,"GSE96058"
57.7529566360053,0,200,76,0,2,1,1,0,"GSE96058"
53.8436268068331,0,90,77,0,2,1,1,1,"GSE96058"
51.084099868594,0,120,65,0,2,1,1,0,"GSE96058"
48.850197109067,0,140,67,0,2,1,1,0,"GSE96058"
42.4441524310118,0,210,52,1,3,1,1,1,"GSE96058"
81.2746386333771,0,160,66,0,3,0,0,0,"GSE96058"
80.6504599211564,0,230,69,0,2,1,0,0,"GSE96058"
25.7884362680683,1,320,63,1,3,0,0,0,"GSE96058"
78.9750328515112,0,220,69,1,3,1,1,0,"GSE96058"
29.9277266754271,0,220,39,0,3,1,1,1,"GSE96058"
76.5768725361367,0,230,33,0,3,1,1,1,"GSE96058"
75.9526938239159,0,250,82,0,2,1,1,0,"GSE96058"
42.4770039421813,1,120,74,0,2,1,1,0,"GSE96058"
69.1524310118265,0,700,47,0,3,0,0,0,"GSE96058"
47.3061760840999,1,220,41,0,3,1,1,1,"GSE96058"
64.0604467805519,0,130,52,0,2,1,1,0,"GSE96058"
64.4218134034166,0,200,68,0,2,1,1,0,"GSE96058"
63.042049934297,0,200,54,1,3,0,0,1,"GSE96058"
61.5308804204993,0,190,63,1,2,1,1,0,"GSE96058"
9.2969776609724,1,210,83,1,3,1,1,0,"GSE96058"
28.580814717477,1,250,65,1,2,1,1,0,"GSE96058"
16.0972404730618,1,190,75,1,2,1,0,0,"GSE96058"
49.3429697766097,0,120,33,0,3,0,0,1,"GSE96058"
48.3902759526938,0,910,76,0,2,1,0,0,"GSE96058"
46.8462549277267,0,100,79,1,2,1,1,0,"GSE96058"
40.5716162943495,0,180,75,0,3,0,0,0,"GSE96058"
155.946123521682,0,2,41,0,3,1,0,0,"NKI"
133.869908015769,0,1.3,49,0,2,1,0,0,"NKI"
121.64914586071,0,2,46,0,1,0,0,0,"NKI"
105.617608409987,0,2.8,48,0,3,0,0,0,"NKI"
123.521681997372,0,1.5,48,0,3,1,0,0,"NKI"
69.6452036793692,0,2.2,37,0,3,1,0,0,"NKI"
94.2838370565046,0,2.2,46,0,3,0,0,0,"NKI"
97.9960578186597,0,2.1,41,0,3,1,0,0,"NKI"
98.784494086728,0,1,48,0,1,1,0,0,"NKI"
94.3823915900131,0,1.7,48,0,2,1,0,0,"NKI"
62.3521681997372,0,1,41,0,2,1,0,0,"NKI"
106.011826544021,0,2,49,0,3,0,0,0,"NKI"
83.6399474375821,0,1.4,40,0,3,1,0,0,"NKI"
62.2207621550591,0,2,45,0,1,1,0,0,"NKI"
74.934296977661,0,1.5,40,0,3,0,0,0,"NKI"
136.662286465177,0,1.2,52,0,2,1,0,0,"NKI"
141.984231274639,0,4,54,0,2,1,0,0,"NKI"
152.628120893561,0,1.5,52,0,2,1,0,0,"NKI"
145.335085413929,0,3,54,0,2,1,0,0,"NKI"
122.667542706965,0,1.5,54,0,3,1,0,0,"NKI"
124.474375821288,0,1.5,54,0,3,1,0,0,"NKI"
121.287779237845,0,1,52,0,2,1,0,0,"NKI"
87.8777923784494,0,2.5,54,0,2,1,0,0,"NKI"
88.2391590013141,0,1.4,52,0,2,1,0,0,"NKI"
132.194480946124,0,2.5,46,0,3,1,0,0,"NKI"
81.6688567674113,0,2,53,0,3,1,0,0,"NKI"
81.5374507227332,0,2.6,54,0,3,1,0,0,"NKI"
65.6044678055191,0,1.2,54,0,1,1,0,0,"NKI"
70.6307490144547,0,2.2,54,0,3,1,0,0,"NKI"
62.1222076215506,0,1.5,53,0,3,0,0,0,"NKI"
13.0749014454665,1,2.5,37,0,3,1,0,0,"NKI"
12.3193166885677,1,3.2,30,0,3,0,0,0,"NKI"
58.8699080157687,1,3.5,41,0,3,1,0,0,"NKI"
56.3403416557162,1,1.4,30,0,2,1,0,0,"NKI"
27.5624178712221,1,2.5,28,0,3,0,0,0,"NKI"
13.4691195795007,1,3,38,0,3,1,0,0,"NKI"
55.5519053876478,1,3,44,0,3,1,0,0,"NKI"
58.7056504599212,1,1.6,45,0,3,1,0,0,"NKI"
32.161629434954,1,0.9,38,0,3,1,0,0,"NKI"
9.69119579500657,1,2.5,36,0,3,1,0,0,"NKI"
24.5729303547963,1,1.8,41,0,3,1,0,0,"NKI"
32.1287779237845,1,0.9,38,0,3,1,0,0,"NKI"
23.784494086728,1,3,48,0,3,0,0,0,"NKI"
36.3337713534823,1,3,39,0,2,1,0,0,"NKI"
25.7884362680683,1,2.7,50,0,3,1,0,0,"NKI"
26.5111695137976,1,2.8,52,0,3,0,0,0,"NKI"
25.5256241787122,1,3,52,0,2,0,0,0,"NKI"
44.2509855453351,1,2,54,0,3,1,0,0,"NKI"
27.6938239159001,1,1.4,53,0,3,1,0,0,"NKI"
39.4546649145861,1,1.5,50,0,3,1,0,0,"NKI"
59.4283837056505,1,3,42,0,3,0,0,0,"NKI"
22.0762155059133,1,0.5,34,0,2,0,0,0,"NKI"
23.0289093298292,1,1.5,35,0,3,0,0,0,"NKI"
30.5190538764783,1,0.2,38,0,3,1,0,0,"NKI"
10.676741130092,1,1.7,48,0,2,1,0,0,"NKI"
38.3377135348226,1,2,41,0,3,0,0,0,"NKI"
26.0183968462549,1,3.5,51,0,3,1,0,0,"NKI"
15.2431011826544,1,2.5,50,0,3,1,0,0,"NKI"
11.957950065703,1,1.2,47,0,2,0,0,0,"NKI"
149.047306176084,0,1.5,54,0,1,1,0,0,"NKI"
102.398160315374,0,1,54,0,1,1,0,0,"NKI"
63.6333771353482,0,1.5,51,1,3,1,0,0,"NKI"
62.7792378449409,0,1.7,47,0,2,1,0,0,"NKI"
119.678055190539,0,1,54,0,3,0,0,0,"NKI"
121.156373193167,0,1.3,42,0,2,1,0,0,"NKI"
177.792378449409,0,2.5,43,0,2,1,0,0,"NKI"
171.123521681997,0,2,48,0,3,1,0,0,"NKI"
79.73061760841,0,1.5,38,0,2,1,0,0,"NKI"
92.9697766097241,0,1.5,50,1,2,1,0,0,"NKI"
75.8212877792378,1,1.5,38,0,2,1,0,0,"NKI"
55.946123521682,1,1,42,1,1,1,0,0,"NKI"
104.862023653088,0,2.5,50,1,1,1,0,0,"NKI"
90.8015768725361,0,1.5,43,1,2,1,0,0,"NKI"
87.5492772667543,0,1.8,47,1,3,0,0,0,"NKI"
13.3705650459921,0,1.7,39,0,3,0,0,0,"NKI"
70.4007884362681,0,1.5,47,1,2,1,0,0,"NKI"
103.777923784494,0,1.8,32,0,1,1,0,0,"NKI"
83.9356110381078,1,1.2,38,1,3,1,0,0,"NKI"
111.957950065703,0,2,45,1,3,0,0,0,"NKI"
41.2614980289093,1,4,31,1,3,0,0,0,"NKI"
183.935611038108,0,1.8,41,1,1,1,0,0,"NKI"
41.688567674113,1,1.5,44,0,3,1,0,0,"NKI"
153.186596583443,0,4.5,41,0,3,1,0,0,"NKI"
66.6557161629435,0,1.8,46,0,1,1,0,0,"NKI"
16.8199737187911,1,3,33,0,3,0,0,0,"NKI"
181.603153745072,0,2,39,0,3,1,0,0,"NKI"
169.513797634691,0,3,38,0,3,0,0,0,"NKI"
65.8344283837056,0,1.9,48,1,2,1,0,0,"NKI"
43.8567674113009,1,3,47,1,3,1,0,0,"NKI"
19.3166885676741,1,1.7,38,1,2,0,0,0,"NKI"
220.072273324573,0,5,49,0,3,1,0,0,"NKI"
206.865965834428,0,3,44,1,2,0,0,0,"NKI"
11.5308804204993,1,2,36,1,2,1,0,0,"NKI"
168.134034165572,1,4,42,1,3,1,0,0,"NKI"
14.1261498028909,1,5,37,0,3,0,0,0,"NKI"
181.241787122208,0,1.5,40,0,1,1,0,0,"NKI"
11.1695137976347,1,4,49,0,3,1,0,0,"NKI"
211.892247043364,0,2.1,42,1,3,1,0,0,"NKI"
94.4809461235217,0,3,45,1,1,1,0,0,"NKI"
33.7385019710907,1,2.8,49,1,3,0,0,0,"NKI"
53.3508541392904,1,2,44,1,2,1,0,0,"NKI"
193.758212877792,0,4,32,1,1,1,0,0,"NKI"
97.5361366622865,1,4,46,1,1,1,0,0,"NKI"
183.738501971091,0,3,50,1,3,1,0,0,"NKI"
189.816031537451,0,1.5,38,1,3,1,0,0,"NKI"
67.9697766097241,0,3,50,0,3,0,0,0,"NKI"
125.295663600526,1,1.5,39,0,3,1,0,0,"NKI"
19.3495400788436,1,3.5,43,1,3,1,0,0,"NKI"
183.869908015769,0,1.5,44,0,1,1,0,0,"NKI"
178.613666228647,0,2.5,40,1,2,1,0,0,"NKI"
160.183968462549,0,2.5,42,1,1,1,0,0,"NKI"
16.6557161629435,1,3,46,1,3,1,0,0,"NKI"
164.980289093298,0,2,41,1,3,1,0,0,"NKI"
91.1300919842313,1,1.5,48,0,2,0,0,0,"NKI"
150.854139290407,0,5,46,1,2,1,0,0,"NKI"
107.095926412615,1,2.5,48,1,3,0,0,0,"NKI"
158.0814717477,0,3,48,1,2,1,0,0,"NKI"
153.153745072273,0,3,40,0,3,0,0,0,"NKI"
31.3731931668857,1,4.5,36,1,3,1,0,0,"NKI"
129.796320630749,0,2,35,0,3,0,0,0,"NKI"
135.80814717477,0,1.1,43,1,1,1,0,0,"NKI"
142.312746386334,0,2.2,42,0,1,1,0,0,"NKI"
14.5203679369251,1,2.3,44,1,3,0,0,0,"NKI"
64.0604467805519,0,2,42,0,2,1,0,0,"NKI"
140.867279894875,0,2.4,47,1,2,0,0,0,"NKI"
150.032851511169,0,2,40,1,2,1,0,0,"NKI"
135.15111695138,0,1.5,41,1,1,1,0,0,"NKI"
144.875164257556,0,2.5,39,0,2,1,0,0,"NKI"
89.388961892247,0,2,48,1,1,1,0,0,"NKI"
152.825229960578,0,4.5,34,0,3,1,0,0,"NKI"
32.3587385019711,1,2,41,1,2,1,0,0,"NKI"
141.984231274639,0,0.8,50,0,1,1,0,0,"NKI"
149.572930354796,1,1.2,45,1,2,1,0,0,"NKI"
24.6057818659658,0,2,45,1,2,0,0,0,"NKI"
134.329829172142,0,2.5,47,1,1,1,0,0,"NKI"
132.555847568988,0,1,37,1,1,0,0,0,"NKI"
112.056504599212,0,2,43,1,2,1,0,0,"NKI"
130.880420499343,0,1.5,39,0,3,1,0,0,"NKI"
129.204993429698,0,2,43,1,2,1,0,0,"NKI"
134.395532194481,0,2.5,33,0,3,1,0,0,"NKI"
40.53876478318,1,3.9,47,0,3,0,0,0,"NKI"
132.42444152431,0,2.3,49,1,3,1,0,0,"NKI"
121.64914586071,0,1.5,50,0,3,1,0,0,"NKI"
115.834428383706,0,3.5,44,0,1,1,0,0,"NKI"
128.088042049934,0,3,45,1,3,1,0,0,"NKI"
78.7779237844941,1,2.5,41,1,1,1,0,0,"NKI"
134.42838370565,0,3,50,1,1,1,0,0,"NKI"
145.729303547963,0,2,42,0,2,0,0,0,"NKI"
23.6859395532194,1,1.5,49,1,3,1,0,0,"NKI"
89.7174770039422,1,2,41,0,1,1,0,0,"NKI"
124.211563731932,0,2.7,49,0,3,0,0,0,"NKI"
20.5978975032852,1,2.5,43,1,3,0,0,0,"NKI"
28.0880420499343,1,2.5,38,1,3,1,0,0,"NKI"
117.969776609724,0,1.5,46,0,1,1,0,0,"NKI"
123.915900131406,0,2,42,1,1,1,0,0,"NKI"
124.507227332457,0,1.9,45,0,2,1,0,0,"NKI"
27.0367936925099,1,1.5,34,0,3,0,0,0,"NKI"
120.23653088042,0,2,44,0,1,1,0,0,"NKI"
31.9316688567674,0,1,49,0,3,0,0,0,"NKI"
40.2759526938239,1,2,39,0,3,1,0,0,"NKI"
14.6846254927727,1,3.5,39,0,3,0,0,0,"NKI"
19.4152431011827,1,3,45,0,3,1,0,0,"NKI"
3.25229960578187,1,2,28,0,3,0,0,0,"NKI"
42.969776609724,1,3,43,0,2,1,0,0,"NKI"
169.448094612352,0,2.5,42,0,1,1,0,0,"NKI"
78.1865965834428,0,1.7,47,0,1,1,0,0,"NKI"
29.796320630749,0,2,49,1,3,0,0,0,"NKI"
13.8304862023653,1,2.5,50,0,3,0,0,0,"NKI"
22.1419185282523,1,2.6,42,0,3,0,0,0,"NKI"
97.1090670170828,0,1,40,0,1,1,0,0,"NKI"
49.1458607095926,1,4,47,0,3,1,0,0,"NKI"
24.0473061760841,1,2.5,41,0,3,0,0,0,"NKI"
119.776609724047,0,1.5,44,1,2,1,0,0,"NKI"
138.53482260184,0,3.5,48,1,3,1,0,0,"NKI"
50.1314060446781,0,1.4,35,0,3,0,0,0,"NKI"
67.6412614980289,0,2,50,1,2,1,0,0,"NKI"
59.1984231274639,0,1.5,40,0,3,0,0,0,"NKI"
63.7976346911958,0,1.2,44,1,2,1,0,0,"NKI"
66.8199737187911,0,1.5,39,0,1,1,0,0,"NKI"
112.877792378449,0,1.6,49,0,3,1,0,0,"NKI"
109.46123521682,1,1.8,46,0,3,1,0,0,"NKI"
55.0591327201051,1,2.7,37,0,3,1,0,0,"NKI"
107.851511169514,1,4,49,1,1,1,0,0,"NKI"
27.5624178712221,1,2.5,32,1,3,0,0,0,"NKI"
61.3994743758213,1,2,43,1,2,1,0,0,"NKI"
66.1957950065703,1,1.3,42,0,1,1,0,0,"NKI"
99.6386333771353,1,1.8,42,1,2,1,0,0,"NKI"
103.120893561104,0,0.7,50,1,1,1,0,0,"NKI"
26.6754270696452,1,2.9,39,1,3,1,0,0,"NKI"
87.0236530880421,0,2.1,42,1,2,1,0,0,"NKI"
81.4717477003942,0,4.5,41,1,3,0,0,0,"NKI"
84.1327201051248,0,1.1,43,0,1,1,0,0,"NKI"
83.1471747700394,0,2.5,49,1,3,1,0,0,"NKI"
85.0525624178712,0,3.5,38,0,3,0,0,0,"NKI"
11.2352168199737,1,3.5,38,1,3,0,0,0,"NKI"
3.0880420499343,0,3.4,50,0,3,0,0,0,"NKI"
84.2641261498029,0,1,42,0,1,1,0,0,"NKI"
87.0236530880421,0,1.8,43,1,3,1,0,0,"NKI"
83.9684625492773,0,2,50,1,2,1,0,0,"NKI"
71.0906701708278,0,1.3,49,0,1,1,0,0,"NKI"
0.657030223390276,0,5,49,1,2,1,0,0,"NKI"
7.78580814717477,1,3.5,37,1,3,0,0,0,"NKI"
61.3666228646518,0,1.2,37,1,1,1,0,0,"NKI"
63.7319316688568,0,3.5,49,0,2,1,0,0,"NKI"
0.295663600525624,0,0.9,48,1,1,1,0,0,"NKI"
88.0749014454665,0,2,48,1,2,1,0,0,"NKI"
68.9224704336399,0,1.8,48,1,1,1,0,0,"NKI"
63.8961892247043,0,2.2,49,1,3,1,0,0,"NKI"
46.9776609724047,1,4,45,1,2,1,0,0,"NKI"
69.2509855453351,0,2.5,43,0,2,1,0,0,"NKI"
59.3298291721419,0,1.5,41,0,2,1,0,0,"NKI"
72.7989487516426,0,4.2,44,1,2,1,0,0,"NKI"
4.23784494086728,1,2.5,35,1,3,1,0,0,"NKI"
59.6583442838371,0,1.5,49,1,1,1,0,0,"NKI"
139.816031537451,0,1.2,39,1,2,1,0,0,"NKI"
100.394218134034,0,1,48,0,1,1,0,0,"NKI"
75.7555847568988,0,1.8,46,1,1,1,0,0,"NKI"
73.718791064389,0,3.5,49,1,2,1,0,0,"NKI"
66.6557161629435,0,2.1,48,0,1,1,0,0,"NKI"
3.90932982917214,0,2.3,46,0,3,1,0,0,"NKI"
115.144546649146,0,3,37,1,2,1,0,0,"NKI"
113.469119579501,0,3.5,50,1,1,1,0,0,"NKI"
34.2312746386334,1,1.3,35,1,2,1,0,0,"NKI"
111.957950065703,0,2,47,1,1,1,0,0,"NKI"
21.3863337713535,0,2.4,47,0,3,1,0,0,"NKI"
110.315374507227,0,2.5,43,1,2,1,0,0,"NKI"
80.5190538764783,1,1.5,40,0,1,1,0,0,"NKI"
114.586070959264,0,3,40,0,1,1,0,0,"NKI"
122.404730617608,0,2,43,0,2,1,0,0,"NKI"
23.5873850197109,1,3,44,1,3,0,0,0,"NKI"
111.859395532194,0,2,41,1,2,1,0,0,"NKI"
102.72667542707,1,2.2,43,1,2,1,0,0,"NKI"
31.8659658344284,0,1.5,45,1,3,0,0,0,"NKI"
50.6241787122208,1,3.5,42,1,2,1,0,0,"NKI"
109.231274638633,0,2.8,47,0,2,1,0,0,"NKI"
72.6675427069645,1,1.7,40,0,2,1,0,0,"NKI"
38.6333771353482,1,2,39,1,2,1,0,0,"NKI"
98.8830486202365,0,1.5,40,1,1,1,0,0,"NKI"
25.6570302233903,1,1.5,43,0,2,1,0,0,"NKI"
28.0223390275953,1,1.5,37,1,1,1,0,0,"NKI"
76.4454664914586,1,3,48,0,3,1,0,0,"NKI"
118.725361366623,0,1.5,44,1,3,1,0,0,"NKI"
18.0026281208936,1,3,39,1,2,1,0,0,"NKI"
80.4533508541393,0,2.5,45,1,2,1,0,0,"NKI"
105.617608409987,0,2.5,41,0,1,1,0,0,"NKI"
106.307490144547,0,4,46,1,3,0,0,0,"NKI"
106.241787122208,0,1.8,42,1,1,1,0,0,"NKI"
99.5729303547963,0,2.8,39,0,3,0,0,0,"NKI"
55.4533508541393,1,2,49,1,2,1,0,0,"NKI"
66.9185282522996,0,1.8,41,1,1,1,0,0,"NKI"
25.5584756898817,0,2.2,49,0,1,1,0,0,"NKI"
62.3850197109067,0,1.5,26,1,3,0,0,0,"NKI"
25.8869908015769,1,1.7,48,0,1,1,0,0,"NKI"
95.8935611038108,0,2.1,49,1,3,0,0,0,"NKI"
101.938239159001,0,2.1,44,0,3,0,0,0,"NKI"
92.3127463863338,0,2.2,36,1,2,1,0,0,"NKI"
89.7174770039422,0,4.2,48,1,3,0,0,0,"NKI"
88.8961892247043,0,0.7,47,0,1,1,0,0,"NKI"
25.0328515111695,0,1.8,29,1,1,1,0,0,"NKI"
76.1169513797635,0,1.8,49,0,3,0,0,0,"NKI"
199.080157687254,0,2,45,0,2,1,0,0,"NKI"
37.4507227332457,1,2.2,43,1,2,1,0,0,"NKI"
20.7950065703022,1,3,45,1,2,0,0,0,"NKI"
184.198423127464,0,2,45,0,2,1,0,0,"NKI"
79.3035479632063,0,1.5,45,1,1,1,0,0,"NKI"
82.4901445466491,0,1.3,44,0,1,0,0,0,"NKI"
83.9356110381078,0,2.5,47,1,2,1,0,0,"NKI"
85.4467805519054,0,2.8,49,1,2,1,0,0,"NKI"
56.6360052562418,0,1.7,41,1,1,1,0,0,"NKI"
74.0473061760841,0,1.7,50,0,2,1,0,0,"NKI"
77.5624178712221,0,3.7,45,0,2,1,0,0,"NKI"
39.4218134034166,0,1.5,46,1,1,0,0,0,"NKI"
78.3180026281209,0,1.4,41,1,3,1,0,0,"NKI"
69.7109067017083,0,2.2,43,0,2,1,0,0,"NKI"
58.1143232588699,0,1.4,36,1,2,1,0,0,"NKI"
73.915900131406,0,3.2,47,0,3,1,0,0,"NKI"
72.5361366622865,0,1.4,50,0,2,1,0,0,"NKI"
74.5729303547963,0,1.6,49,0,1,1,0,0,"NKI"
69.8751642575558,0,1.2,38,1,1,1,0,0,"NKI"
74.8685939553219,0,0.7,45,0,1,1,0,0,"NKI"
72.2076215505913,0,2,49,1,2,1,0,0,"NKI"
66.5900131406045,0,3.5,49,1,1,1,0,0,"NKI"
64.1590013140604,0,1.8,42,1,1,1,0,0,"NKI"
63.107752956636,0,2.5,46,1,3,1,0,0,"NKI"
59.6583442838371,1,3.7,42,1,2,1,0,0,"NKI"
216.951379763469,0,1.9,49,0,2,0,0,0,"NKI"
209.822601839685,0,1.8,51,0,2,1,0,0,"NKI"
205.814717477004,0,1.5,50,0,2,1,0,0,"NKI"
6.86596583442838,1,3,49,0,2,1,0,0,"NKI"
114.816031537451,1,3,33,0,2,1,0,0,"NKI"
39.0932982917214,1,2,39,0,2,0,0,0,"NKI"
119.973718791064,1,1.8,51,1,1,1,0,0,"NKI"
23.6202365308804,1,2,51,0,2,1,0,0,"NKI"
93.2654402102497,0,2.3,51,1,2,1,0,0,"NKI"
32.161629434954,1,1.5,52,1,1,1,0,0,"NKI"
209.034165571616,0,3,52,1,3,1,0,0,"NKI"
102.332457293035,1,2,52,1,3,0,0,0,"NKI"
167.017082785808,0,3,52,1,3,1,0,0,"NKI"
166.360052562418,0,3,52,0,1,1,0,0,"NKI"
152.858081471748,0,1.5,52,0,2,1,0,0,"NKI"
93.2654402102497,0,3,52,1,2,1,0,0,"NKI"
132.982917214192,0,1.5,52,1,2,1,0,0,"NKI"
23.3574244415243,1,3,53,1,3,1,0,0,"NKI"
98.5545335085414,0,2,52,1,2,1,0,0,"NKI"
86.6951379763469,0,1.5,52,0,2,1,0,0,"NKI"
41.0315374507227,1,2.5,51,1,3,1,0,0,"NKI"
81.6360052562418,0,0.7,51,1,1,1,0,0,"NKI"
42.1156373193167,0,2.7,51,0,2,1,0,0,"NKI"
74.0473061760841,0,1.3,51,1,2,1,0,0,"NKI"
66.8856767411301,0,1.7,51,1,1,1,0,0,"NKI"
68.4954007884363,0,1.7,51,0,2,1,0,0,"NKI"
134.526938239159,1,2.5,51,1,2,1,0,0,"NKI"
122.766097240473,0,2.5,51,1,3,0,0,0,"NKI"
57.1944809461235,1,2.7,51,0,2,1,0,0,"NKI"
101.084099868594,0,2.5,34,0,3,0,0,0,"NKI"
18.3311432325887,1,2.2,41,0,2,1,0,0,"NKI"
88.5348226018397,0,1.5,47,0,1,0,0,0,"NKI"
81.0446780551905,0,3,47,1,1,1,0,0,"NKI"
90.8344283837056,0,1.7,39,1,1,1,0,0,"NKI"
